City,Ratings,Ideal_duration,Image_URL,City_desc,Category
Manali,5.0,4-Feb,https://www.oyorooms.com/travel-guide/wp-content/uploads/2019/11/Top-4-Indian-skiing-destinations-Solang.webp,"one of the most popular hill station in himachal, manali offer the most magnific view of the pir panjal and the dhauladhar rang cover with snow for most part of the year. , , with the covid-19 pandem go on, manali ha evolv to be a place love by young peopl look for longer stay for workation. with ambient cafes, good wifi availability, small eateri and conveni shops, old manali is among the favorit neighbourhood for such people. there are mani homestay and hostel offer dorm bed for cheap for longer durations. manali ha mani trek option around it, make it a great base for explor thi side of himalayas. river bea provid great raft option in the nearbi town of kullu. adjoin parvati river, lie the parvati valley with kasol, manikaran, tosh and small villag attract travel for longer stays. atal tunnel now allow travel to reach sissu within a few hour make spiti way more accessible. it snow the most in the month of januari & februari follow by decemb and march. if your veri lucky, you might find some snow in april. tourist flock to rohtang pass & solang valley for variou adventur activ includ skiing, paragliding, horse-rid & zorbing. rohtang pass is almost alway cover with snow and can often get overcrowd and see traffic jams.",Hill Station
Leh Ladakh,4.6,7-May,https://hotelpadmaling.com/wp-content/uploads/2024/04/explore-ladakh.jpg,"ladakh is a union territori in the kashmir region of india. formerli fall in the state of jammu & kashmir, ladakh wa administ a union territori on 31st octob 2019. extend from the siachen glacier to the main great himalayas, ladakh is a land like no other. domin by dramat landscapes, ladakh is known as the world coldest desert., , stun gompa (tibetan buddhist monasteries), flutter prayer flags, whitewash stupas, ladakh is a riot of intric mural and red-rob monks. it is said that onli in ladakh can a man sit in the sun with hi feet in the shade suffer from sunstrok and frostbit at the same time. with a cultur similar to tibetan culture, the peopl of ladakh are friendli and welcom to tourists.ladakh is an adventur playground for raft and high-altitud trekking. note that leh ladakh is inaccess by road outsid the summer months. the rout pass close altogeth from around octob to may, and the onli way to reach is by air. chadar trek on frozen zanskar river take place in januari to the end of february.for those of us live in the constant confus about the differ between these twin locations, leh-ladakh, here is someth that might help you. ladakh is divid into two districts: district leh and district kargil. the former district ha a famou town, leh, and is a great tourist attract becaus of it beauti monasteri nearby, shanti stupa, cafe and leh bazaar defin the place culture.",Adventure
Coorg,4.2,3-Feb,https://dynamic-media-cdn.tripadvisor.com/media/photo-o/2e/df/42/5d/the-tamara-coorg.jpg?w=900&h=500&s=1,"locat amidst impos mountain in karnataka with a perpetu misti landscape, coorg is a popular coffe produc hill station. it is popular for it beauti green hill and the stream cut right through them. it also stand as a popular destin becaus of it cultur and people. the kodavas, a local clan special in martial arts, are especi notabl for their keen hospitality., , coorg, offici known as kodagu, is the most affluent hill station in karnataka. it is well known for it breathtakingli exot sceneri and lush greenery. forest cover hills, spice and coffe plantat onli add to the landscape. madikeri is the region centr point with all transport for get around start from here. on a visit to coorg, cover the beauti town like virajpet, kushalnagar, gonikoppal, pollibetta, and somwarpet, and experi the beauti concept of homestays to make your experi more memorable!",Hill Station
Andaman,4.5,6-Apr,https://www.indiantempletour.com/wp-content/uploads/2022/08/Andaman-and-Nicobar-Islands-Package-1.jpg,"replet with turquois blue water beach and a bit of history, andaman & nicobar island is a littl slice of paradis tuck around 1,400 km away from the east coast of mainland india. port blair, the capit of thi union territory, ha a major airport and seaport connect with the rest of the countri and with variou tourist island via multipl daili ferries. havelock and neil island are popular among tourist for their white sandi beach and excel dive options., , andaman & nicobar island compris 572 islands, onli 37 of which are inhabited, and a few are open to tourists. havelock island is one of the largest and the most popular island of all andaman & nicobar islands. travel typic enter from port blair via flight or ship and spend multipl night in havelock and neil island that offer some great resorts.port blair is gener use as a base citi to catch ferri to nearbi islands. however, tourist also spend a day or two here to explor the town and nearbi beaches. peopl also take day trip to ross island and north bay island or baratang and jolli buoy island from port blair.andaman have the most exot beach and some of them also give the opportun of tri out a number of water sport such as scuba diving, snorkeling, sea walk etc. north bay island near port blair, eleph beach in havelock island and bharatpur beach in neil island are three popular beach to tri out watersports.",Beach
Lakshadweep,4.0,6-Apr,https://s7ap1.scene7.com/is/image/incredibleindia/thinnakara-kavaratti-lakshwadeep-1-musthead-hero?qlt=82&ts=1727011585498,"formerli known as laccad islands, lakshadweep translat to one hundr thousand islands in malayalam. home to a few of the most beauti and exot island and beach of india, lakshadweep lie 400km off the southwest coast of the arabian sea. the smallest union territori of india ha onli 36 island have a total area of 32 sq. kilometres. it made up of 12 atolls, 3 reef and 5 submerg bank out of which ten island are inhabited. , , lakshadweep is typic access from kochi (kerala) and a permit is requir to visit lakshadweep for all tourist (includ indians). after permit, indian are permit to visit all islands, however, even after permit, foreign are permit to just visit agatti, bangaram and kadmat islands. permit can be obtain from kochi itself.perhap the charm of lakshadweep island lie in their remoteness. far off the beaten track, they attract no hord of merrymak to their shores. the islands, though all equal mystic and beautiful, each offer a uniqu blend of tourist spots. some island have been promot for dive and water sports, still, other have been develop so that peopl enjoy the charm of relaxation.",Beach
Goa,4.5,7-Mar,https://www.hindustantimes.com/ht-img/img/2025/04/28/1600x900/Goa_in_Summer_1_11zon_1745838116216_1745838124012.jpg,"lie on the western coast, goa is india smallest state and unlik ani other, known for it endless beaches, stellar nightlife, eclect seafood, world-heritag list architecture. spread across just 3,702 km, goa lie in the konkan region. it is a far cri from the hippi haven or a beach getaway, and one of the onli few destin that is open 24x7. the laid-back (susegad) of goa attract as mani intern tourist as it doe indians, or even more so., , the goan are quit friendli toward tourist and celebr mani festiv throughout the year, the most famou be the new year and goa carnival. while the seafood is excellent, goa ha one of the best nightlif in india with trendi bars, beach shacks, eleg cafe and mani club and discotheques. thank to lower alcohol price in the state, goa is also great for younger tourist with rel tighter pockets.for those of us perpetu confus between north goa and south goa, thi might help - the state of goa is divid into north goa and south goa. while north goa is the nightlif hub where all the touristi beaches, flea markets, and beach shack are located, south goa is the land of luxuri resort and laid-back beach vibes. have been a portugues territori for almost 450 years, the portugues architectur is nowher as preval as in goa - visit one of the mani whitewash churches, crumbl fort or spectacular churches. the yellow hous with purpl doors, ochr colour mansion and oyest shell window is what complet the kalieodscop of goan architecture. panjim, the capit citi locat in the centr overlook the calm mandovi river where the famou float casino of goa are docked. the centr is well-connect with an intern airport and road and train run from north to south part of goa. with a coastlin stretch for over 100 kilometres, goa ha stun beaches. while baga and calangut are more popular among the indian famili crowd, anjuna and arambol draw a lot of foreign tourists. the beach in south goa are rel lesser explored, but some of them like agonda and palolem are more beautiful.",Beach
Udaipur,4.3,3-Feb,https://s7ap1.scene7.com/is/image/incredibleindia/lake-pichola-udaipur-rajasthan-2-attr-hero?qlt=82&ts=1727353271225,"udaipur, also known as the citi of lakes, is one of the most visit tourist place in rajasthan. locat around stun water lake and envelop by the arav hill in all directions, udaipur is known for it azur lakes, magnific palaces, vibrant cultur and delect food. along with be a must-visit destination, it is also one of the best place to experi luxuri in india. , , boat through the shimmer lake pichola is one of the most beauti sight and highlight of everi udaipur trip. also known as the venic of the east, udaipur is inargu one of the most romant citi in india. visit it larger than life have and monuments, stroll through the bustl street markets, ride through one of the seven lake of the citi or relax in one of the extraordinari hotels, and you will discov the charm of udaipur. lake pichola, jaisamand lake, citi palace, monsoon palace, jagmandir, fateh sagar lake, jagdish templ and saheliyon ki baari are some of the popular tourist place in udaipur. the citi wa found in 1559 by maharana udai singh ii as the new capit of the mewar kingdom. the grandeur of the rajput era is still preval in the city architecture. a trip to udaipur is often combin with a visit to nearbi kumbhalgarh (80km) and mount abu. the rever nathdwara templ is about 60 km from udaipur.",Hill Station
Srinagar,4.5,5-Mar,https://upload.wikimedia.org/wikipedia/commons/a/a8/Houseboats%2C_Dal_Lake%2C_Kashmir.jpg,"famous known as heaven on earth, srinagar is locat in the union territori of jammu & kashmir, on the bank of river jhelum. srinagar is known for the stationari houseboat and gondola-typ rowboats- shikara on dal lake. adorn with tranquil dal lake & nigeen lake, srinagar is the dream destin for honeymoon and famili holidays., , the tourist use shikara to see attract like the float veget market and the mir bahri – a live commun of peopl who live on the lake itself. in addition, there are a lot of houseboat that provid a beauti and uniqu stay experi on the lake. srinagar is home to some of india most exquisit mughal-ag gardens, with the top attract be nishat bagh, shalimar bagh and chashm-e-shahi garden. it is also home to asia largest tulip garden.kashmiri cuisin or wazwan is famou all over the globe. so when in srinagar, tri out the local dishes, which are rich in uniqu fragrant spices, is a must. srinagar is also famou for the kashmiri shawls, kashmiri apples, and dri fruit (almond and walnuts) from the lal chowk market.heavi snowfal affect the connect of srinagar dure the winter month of decemb to february. commun tension also lead to frequent curfew in some part of the city; however, thing have improv in the past few years. so, make sure to check the situat befor visiting.",Hill Station
Gangtok,4.4,4-Feb,https://s7ap1.scene7.com/is/image/incredibleindia/tsomgo-lake-gangtok-sikkim-2-attr-hero?qlt=82&ts=1727355185446,"incred alluring, pleasantli boister and wreath in cloud - gangtok, the capit of sikkim, is one of the most popular hill station in india. lie at the height of 1650 m abov sea level, the town dure it bright sunni day offer spectacular view of mt. kanchenjunga. gangtok is a base for adventur enthusiast compris of trekker and camper to the himalayan mountain ranges. dure the month of march to mid-may, bloom of wild rhododendron transform the surround region in vast field of colour carpets., , it name mean hill-top, gangtok can be safe said to be one of the most beauti hill station in the country. with everyth in just the right amount from a blend of cultur ident to urbanisation, gangtok is a breath and dynam bit of paradis of the northeast. gangtok and it surround region are abund in natur beauti and have variou natur attract such as the tsomgo lake, ban jhakri falls, tashi viewpoint and more. other place to visit includ mani famou religi site such as the enchey monastery, ganesh tok, do drul chorten rumtek monastery, etc. also, river teesta is one of the best spot for white water raft in north east india.",Hill Station
Munnar,4.5,3-Feb,https://upload.wikimedia.org/wikipedia/commons/thumb/4/49/Munnar_hill_station_.JPG/1200px-Munnar_hill_station_.JPG,"popular among honeymooners, munnar is a hill station in kerala, locat in the idukki district. lie in the western ghat at 1600 metres, it is one of the most sought after and visit travel destin globally, especi popular amongst honeymooners. munnar is famou for it tea estates, greenery, blanket of mist form natural-view points., , munnar is divid into old munnar, where the tourist inform offic is, and munnar, where the bu station and most guest hous are located. the eravikulam nation park, salim ali bird sanctuari and tea plantat are it major attractions. munnar is also famou for be home to the rare neelakurinji flower that bloom onc in 12 year (the next bloom is in 2030) and the endang nilgiri tahr.onc the summer resort of the erstwhil british government, the main reason to visit munnar is to explor the tea plantat that look like a blanket of green spread all over. it is also an ideal place for trekking, camping, paraglid and boating. munnar is often visit along with alleppey and thekkady, the two most popular tourist attract in kerala.munnar is a haven for shop for tea and spices. cardamom, ginger, cinnamon, clove, nutmeg, coffe and a varieti of homemad chocol can be bought from the number of shop spread across the hill town.",Hill Station
Varkala,4.5,2-Jan,https://www.holidify.com/images/bgImages/VARKALA.jpg,"varkala is a coastal town in the southern part of kerala known for the uniqu 15m high northern cliff adjac to the arabian sea. it is popular for it hippi culture, shack on the cliff serv great seafood and play global music and the samadhi of kerala saint sree narayana guru. varkala is also known for jardana swami temple, also known as dakshin kashi., , varkala ha some of the best pristin beaches, hills, lakes, forts, lighthouses, natur fisheri and spring - all of thi togeth make thi town a littl paradise. you will also find a lot of shop with signboard in hebrew sell yoga mats, oxidis silver jewelleri and harem pant made of cotton. ayurved spas, afford resorts, hostels, clean beach make it a must-visit citi of kerala.",Hill Station
Mcleodganj,4.4,3-Feb,https://www.laurewanders.com/wp-content/uploads/2023/03/Places-to-visit-in-McLeodGanj.jpg,"mcleodganj is a hill station near dharamshala, popular among trekkers. locat in kangra district, mcleodganj cultur is a beauti blend of tibetan with some british influence., , also known as littl lhasa and famou around the world for be home to the tibetan spiritu leader dalai lama, mcleod ganj is a beauti town situat near upper dharamsala. nestl amidst majest hill and lush greenery, thi town is cultur bless by a promin tibetan influenc owe to the major settlement of tibetan here. mcleodganj ha one of the most mesmeris landscap in the entir state of himach pradesh and attract a lot of tourist throughout the year. the town of dharamsala, mcleodganj, bhagsu nag and kangra are situat veri close to each other and tourist must cover all these destin while travel here. few of the most emin and religi signific monasteri in india are locat here, includ the namgyal monasteri and tsuglagkhang, where the spiritu leader dalai lama resides. tourist must also visit the scenic dal lake and triund, which are apt for quiet picnics.",Hill Station
Rishikesh,4.3,3-Feb,https://s7ap1.scene7.com/is/image/incredibleindia/1-triveni-ghat-rishikesh-uttarakhand-2-city-hero?qlt=82&ts=1726646286991,"locat in the foothil of the himalaya along the converg of ganga and chandrabhaga river, rishikesh is a small town in the dehradun district, locat close to haridwar in uttarakhand. rishikesh (also call as hrishikesh) is known for it adventur activities, ancient temples, popular cafe and as the yoga capit of the world. gateway to garhwal himalayas, rishikesh is also a pilgrimag town and one of the holiest place for hindus., , rishikesh becam known worldwid in the 1960 after the beatl visit the ashram of maharishi mahesh yogi here. today, the place is popular as the beatl ashram which beckon tourist globally. the tranquil town ha long been a spiritu centr but is equal popular for the whitewat rafting, bunge jumping, mountain bike and camp along the fast-flow holi ganges. it also serv as the gateway to mani himalayan treks.a it lie on the holi bank of river ganga, rishikesh ha been a hub of sadhu (saints) with numer ashram teach spirituality, yoga, medit and ayurveda spring up. sinc it is a religi town, non-vegetarian food and alcohol are strictli prohibit here. rishikesh see the most beauti even aarti on the bank of the river ganga, which is not too crowd unlik it contemporari in varanasi, and haridwar. the intern yoga festiv is organis here in the first week of march which see yoga enthusiast from all over the globe.rishikesh is divid into two main area - the downtown area known as rishikesh town which is where the popular triveni ghat is situated. 2 km upstream from the popular ram jhula and lakshman jhula is the other side of rishikesh where most of the popular ashrams, cafes, accommod and tourist can be found. haridwar and rishikesh are the first indian citi to be given the titl of twin nation heritag cities.",Hill Station
Alleppey,4.5,2-Jan,https://upload.wikimedia.org/wikipedia/commons/e/e4/Alappuzha_Boat_Beauty_W.jpg,"offici call alappuzha, alleppey is the picture-perfect place known for it beauti backwat and the houseboat offer overnight stays. the coastlin of alleppey offer some of the best beach in kerala with water sport dure the dri season. , , alleppey is locat close to kochi in the south indian state of kerala. it palm-fring inter-connect network of canal backwat attract a lot of tourist from all over the world. coupl with other beauti place in kerala like munnar and thekkady, alleppey is often consid for a honeymoon or for a great famili vacation. there are plenti of houseboats, homestays, and rejuven ayurved resort that make stay in alleppey brilliant. the houseboat pass through the seren backwaters, where you can catch glimps of green paddi fields, choir-mak activities, and wit the life of local in kerala.b sure to catch a tradit snake boat race in the month of august and septemb and tri out some toddi (palm wine) at a local toddi shop for ad a touch of authent to your travel experi in allepey.",Beach
Darjeeling,4.3,3-Feb,https://s7ap1.scene7.com/is/image/incredibleindia/happy-valley-tea-estate-darjeeling-west%20bengal-1-hero?qlt=82&ts=1726643578177,"the previou summer capit of india under the british raj, darjeel ha come off age as one of the most sought after hill station in india. locat in west bengal, thi scenic hill station is the perfect getaway for a romant honeymoon. nestl amidst acr of tea plantations, darjeel stand at the height of 2,050 meter abov sea level, thu boast a cool climat all year round., , the toy train establish back in 1881 is confer the titl of world heritag statu by unesco. the train begin it journey from the plain and rise to over 2000 metr abov sea level, offer breathtak view of the mountain as it chug along.ov 86 tea estat in darjeel are respons for produc the worldwid famou darjeel tea. have a cup of local brew chai at the tea estate, or get down amidst the plantat to pluck a few tea leav yourself; you are free to take your pick!th third highest peak in the world and the highest in india, the kanchenjunga peak, is visibl from here, and you can enjoy a panoram view of the peak. some of darjeeling most popular attract includ monasteries, botan gardens, a zoo, and the darjeeling-rangeet valley passeng ropeway cabl car, which is the longest asian cabl car. tiger hill is a fantast spot to see the sunris over the mountain in all it fieri glory.",Hill Station
Nainital,4.3,3-Feb,https://media-cdn.tripadvisor.com/media/photo-s/2d/2a/6e/96/caption.jpg,"nainit is a charm hill station locat at the foothil of the kumaon rang in uttarakhand. locat close to dehradun and delhi, it is the most visit hill station in north india. nainit is a perfect weekend getaway from delhi and the nearbi places., , nainit experi a pleasant climat throughout the year, make it a popular hill station for families, coupl and even solo travellers. it is easili access from nearbi major citi by road and is ideal for a 2-day visit. the naina lake is the centr of nainit with mall road on one side, thandi sadak on the other side, and the bu stand opposit it. found by the british due to it resembl to the cumbrian lake district, nainit brim with eleg coloni structur that amplifi the beauti of thi place. there are some small hill town near nainit like pangot, ranikhet, almora, which remain compar unexplored. nainit also ha some small trek trails.wheth you want to go boat in the beauti naini lake, relish some garhwali and kumaoni delicacies, shop for mementoes, or take a ropeway ride to soak in the beauti of the himalaya from snow view point, nainit is sure to leav an imprint on you.",Hill Station
Shimla,5.0,4-Feb,https://www.gokitetours.com/wp-content/uploads/2024/10/The-7-Best-Places-to-visit-in-Shimla-for-Snowfall.webp,"shimla is the capit of himach pradesh and a popular hill-stat among indian famili and honeymooners. situat at the height of 2200m, shimla wa the summer capit of british india. shimla still retain it old-world charm with beauti coloni architecture, pedestrian-friendli mall road and the ridg line up with multipl shops, cafe and restaurants., , shimla is well connect with mani citi and is just 4 hour from the nearbi citi of chandigarh. the citi ha an airport as well; however, there arent mani daili flight from here. the railway station connect shimla with the plan and is famou for the kalka-shimla train route; a unesco list world heritag site.th weather is pleasant for most of the month with tourist flock especi dure the summer months. the winter are cold with some day of snow from mid-decemb till februari end.shimla is often cover along with nearbi town of kufri, a hill-stat almost alway cover by snow and chail, famou for a huge palac and the highest cricket ground in the world. tourist also visit the famou jakhu templ and engag in sightse at variou viewpoint dure their trip to shimla.",Hill Station
Ooty,4.3,3-Feb,https://blog.mangohillhotels.com/wp-content/uploads/2023/10/OOTY-1557144864.jpg,"nestl amidst nilgiri hills, ooty, also known as udagamandalam, is a hill station in tamil nadu which serv as a top-rat tourist destination. onc regard as the summer headquart of the east india company, the queen of the hill is a picturesqu getaway., , dot with tea gardens, seren waterfalls, wind countri lanes, and charm coloni architecture, ooti is the perfect respit everyone. popular among coupl and honeymooners, ooti allur it visitor with the panoram view of the nilgiri mountains. the nilgiri mountain railway is the steepest track in all of asia. rememb the hit song chaiyya chaiyya where shahrukh khan and malaika arora match step on top of a train? rememb the breathtak local as the train chug it way across lush greenery? yes, that wa the nilgiri mountain railways, and the nilgiri mountain all along.",Hill Station
Jaipur,4.4,3-Feb,https://encrypted-tbn0.gstatic.com/images?q=tbn:ANd9GcRxdMFZx_yta9YZSn2dG387UpzafK4JdKTORQ&s,"also call the pink city, jaipur is the capit of the royal state of rajasthan. along with delhi and agra, jaipur form the golden triangl and hail as one of the most famou tourist circuit in the country., , rajput rule jaipur for mani centuri and develop as a plan citi in the 17th centuri ad. with the old citi surround by wall and gate decor with draw on the backdrop of a beauti pink hue, jaipur, the pink city, success retain it old-world charm. home to a few unesco world heritag sites, includ amer fort and jantar mantar, jaipur hold mani magnific forts, palaces, templ and museum and brim with bustl local bazaar where you can shop to your heart content. the citi is also veri well known for it local food, and the most famou dish includ the ghewar, pyaaz kachori and dal baati churma. the citi also host the jaipur literari festival, which is asia biggest festiv of it kind.on of the largest citi in india, jaipur is also home to all the modern amen with some of the most exot hotel and resort in the world. the citi boast an intern airport and is also veri well connect by rail and road. thi make jaipur the gateway to rajasthan - the start point for place to visit in the interior of the state. the metro, local buses, share tuk-tuks, auto-rickshaw and taxi aggreg apps, includ uber and ola, solv the commut problem in the citi quit comfortably.",Heritage
Lonavala,4.1,2-Jan,https://govindaresorts.com/wp-content/uploads/june-blog2-cover.jpg,"situat in the sahyadri rang of the western ghat close to pune and mumbai, lonavala is the most visit hill station in maharashtra and the place to be dure monsoons. with lot of waterfalls, lake and hill around, it is a popular destin for camping, trek and other adventur sports., , surround by dens forests, waterfalls, and dam alongsid lakes, it is a must-visit if you admir nature. locat at an elev of 624 m abov sea level, lonavala is one of the twin hill station - lonavala and khandala (these two can be easili visit together). the popular tourist attract in lonavala are bhaja caves, bushi dam, karla caves, rajmachi fort, ryewood lake, among others. lonavala is also popular for the trek like the andharban trek that start from a villag call pimpri and end in bhira.lonavala is famou for it product of the hard candi chikki which is a sweet eatabl thing made from differ nut mix with jaggery. it is also a major stop on the railway line which connect mumbai and pune.",Hill Station
Mussoorie,4.2,3-Feb,https://clubmahindra.gumlet.io/blog/media/section_images/shuttersto-17534db46414b71.jpg?w=376&dpr=2.6,"mussoori is one of the most popular hill station locat at a distanc of 290 km from delhi in the dehradun district of uttarakhand. with a backdrop of the shivalik rang of himalaya and doon valley, mussoorie, also known as queen of the hills, stand at an altitud of 7000 feet abov sea level. with a cool and pleasant climat throughout the year, mussoori wa onc the british summer capital., , the british remnant can be seen in the citi in the archaic architectur of the hotel and churches. one of the most popular tourist attract in mussoori is the mall (also known as the mall road), which is a slightli steep boulevard with eateri and other shop line it entir stretch. from the littl hous spread around the area to the architectur of even the lamp posts, the mall give off a distinct coloni vibe.anoth major highlight of mussoori is the ropeway to gun hill. gun hill is the second highest peak in mussoorie, and tourist can avail of the cabl car ropeway ride to gun hill, which offer an enchant view of the entir citi as well as the surround himalayan mountains.th adjoin littl hill station of landour, along with mussoorie, barlowganj and jharipani togeth form the greater mussoorie. with a lot of waterfalls, the town of dhanaulti in the vicin and the remain of coloni architecture, mussoori ha everyth to make a memor vacation.",Hill Station
Kodaikanal,4.4,2-Jan,https://www.tamilnadutourism.tn.gov.in/img/pages/medium-desktop/kodaikanal-lake-1657265233_ea496c49625350b53847.webp,"locat in the state of tamil nadu, kodaikan is one of the most famou honeymoon destin in india. a lakesid resort town of tamil nadu, kodaikan ha a beauti climate, mist-cov manicur cliff and waterfal that come togeth to creat the ideal set for a perfect getaway. kodaikan mean the gift of the forests., , nestl amidst the roll slope of the palani hills, kodaikan stand at an altitud of 7200 feet abov sea level, and onc you visit thi hill station, you will find that everi bit of what you have imagin it to be is real. kodaikan is a place you can go to take a break from the rigour of daili citi life, and thi hill station let you sit back and connect with natur as you head out on bike or trek trail or take a stroll through the vast forest surround the town.",Hill Station
Dalhousie,4.2,3-Feb,https://thenewzradar.com/wp-content/uploads/2025/01/17370228412705697465661530996979.jpg,"dalhousi is a popular hill station in himach pradesh, boast view of the snow-cap peak of the dhauladhar ranges. dalhousi is famou for it meadows, dens jungles, and waterfalls. it is especi famou amongst honeymoon and famili vacationers. , , establish in 1854, the valley is name after lord dalhousie, and wa one of the favourit summer destin of the british dure the coloni era. dalhousi offer an old-world charm, mesmer natur landscapes, pine-clad valley and magnific misti mountains. the scottish and victorian-era architectur of church remind of it coloni heritage.dalhousi is also known for woollen himachali shawls, tibetan handicrafts, chamba handkerchiefs, and other paraphernalia. these can be bought from the mall road which is the town main market. if you are plan a trip to dalhousie, you must includ khajjiar in your itinerary. known as the mini switzerland of india, khajjiar is just 21 km away. the littl hill town is famou for it spellbind vista of mountain load in white snow and lush green pastur of land. kalatop wildlif sanctuari in khajjiar is famou for an exquisit varieti of endang speci and breathtak view of the mountain in the backdrop. chamba, locat almost 50km from dalhousie, is also worth visiting.",Hill Station
Pachmarhi,4.4,3-Feb,https://vl-prod-static.b-cdn.net/system/images/000/695/823/912291ec3c8e103355422c30aa0579fa/banner/pachmahri_adventure_geek.jpg?1691554980,"pachmarhi is the onli hill station and is the highest point in madhya pradesh. pachmarhi is also often known as satpura ki rani or the queen of the satpura range. situat at an altitud of 1,067 metres, the picturesqu town is a part of unesco biospher reserve, home to leopard and bison., , five sandston cut cave on the hilltop are believ to be the spot where pandava stay in pachmarhi dure their exile, make it a popular spot among religi tourists. be at an elev height and surround by bewitch forest of the satpura with the stream and waterfalls, pachmarhi is a perfect weekend getaway from the nearbi citi of madhya pradesh and maharashtra. sinc the town wa discov and develop in modern time by captain jame forsyth of the british army, it hous charm church built in coloni style architecture.",Hill Station
Varanasi,5.0,3-Feb,https://s7ap1.scene7.com/is/image/incredibleindia/manikarnika-ghat-city-hero?qlt=82&ts=1727959374496,"world oldest live city, varanasi - also known as kashi (citi of life) and benaras, is the spiritu capit of india. it is one of hinduism seven holi cities. the old citi of varanasi lie along the western bank of the ganges, spread across a labyrinth of narrow galis. be prepar to walk on foot and encount some holi cows! templ at almost everi turn engulf varanasi but the kashi vishwanath templ is the most visit and the oldest of the lot. benara is known as the citi of lord shiva for a reason, and right so., , varanasi is consid an auspici place to die, as it is believ to grant moksha or liber from the cycl of life and death. spiritu enlightening, the heart of the citi pulsat around the ghats, about 80 of which border the ganges. be prepar for the sights, sound and smells! dont miss out on the hot chaat and cool lassi. though, all chao and nois on the ghat take a paus befor dusk when the ganga aarti begin to take place, a ceremoni of immens grandeur. thi divin citi is also an import destin for buddhists. gautam buddha preach hi first sermon in benaras, a part which is now in sarnath.",Spiritual
Mumbai,4.2,5-Mar,https://cdn.britannica.com/26/84526-050-45452C37/Gateway-monument-India-entrance-Mumbai-Harbour-coast.jpg,"mumbai, the capit citi of the indian state of maharashtra, is a spectacular paradox of chao and hope, glamour and squalor, modern and tradition. famous known as the citi of dreams, mumbai – formerli known as bombay - mumbai is a beauti blend melt pot of cultur and lifestyles., , the citi soak in everyth into it fabric, make it it veri own. from upcom actor struggl to make it big on the silver screen; from bolli superstar to big industrialist to tribe of fisherman and slum dwellers, mumbai is a citi that proudli boast of stori from differ walk of human survival.on of the main centr in the countri of art, culture, music, danc and theatre, mumbai is a dynamic, cosmopolitan citi that ha been run for year sole on the indomit spirit of the mumbaikars.",Beach
Agra,4.2,2-Jan,https://cdn.britannica.com/26/84526-050-45452C37/Gateway-monument-India-entrance-Mumbai-Harbour-coast.jpg,"locat on the bank of river yamuna in uttar pradesh, agra is a popular tourist destin as it is home to one of the 7 wonder of the world, the taj mahal. it is a sneak peek into the architectur histori and legaci of the mughal empir with two other unesco world heritag site agra fort and fatehpur sikri. history, architecture, romanc all togeth creat the magic of agra, and hence, make for a must-visit for anyon live in or visit india., , agra is one of the most popul citi in uttar pradesh and 24th most popul citi in india. with it long and rich history, it is no wonder that agra form part of the popular golden triangl circuit for tourist along with delhi and jaipur. it is also a part of the uttar pradesh heritag arc includ varanasi and lucknow. histori fanat and architectur buff are sure to have a ball here with the sheer expans of the mughal art and cultur on display. apart from it monuments, agra ha some excit stuff for foodies. it is as famou for it petha (a sweet made from pumpkin and flavour with rose water and saffron) as it is for the taj mahal. agra is also well known for it marbl artefact which are best bought in the sadar bazaar or kinaari bazaar area. agra is mostli visit on a one-day trip from new delhi or other nearbi citi in uttar pradesh but is total worth it. be prepar to be astounded, amazed, inspir and thrilled. however, be a littl cautiou about conmen in the guis of unoffici tour guid and fake handicrafts.",Heritage
Kolkata,4.3,4-Feb,https://cdn.britannica.com/26/84526-050-45452C37/Gateway-monument-India-entrance-Mumbai-Harbour-coast.jpg,"kolkata, india second biggest city, is a perpetu ongo festiv of human existence, concurr luxuri and squalid, refin and frantic, pointedli futuristic, while beauti in decay. a vibrant 350-year-old metropoli locat on india eastern coast, the capit of west bengal thrive on contradict and impos spectacles; noth is commonplac in thi city. famous known as the citi of joy, kolkata is, in everi sense, the artistic, cultur and intellectu capit of the country. kolkata street are vivid, hectic, chaotic, and yet, brim with life and creativity. driven by the indomit spirit of the self-mad middl class, the citi ha creat a beauti juxtaposit of the old colonial-era charm with the nascent upcom hipster cultur that thrive amongst the city millenni residents., , start from admir the flourish art scene in the citi to go on reward gastronom explor to wander amidst the countless bazaar to sit by the bank of the hooghli and enjoy a peac sunset, kolkata is soak in layer and layer of heritag and culture, and peel off each layer to look beneath the hood is a veri rewarding, once-in-a-lifetim experience. as the famou quot goes, if you want a citi with a soul, come to calcutta.formerli the capit of the british empir befor the govern wa shift to delhi, kolkata ha a distinct ting of it royal past linger in everi nook and cranni of the city. if you want to soak in some of the city regal past, take a walk along the street of north kolkata, which hous some of the oldest mansion in the city, swath with vine and a persist sens of aristocrat pride. kolkata is home to rabindranath tagore ancestr house, which ha now been convert into a museum and hous a stagger collect of famili portrait and paintings. there are plenti of ghat all over the citi where you can sit and enjoy a sunset while sip on tea, one of the most note of these be the prinsep ghat, which offer stun view of the vidyasagar setu in the backdrop. close by is millennium park, which is a beautifi waterfront park from where you can avail boat ride and cruises.kolkata ha a veri live nightlife, and the entir stretch along park street hous innumer bar and pub where you can parti the night away. kolkata street food is famou all across the country, and the citi is line with eateri and food stall at everi corner, where you can savour local bengali food, or tri out local snack such as jhalmuri, or ghugni chaat.",Beach
Jodhpur,4.2,2-Jan,https://s7ap1.scene7.com/is/image/incredibleindia/umaid-bhawan-jodhpur-rajasthan-1-attr-hero?qlt=82&ts=1726660866668,"jodhpur is the second-largest citi in rajasthan and the former capit of the marwar region. it is popularli call the blue city as it look complet blue from an aerial view becaus of it blue wall and houses. jodhpur is primarili famou for it temples, lake and snacks, with the magnific mehrangarh fort be the main attraction., , the magic of jodhpur lie in the street of the old citi itself, which circl the mighti mehrangarh. hundr of shops, guesthouses, eat joints, and vendor make it a bustl chirpi town, especi near the landmark clock tower and sardar market. the new and modern jodhpur lie beyond mehrangarh. nearbi jaswant tada and umaid bhawan palac are also among the top attract in jodhpur. jodhpur is famou for it delect food items, especi pyaaj kachori, mirchi bada and mawa kachori. in september, the citi host the colour marwar festiv and rajasthan intern folk festival. some tradit villag are locat around jodhpur, and a tour of these villag (call bishnoi villag safari) is one of the popular thing to do here. one of the strangest templ in india, where a royal enfield motorbik is worshipped, is locat nearbi and worth visiting. the ancient thar desert town of osian is also locat here, 65km north of jodhpur. seen in the backdrop of the movies, the most popular be the dark knight rises, jodhpur attract hundr of thousand of visitor worldwide. moreover, it is conveni locat in the centr of rajasthan, make it the base for visit nearbi places.",Beach
Bangalore,4.1,3-Feb,https://i.ytimg.com/vi/IoElbogbGGc/maxresdefault.jpg,"have evolv gradual from be the garden citi to the silicon valley of india, bangalor is india third-largest city. bangalor is love for it pleasant weather, beauti park and the mani lake here. bangalor is renown for it eateries, street food corners, quirki cafes, coffe roaster and pub dot everi corner of the city, serv cuisin from all over the world. brunches, buffets, burgers, rooftop cafes, late-night eat - bangalor ha it all., , here, one can choos to take a long stroll through the beauti cubbon park, shop in the mani mall or street market or hop into one of the mani acclaim breweri for a cold and refresh drink. there are a huge number of beauti decor park in the citi that are ideal for go on a morn stroll or a jog. one walk through the 300-acr cubbon park, or the botan garden of lalbagh, and youll know precis whi bangalor is so famous call india garden city.but just like everi big city, the unpreced growth of it in bangalor ha reshap quit a few thing includ rise temperatures, pollut lake and heavili congest roads, especi in the newer areas. asid from the central busi and commerci district (and the road lead up to them), the neighbourhood of bangalor are mostli quiet and serene, especi the older part of the citi like jayanagar and j.p nagar.",Hill Station
Amritsar,4.4,3-Feb,https://encrypted-tbn0.gstatic.com/images?q=tbn:ANd9GcSiAS5uiPHNbQ6-JcP_f10nVuuA_cC4kz4ipg&s,"home of the gloriou golden temple, the icon citi of amritsar, portray the heroic charact of punjab. the second-largest citi of the indian state of punjab, amritsar is colloqui known as ambarsar. apart from the golden temple, amritsar is known for it lip-smack street food., , amritsar is the spiritu and cultur centr of the sikh religion. baisakhi festiv bring out amritsar resplend face with it finest food, cloth and merry-making. thi place is also famou for it jallianwala bagh massacr and it proxim to wagah border. from oper blue star in the golden templ to the tragedi of the jallianwala bagh massacre, amritsar ha seen the worst of situat and yet emerg like a phoenix through test times. amritsar today is a thrive citi with activ trade and tourism industries.a day in thi peac citi start with the spiritu prayer from gurudwaras. the origin name is first the ancient lake, then the templ complex, and later the surround city, mean pool of ambrosi nectar. one of the most agricultur product citi of india, amritsar is well connect with most of the import citi of india.",Spiritual
Delhi,4.1,5-Mar,https://assets.akasaair.com/f/159922/1140x360/5958070c9e/1140x360.jpg/m/filters:format(webp),"the capit of india, delhi is a cosmopolitan citi with a histor old delhi and the modern new delhi. from histor monument to crowd shop malls, from an extens network of the modern metro system to delhi univers campus, dilli ha multipl person and is consid to be the citi with a heart., , the narrow, wind lane and bylan of old delhi are a testament to the former mughal rule. old delhi hous one of the country oldest and busiest market – chandni chowk.tak time to explor histor monument such as the red fort, jama masjid, humayun tomb and purana qila if you want to explor the mughal history. delhi ha famou templ scatter all across the city, a few noteworthi one be the akshardham temple, the lotu templ (also known as the bahai temple), and the iskon temple.peopl in delhi love to eat, and tourist will find themselv spoilt for choic between the multitud of dish on offer at everi corner of everi street. from kebab and tikka to chhole bhature, delhi is a melt pot of divers cultures, and thi fact is reflect in the culinari palett of the city. there are a number of cafe and restaur for the travellers.centr delhi is the concentr of the country polit power, and the must-visit place here includ the connaught place, drive from outsid of rashtrapati bhawan on raisina hill (visitor are not allow to go inside), the rajpath, and the india gate. the best place to visit thi area is in the evening, as all the build are lit up, and you can see the amar jawan jyoti at india gate shine brightly.delhi is a shopper paradis with some colour bazaar and upscal markets. the wide varieti of market in delhi ensur that travel go back home with doubl the luggag they came with!",Hill Station
Jaisalmer,4.4,3-Feb,https://www.remotelands.com/travelogues/app/uploads/2020/03/Jaisalmer-1-new-2560x1280.jpg,", , , the jaisalm fort stand as a citadel with narrow alley inhabit by peopl for gener and shop sell colour handicrafts.jaisalm is a town, and to reach the sand dunes, travel have to take a jeep safari follow by a camel ride. thus, jaisalm is an amalgam of exot indian desert culture, heritag and adventure.",Beach
Mount Abu,4.4,2-Jan,https://www.tourism.rajasthan.gov.in/content/dam/rajasthan-tourism/english/city/explore/Toad%20Rock%20View%20Point.jpg,"the onli hill station of rajasthan, mount abu is locat in the aravali range. the most import attraction, however, are undoubtedli the dilwara temples, which is one of the most stun piec of architectur in the country. travel can enjoy calm and relax boat in nakki lake, and a view of the sunset from the vista points. the restaur and eateri around the lake are great place to eat local food and chill. the highest peak of the aravali rang - guru shikhar also lie in mt. abu. mount abu forest sanctuari with an abund of flora and fauna is also a highlight., , the except intric architectur of the dilwara templ are of cours the main attract here, and you can easili spend hour wonder how these templ were built over 2 centuries, almost 1000 year back. the templ were specif made so that they are plain from the outsid to avoid the attract of plunderers, and have withstood the test of time extrem well.",Hill Station
Wayanad,4.3,2-Jan,https://i0.wp.com/www.orientalschool.com/wp-content/uploads/2023/04/a-view-of-tea-gardens-OG-1199x627-1.png?fit=1199%2C627&ssl=1,"replet with waterfalls, histor caves, comfort resort and homestays, wayanad in kerala is famou for it spice plantat and wildlife. walk through the sprawl spice plantations, trek to the pre-histor cave and experienc a resort holiday are one of the mani thing you can do to get a tast of wayanad., , wayanad is best known for the wildlif reserv - wayanad wildlif reserv which is home to an exquisit varieti of flora and fauna. wayanad wildlif reserv is an integr part of the nilgiri biospher reserv peac locat amidst the seren hill of western ghats. wayanad home a wide varieti of wildlif like elephants, leopards, and bears. wayanad is a perfect weekend idea from the citi of south india. if take a road trip from bangalore, you will drive through three nation parks: nagarhole, bandipur and mudumalai.",Hill Station
Hyderabad,4.1,4-Feb,https://i.ytimg.com/vi/UPRKkSU5_40/hq720.jpg?sqp=-oaymwEhCK4FEIIDSFryq4qpAxMIARUAAAAAGAElAADIQj0AgKJD&rs=AOn4CLD5wCsISUqojnSKTYwGOT2h-hfaog,"a citi of contrasts, hyderabad exud an old-world charm of it own with the old citi (charminar side), hitech citi (cyberabad) and the other area lie between the old and the new. the capit and the largest citi of telanaga, hyderabad is home to state mosqu and noisi bazaar line parallelli alongsid swanki new offic build and malls, and it is these veri contrast – these glimps into the city’ rich past with inher promis of an even better futur –that make hyderabad a citi worth visiting. mayb even more than once., , the citi of pearl and biryani, hyderabad is home to one of the most icon landmark - the charminar. translat to four minarets, the grand edific is built entir out of limeston and granite, with four minaret on four sides, each of them face a differ street. the charminar stand in a labyrinth of lane cram with shops, markets, stall and shopper - one of the best place to shop for the authent pearl and relish the tasti biryanis, skewer kebab and haleem (the smorgasbord of food that hyderabad is known for). the other side of hyderabad - hitech citi or cyberabad - is a stark contrast to the old city. the area teem with grand malls, pulsat clubs, sleek restaur and hi-ris build of the every-grow multinationals. between the old and new lie the popular citi area of banjara hill and jubile hill flank on the northeast by secunderabad. hyderabad and secunderabad togeth are still refer to as the twin cities, though they are practic one now. hyderabad pulsat with a spectacular mix of peopl and traditions. make a journey through thi mind-stir metropoli and be readi to be amazed, frustrated, confound and thrilled, all at once!",Hill Station
Pondicherry,4.1,3-Feb,https://www.agoda.com/wp-content/uploads/2024/02/Pondicherry-cover-1-1478x700.jpg,"pondicherry, offici known as puducherry, and commonli refer to as just pondy, is one of the seven union territori of india which is bound by the southern state of tamil nadu. thi former french coloni is a perfect amalgam of the tradit indian sensibl and french architecture, make it a dreami escap that offer the best of both worlds., , the street of the french quarter of pondicherry, also known as white town, are dot with charm mustard-yellow coloni structur with bougainvillaea laden walls. these are interspers with cosi cafe and chic boutiqu that offer delect french cuisin and beverages. simpli stroll down these streets, can give the travel an insight into the fairytal charm of pondicherry.top with authent french bakeries, bohemian store and cobble-ston path that are delight for a leisur stroll or a bicycl ride, pondicherri ha a lot to offer. so head on down to thi dream town of the indian coast and chug a few beer (at the union territori prices; bid adieu to state taxes) or just read a book in one of the quaint cafes.com explor the boulevard and rue (the french word for streets) of pondicherri that will ultim take you down to the gorgeou seasid promenade, and wit the bay of bengal play splash the shore of the famou rock beach.",Beach
Khajuraho,4.6,2-Jan,https://www.timesindiatravels.com/wp-content/uploads/2017/09/Indias-Top-Destinations-Khajuraho.jpg,"khajuraho, a unesco world heritag site locat in madhya pradesh, is known around the world for it stun templ adorn by erot and sensuou carvings. a small town locat in the bundelkhand region, khajuraho is a brilliant exampl of indian architectur and it cultur back in the mediev period. the architectur of these hindu and jain templ depict the erot form of love, the carv on the wall display passion in the most sensuou yet aesthet ways. built between 950 to 1050 ad the sheer confront natur of these carv show a stark paradox with the convent indian ideal about eroticism, leav everybodi spellbound., , art in thi small town is engrain in all of it structur and are a classic exampl of the finess of india cultur and artist heritage. the best part about khajuraho is that although score of plunder tri to destroy the whole complex, they could never succeed, even though they manag to reduc the number of templ and cave to 25 from a stagger 85 at the time it wa created.",Heritage
Chennai,3.9,3-Feb,https://vj-prod-website-cms.s3.ap-southeast-1.amazonaws.com/1765681589chennai-1696645169332.jpg,"formerli known as madras, chennai is the capit citi of the state of tamil nadu, in the southern part of india. locat on the coromandel coast of bay of bengal, chennai is as dynam as it is immers in tradition. thi capit of the south, is one among the four metropolitan sibl of india, have a rich cultur histori which it perfectli balanc with it metropoli lifestyle., , amid it chao of traffic and swelter humid climate, chennai is worth visit for it templ steep in south-indian culture, british-era museum and monuments, culinari delight and marina beach (second largest urban beach in the world). chennai skylin is famou for it tower skyscrapers, but the heart of chennai ha an old-world charm to it that refus to be overshadowed.",Beach
Vaishno Devi,4.4,1,https://s7ap1.scene7.com/is/image/incredibleindia/1-vaishno-devi-jammu-jk-attr-hero?qlt=82&ts=1726729280423,"vaishno devi is a templ town that home to the famou vaishno devi mandir. locat in trikuta hills, 13 km from katra (in the union territori of jammu and kashmir); thi renown shrine allur million of devote from all over the world. popularli known as mata rani, vaishnavi and trikuta, vaishno devi is a manifest of the hindu goddess durga. it is believ that dure the pooja and aarti, goddess arriv at the holi cave to pay their respect to mata rani. devote believ the goddess herself call the devote to reach here., , vaishno devi is said to be moonh maangi muradein poori karn wali mata (the mother who fulfil the wish of her children). the darshan of maa vaishno devi in the holi cave is in the form of three natur form rock which are known as pindies. these pindi manifest the three form of the goddess as maha kali, maha saraswati and maha lakshmi. more than one crore devote visit the vaishno devi templ each year.",Hill Station
Ajanta And Ellora Caves,4.3,2-Jan,https://indiaforbeginners.com/wp-content/uploads/2020/04/India-for-Beginners-custom-tours-5.jpg,"ajanta and ellora caves, consid to be one of the finest exampl of ancient rock-cut caves, are locat near aurangabad in maharashtra, india. ajanta and ellora cave complex is adorn with beauti sculptures, paintings, and fresco and includ buddhist monasteries, hindu and jain temples. the ajanta cave are 29 in number and were built between the 2nd centuri bc and 6th centuri ad, wherea the ellora cave are more spread out and 34 in number and date to the period between 6th and 11th centuri ad., , ajanta and ellora cave are design as unesco world heritag site and are quit popular among travel worldwide. ajanta caves, locat around 99km north of aurangabad, are mostli buddhist site and were use as a retreat by buddhist monks. ellora is just 15 km west of aurangabad and ha a better mix of hindu, jain, and buddhist sites. these hand-carv cave were built and sponsor by the indian ruler of those period and almost buri by thick forests. one of the most famou place in the entir ajanta and ellora cave is the kailash temple, which is also the singl most massiv monolith structur globally. these rock-cut cave contain carv are some of the best exampl of ancient indian architectur and sculpture.",Wildlife
Haridwar,4.0,2-Jan,http://clubmahindra.gumlet.io/blog/images/haridwar-image.jpg?w=376&dpr=2.6,"haridwar is one of the seven holiest citi in india, situat in uttarakhand. it is locat where the sacr river ganga enter the indo-ganget plain for the first time. dot with temples, ashram and narrow lane across the city, haridwar is a famou hindu templ town where million of devote come to take a dip in the holi ganges. it believ that take a dip in the sacr har ki pauri reliev one of all the sins., , the highlight of haridwar is the famou ganga aarti held at the har ki pauri ghat everi evening. thousand of devote come togeth to pray to river ganga and float diyas. haridwar is one of the four citi (other be ujjain, nasik and allahabad) that host the kumbh mela everi twelv years. the kanwar mela is also organis here everi year dure saawan (raini season). it is also the gateway to the char dham of uttarakhand and act as the base destin for some of the other tourist town of rishikesh and devprayag.accord to hindu traditions, there are panch tirth (five pilgrimages) within haridwar. these are har ki pauri (gangadwar), ghat (kushwart), kankhal, mansa devi templ (bilwa tirth) and chandi devi templ (neel parvat). haridwar is also known global for ayurveda, medit and yoga. sinc it is a religi centre, alcohol and non-vegetarian food are not permit here. the citi is well connect by bu and train but is especi busi dure the yatra season from may to october.",Hill Station
Kanyakumari,4.1,2-Jan,https://www.tamilnadutourism.tn.gov.in/img/pages/large-desktop/thiruvalluvar-statue-kanyakumari-1655196623_b2c20ff64e13e74324d6.webp,"border by the three sea - arabian, indian and the bay of bengal, kanyakumari is the southernmost tip of the indian peninsula. a small coastal town in the state of tamil nadu, kanyakumari wa earlier known as cape comorin. , , kanyakumari offer the marvel confluenc of the bay of bengal, the arabian sea and the indian ocean meet togeth at a point. but, thi is not a miracle, the miracl lie in the beauti that the water of three sea doe not mix, you can clearli distinguish between the turquois blue, deep blue and sea green water of the three seas. to enjoy the best view of sunset and sunrise, you can visit the triveni sangam point and the famou view tower.th town ha a mountain terrain with elev patch of hills, coconut tree and line with paddi fields. kanyakumari is also the onli place in india where you can observ the sunris and sunset at the same beach. the town is not onli popular for it uniqu phenomenon but also it templ and the vivekananda rock memori among other icon monuments.waterfal in kanyakumari that you should not miss out on includ the thirparappu falls, the courtallam falls, and the olakaruvi falls. kanyakumari ha authent south indian cuisine, with seafood and coconut be an integr part of almost all dishes.",Hill Station
Pune,4.1,3-Jan,https://mittalbuilders.com/wp-content/uploads/2020/12/Reasons-to-settle-down-in-Pune-1024x683.png,"pune is a bustl metropoli of maharashtra, rank number one in india in the eas of living. often refer to as the oxford of the east, it is a hub of divers peopl and activ and is in rapidli grow into one of the top metropolitan citi in the country. pune is a citi that perfectli blend modern with tradit sprinkl with colonial-era charm, and it deserv the titl of be the cultur capit of maharashtra., , behind the modern commerci façad of pune lie the root of ancient poona, which gave birth to the maratha empir and had a veri crucial role to play in the histori of india’ independence. pune is global known for the osho ashram which attract follow from all over the world. dot with palac and temples, the most import of these are the shaniwar wada palac and the aga khan palace. to experi the grandios of maratha architectur coupl with stun view of the sahyadris, the singhagad fort is a must-visit tourist attraction. due to it allur locat on the bhuleshwar rang of the sahyadri mountains, it offer excel trek trail to the top of the cliffs. while pune ha plenti of eat options, rang from street food to high-class restaur where one can enjoy all kind of cuisines, it is renown for it bakeri items. rang from a varieti of cookies, pastri to even cakes, don’t forget to tri out pune’ mouth-wat desserts.",Hill Station
Kochi,4.2,2-Jan,https://i.ytimg.com/vi/voZQ4xCS6fE/hqdefault.jpg,"situat on the southwest coast of india, kochi or cochin is a commerci port citi with a trade histori that date back to at least 600 years. call the queen of the arabian sea, the citi is kerala financial, commercial, and industri capital., , a gaggl of island interconnect by ferries, thi cosmopolitan town ha upmarket stores, art galleri and some of the finest heritag accommodations. in a true vintage-meets-futur fashion, restaur and shop hub crowd ernakulum, jew town and fort kochi along with palaces, beaches, temples, and heritag sites. kochi is also an import place to see kathakali and kalarippayattu perform and the annual biennal festival.wel connect by all mean possible, thi coastal citi is both a popular tourist hotspot and an activ naval base, be offici the home to the southern command of the indian navi and an air squadron of the indian navy.",Beach
Ahmedabad,4.1,2-Jan,https://i.ytimg.com/vi/vcXQ43k-JBg/hq720.jpg?sqp=-oaymwEhCK4FEIIDSFryq4qpAxMIARUAAAAAGAElAADIQj0AgKJD&rs=AOn4CLAlWkrbCe7nJzhyz2KQIR9ECrFBOw,"a rapidli grow metropolis, an industri hub, an educ hotspot, and a citi with a magnific past – ahmedabad is one of the most import citi in gujarat. locat on the bank of the sabarmati river, ahmedabad is the former capit of gujarat, and it delici food, colour cultur is make it a fast-grow tourist destination. the histor citi of ahmedabad or the old part of the citi wa declar as the unesco world heritag site., , home to a plethora of remark templ like swaminarayan temple, intrigu museum and classi markets, with a littl bit of coloni histori attach to it, ahmedabad is an excel exampl of how a citi can still retain everi bit of it old-world charm while still rapidli progress on the path of globalisation.ahmedabad is famou for it textil and it tie-dy bandhani handloom technique, which make it a great place to shop. from bandhani sarees, dupatta to tradit embroid dress materials, and other local handicrafts.sabarmati ashram, situat directli besid the sabarmati river, is a quaint and peac ashram built by mahatma gandhi after he return from south africa. to thi date, gandhiji’ live quarter are preserv here and is now use as a museum where visitor can learn all about hi life and hi teachings. the infam dandi salt march, which wa a crucial point in india’ independ struggle, origin from thi ashram.",Heritage
Kanha National Park,3.8,1,https://www.pugdundeesafaris.com/blog/wp-content/uploads/2017/06/Kanha-National-Park.jpg,"locat in a central region of madhya pradesh, kanha nation park is the largest nation park in central india and ha been rank as one of the best park in asia. among the 22 speci of larg mammals, the royal bengal tiger are one of the major attractions. one of the best tiger reserv in india, the present-day area stretch over the 940-kilometr squar which is divid into two sanctuaries: hallon and banjar. , , the park wa establish in the year 1955 and ha sinc activ contribut to the preserv of mani endang species. the nation park wa taken under the project tiger reserv in 1974. abund in flora and fauna, the kanha nation park hous one of the rarest speci of deer- the barasingha. it is known for the uniqu barasingha convers to save the speci that were onc on the verg of extinction. one of the most scenic wildlif reserv in asia today, thi nation park came to be known the world over through rudyard kipling book- the jungl book. kanha nation park is famou for it wildlif safari and attract tourist from all over the world. other import anim in thi park are leopards, wild dogs, wild cats, foxes, sloth bears, hyenas, langurs, wild boar and jackals. reptil includ pythons, cobras, krait and other varieti of snake are also found in thi nation park.",Wildlife
Mysore,4.2,2-Jan,https://karnatakatourism.org/wp-content/uploads/2020/06/Mysuru-Palace-banner-1920_1100.jpg,"famous known as the citi of palaces, it wouldn’t be wrong to say that mysore, current mysuru, is one of the most import place in the countri regard ancient reigns. it is replet with the histori of it dazzl royal heritage, intric architecture, it fame silk sarees, yoga, and sandalwood, to name just a few. locat in the foothil of the chamundi hills, mysor is the third most popul citi in karnataka, and it rich heritag draw million of tourist all year round. the highlight is the majest mysor palace, a unesco world heritag site, which is a must-visit., , mysor wa one of the three largest princ state in the erstwhil british empir of india. to thi day, the mysor palac stand tall as one of the most spectacular palac in india. a veri famou tourist spot that see thousand of visitor mill in and around it everi day, the mysor palac is a mesmer exampl of indo-saracen architecture, everi inch of the palac drip with opul and intric details, and everi room that you visit stand out in term of it elabor architecture, beauti paintings, rich colour and stained-glass windows. on everi sunday, and dure the dussehra celebrations, the palac is spectacularli lit up onc dusk falls.anoth popular element in mysor is the ashtanga school of yoga. thi draw visitor and practition from around the world to particip in thi style of yoga that origin in mysore.",Hill Station
Chandigarh,4.2,2-Jan,https://upload.wikimedia.org/wikipedia/commons/thumb/1/1a/Palace_of_Assembly_Chandigarh_2006.jpg/330px-Palace_of_Assembly_Chandigarh_2006.jpg,"chandigarh is a union territori that is the capit of both punjab, as well as, haryana. india first plan city, chandigarh is tradit a punjabi citi at heart with a healthi dose of modernity; chandigarh food and gedi cultur (a leisur drive or ride the city) is what the capit is known for! locat at a distanc of 265 km from delhi, chandigarh is one of the popular weekend road trip destin and other major citi but also act as an import stage point when one head to destin in himach pradesh and jammu and kashmir., , a favourit activ of the local at chandigarh is boat at the beauti sukhna lake. however, the other import attract in the citi are the rock garden, the leisur valley & rose garden. chandigarh rock garden is veri well known for be entir design out of discard industri and urban waste, while the leisur valley is an 8-kilometre-long well-maintain park that hous asia most extens rose garden, a veri popular draw among tourist and local alike.anoth famou place to visit in chandigarh is the capitol complex, often refer to as le corbusi centre. earlier use as le corbusier base, thi unesco world heritag site ha now been convert into a museum, and tourist are free to visit it. the capitol is also home to the state vidhan sabha, high court, and secretariat.",Hill Station
Hampi,4.5,4-Feb,https://s7ap1.scene7.com/is/image/incredibleindia/lotus-mahal-hampi-karnataka-2-city-hero?qlt=82&ts=1726720891065,"hampi, the citi of ruins, is a unesco world heritag site. situat in the shadow depth of hill and valley in the state of karnataka, thi place is a histor delight for travellers. surround by 500 ancient monuments, beauti temples, bustl street markets, bastions, treasuri build and captiv remain of vijayanagar empire, hampi is a backpacker delight. hampi is an open museum with 100+ locat to explor and a favourit way to see the citi from the perspect of it history., , hampi wa the capit of the vijayanagar empir around 1500 ad, and by some accounts, the second largest citi in the world at that time. over the next centuri it fell out of importance, and now you can explor the ruin of a lot of templ and other structur spread out over a vast area. the terrain around hampi is as mysteri as the ruin itself - the citi is surround by boulder of differ sizes, and you can climb to the top of them with a littl effort to get a stun view of the entir citi and the geography. it is locat on the bank of the tungabhadra river. famou for it massive, beauti carv temples, especi the virupaksha temple, dedic to the patron deiti of the empire. you can also find remain of the old aqueducts, canal and militari barrack and stabl here. hampi wa declar a unesco world heritag site in 1986 and mani effort have been taken to restor the lost glori of the place - veri limit (if any) modern establish are allow in the main area, which give an authent feel to the ruins.",Hill Station
Gulmarg,4.6,2-Jan,https://i.ytimg.com/vi/9W2rUnS3psg/hq720.jpg?sqp=-oaymwEhCK4FEIIDSFryq4qpAxMIARUAAAAAGAElAADIQj0AgKJD&rs=AOn4CLC6edwz184GzRRA2uGjznAXXJ9jOg,"situat at an altitud of 2730 m abov sea level, gulmarg is a popular ski destin locat in pir panjal rang of union territori of jammu and kashmir. surround by snow-cov lofti himalayas, meadow of flowers, deep ravines, evergreen forest valleys, gulmarg also ha the world second-highest gondola ride., , among one of the top honeymoon destin in india, gulmarg boast of be a beauti town without the crowd like manali and shimla. gulmarg ha also been develop as an adventur hub as indian institut of ski and mountain is locat here. a lot of cours on trekking, mountaineering, skiing, and snowboard are offer by iism. there are a lot of other privat tour oper in gulmarg as well which provid similar cours and facil for skiing, snowboard and trekking. known for it scenic beauty, gulmarg ha also been a popular destin for shoot of variou bollywood films.",Hill Station
Almora,3.9,2-Jan,https://s3.india.com/wp-content/uploads/2024/12/Must-Do-Experiences-In-Almora.jpg,"set in the background of snow-cap himalayan rang of uttarakhand, the sprawl town of almora is a beauti hill station. with easi access from delhi and other major citi of north india, almora is known for it rich cultur heritage, uniqu handicrafts, sumptuou cuisin and magnific wildlife. thi town ha two major rivers- koshi (kaushaki) and suyal (salmali)., , popular pilgrimag site like nanda devi and jageshwar attract thousand of devote each year. almora is also popular among backpack as it ha hostel and cafe in kasar devi, a villag near almora.mani rout that go deeper into the himalaya start from almora, and there is also singl day to weekend trek near the town. almora is also popular for mountain biking, sinc it is easi to reach almora and it is at a rel low altitude, one doe not need too much train to bike here. mani shop and resort rent bike by the hour or by the day, and you can also enjoy cycl across the rug mountain paths.",Hill Station
Auli,4.2,3-Feb,https://tripxl.com/blog/wp-content/uploads/2024/11/Things-To-Do-In-Auli-Cover-Photo-5.jpg,"dot with the appl orchards, old oaks, and pine tree there is no dearth of natur beauti in auli. apart from ski you can also go for numer trek in the hill of garhwal himalaya and enjoy the spellbind view of the snow-drap mountains. auli is a popular hill resort in the himalayan rang date back to the 8th centuri ad. the garhwal mandal vika nigam limit (gmvl) run a ski resort and a ski rental shop. , , auli is a popular ski destin in india becaus of it glitter slope and clean environment. dot with appl orchards, oak and deodars, auli is a popular hill town with numer ski resort situat amidst the himalayan range. locat at 2800 meter abov sea levels, it is home to mountain rang of nanda devi, mana parvat and kamat kamet. mani religi destin are also scatter around auli. it is believ that shankracharya had bless auli with hi visit.",Hill Station
Madurai,4.1,2-Jan,https://pbs.twimg.com/media/FjyEXDzaAAAAzVy?format=jpg&name=4096x4096,"madurai, the cultur capit of tamil nadu, is one of the oldest continu inhabit citi of india. rule by pandya king for the longest time in it history, it is call as the lotu city as it wa plan and built in the shape of a lotus. madurai is known for meenakshi amman temple, dedic to the goddess meenakshi with a sanctum for her consort, sundareshwarar. , , there are mani other ancient templ in madurai, includ thiruparankundram. it is one of the import old templ dedic to lord muruga(karthikeya) and is locat on a hillock approxim 8 km from the city. have trade tie with ancient rome, the place hold a great cultur heritage. with bustl bazaar and fantast street food, madurai ha heritag walk conduct throughout the day. madurai is instrument in promot tamil languag and preserv the culture.",Hill Station
Amarnath,4.6,1,https://jainsonsumbrella.com/cdn/shop/articles/WhatsApp_Image_2023-07-13_at_3.37.47_PM_800x.jpg?v=1689243475,"amarnath, locat in union territori of jammu and kashmir is one of the most import pilgrimag in india for the worshipp of lord shiva. the amarnath cave ha an enshrin shival form natur with ice, which resembl lord shiva., , amarnath is visit by million of tourist everi year from all across the world for a challeng mountain trek call amarnath yatra. legend ha it that, thi place is regard to be the same cave where lord shiva reveal the secret of life and etern to goddess parvati.amarnath cave is access onli dure the sharavan month of july-august. there are two rout avail for undertak the amarnath yatra - via baltal or pahalgam. the baltal route, though shorter, ha a steeper trek route. the pahalgam rout is longer but is gener prefer by most of the devotees. it usual take 3-5 day to reach amarnath from the base point. helicopt servic are now avail by privat oper on both these routes. the devote need to make advanc book and get regist to undertak the holi pilgrimag to amarnath.read more about amarnath yatra 2021",Hill Station
Bodh Gaya,4.5,3-Jan,https://vajiram-prod.s3.ap-south-1.amazonaws.com/Bodh_Gaya_Temple_24acfece65.webp,"bodh gaya is a buddhist pilgrimag site in gaya district of bihar. famou for the mahabodhi temple, it wa here under the bodhi tree that gautama buddha attain enlightenment., , it is now one of the unesco world heritag sites, and a lot of foreign countries, includ japan and china, have help the indian govern in build facil for the buddhist pilgrims. the place is bustl with pilgrim all through the year from india and abroad who come to pay their homag in monasteries, templ and remnant of bodhi tree.loc near the river neranjana, bodh gaya wa earlier known as uruwela. it wa also known as sambodhi, vajrasana or mahabodhi until the 18th centuri ce. it is one of the four import buddhist site that include: kushinagar, lumbini and sarnath.",Spiritual
Mahabaleshwar,4.4,2,https://www.noblehousetours.com/wp-content/uploads/2023/11/Famous-Places-to-Visit-in-Mahabaleshwar.jpg,"mahabaleshwar is a hill station locat in the western ghats, in satara district of maharashtra. apart from it strawberries, mahabaleshwar is also well known for it numer rivers, magnific cascad and majest peaks. it is among the most sought after weekend getaway from pune & mumbai, locat about 120km south-west of pune and 285km from mumbai., , mahabaleshwar is also a sacr pilgrimag place for hindu as the krishna river origin from here. onc a summer capit of the british, the hill station of mahabaleshwar compris of ancient temples, board schools, manicur and lush green dens forest, waterfalls, hills, valleys. it is often use as a base to visit the magnific pratapgad fort, locat an hour away.malcolm peth, old kshetra mahabaleshwar and a region of the shindola villag are the three villag that make up mahabaleshwar.",Hill Station
Visakhapatnam,4.4,3-Feb,https://dynamic-media-cdn.tripadvisor.com/media/photo-o/28/97/13/5a/novotel-visakhapatnam.jpg?w=600&h=400&s=1,"visakhapatnam, also commonli known as vizag, is one of the oldest port citi in the country. situat in the heart of andhra pradesh, visakhapatnam is known for it picturesqu beach and seren landscape, as well as a rich cultur past. the port of visakhapatnam is renown for be home to the oldest shipyard in all of india. locat a short distanc away from visakhapatnam is araku valley, one of the prime attract of vizag. situat at a lofti 910 metr abov sea level, araku valley is a hill station replet with gush waterfalls, crystal clear streams, lush green garden and some challeng trek trails., , vizag is dot with mani beach along it coastline, with the most famou one be the yarada beach. one of the most stun place to see in all of visakhapatnam, yarada beach is surround by majest hill on three sides, and by the bay of bengal on the other side. one of the best thing about vizag’ beach is that they are a lot cleaner and a lot less crowd than other famou beach along the indian coastline, and yarada beach is no exception. it is the perfect place to sit back on the golden sand and wit a marvel sunris or sunset. if you’r a histori lover, the borra cave are one of the best tourist attract that vizag ha to offer for you. nestl amidst the ananthagiri hill in araku valley, the borra cave are over thousand of year old and are the biggest among all the cave found in india. made entir of natur karstic limestone, the cave are kaleidoscop in nature, and the light fall on the rock coupl with the waterfal creat an extrem colour effect, lend an aura of magic and mystic to the entir ambience. the katiki waterfalls, situat a short distanc away from the borra caves, is a gush waterfal that measur around 50 feet in height and is complet surround by the lush greeneri of the valley. the crystal-clear water cascad down the rocks, border by the gleam green foliag is a sight for sore eyes. be a coastal area, the primari cuisin of visakhapatnam includ seafood, as well as tradit andhra south indian cuisine. while visakhapatnam is not exactli renown for be a shop destination, you will still find a lot of thing that you can take back home. you can purchas a wide varieti of stuff start from handicraft to kalamkari paint to wooden toy to even gorgeou pochamp and ikat sarees.",Hill Station
Kasol,4.4,3-Feb,https://www.himalayanadrenaline.com/wp-content/uploads/2020/10/1577702169971-kheergangahotwaterBanBanjara.jpg,"kasol is a quaint littl villag in himach situat along the bank of the river parvati. commonli known as the amsterdam of india, kasol is a tourist attract that is rapidli gain fame as a popular hub for trekkers, backpackers, and natur lovers. kasol is situat 23 km from bhuntar and next to the religi town of manikaran and is one of the best place in the countri just to sit back and chill in the panorama of snow-clad mountains, pine tree and gurgl river., , kasol is famou for it trek trails, which includ trek to kheerganga, yanker pass, sar pass, and pin parbati pass. to get a real feel of the cultur in thi region, go on a visit to the villag of malana. locat a few kilometr away from kasol, malana is a tini hamlet inhabit by peopl live in self-impos isolation. the peopl of malana claim themselv to be aryan descendants, as a result of which they avoid interact with outsiders. the villag ha plenti of scenic sights, though, and is often call ‘littl greece’.kasol is inhabit by a huge number of peopl from israel, which is discern from the plenteous avail isra food, and the street signpost inscrib in hebrew. kasol ha quit a few streetsid cafe which serv delici food, and the experi of sit and enjoy a meal amidst the dark green forest and the awe-inspir mountain make the meal even more enjoyable.kasol ha a flea market that sell a varieti of items, so you can pick up trinkets, souvenirs, pendants, and even semi-preci stone to take back home for famili and friends.",Hill Station
Nashik,4.0,3-Feb,https://s7ap1.scene7.com/is/image/incredibleindia/1-trimbakeshwar-nashik--maharashtra_-city-hero?qlt=82&ts=1726675387974,"nasik is a religi hindu city, host to the kumbh mela everi 12 years. it also make for a perfect wine tast destination., , nashik (nasik), name after a relic associ with ramayana, is a citi in maharashtra locat on the bank of river godavari. nashik play host to the famou kumbh mela everi 12 years. the citi is home to plenti of exot templ and is known in hindu mytholog as the place where ravana sister, surpanakha, tri to seduc lord ram and got her nose cut off by lakshman in the process. it religi import doesnt end there. it also play host to the thousand of tourist visit shirdi and trimbakeshwar. apart from it temples, nashik also ha forts, waterfal and vineyard to look out for. with multipl vineyard present in nashik, the most popular be sula, the wine-tour industri is mushroom in thi part of maharashtra. nashik give you the chanc to experi a fabul cocktail of extrem - from templ to vineyards, hill to waterfalls, thi place offer a lot to see.",Hill Station
Tirupati,4.5,2-Jan,https://images.hindustantimes.com/img/2022/11/06/1600x900/_098bfa70-ba9b-11e9-ab59-a9539248f706_1667733284898_1667733284898.png,"situat in the chittoor district of andhra pradesh, tirupati is known for lord venkateshwara temple, one of the most visit pilgrimag centr in the country. tirumala is one of the seven hill in tirupati, where the main templ is located. the templ is believ to be place where lord venkateshwara took the form of an idol and is henc home to the dieti govinda. tirupati is one of the oldest citi of india and find mention in plenti of ancient veda and puranas., , the non-stop chant of ‘om namo venkatesaya’, the mad pilgrim rush and the 8-feet tall idol of lord venkateshwara – everyth about the sri venkateshwara templ is majestic. spread over an area of 26 kilometr and visit by nearli 50,000 pilgrim everi day, the templ is also commonli refer to as the templ of seven hills.ther are other templ in tirupati too that you can visit, includ the sri kalahasti temple, sri govindarajaswami temple, the kondandarama temple, the parashurameshwara temple, and the iskcon temple. tirupati is home to a uniqu geolog wonder that you shouldn’t miss out on! the silathoranam is a natur arch form out of rock and is locat at the tirumala hills.",Hill Station
Ujjain,5.0,2-Jan,https://vl-prod-static.b-cdn.net/system/images/000/772/488/38cd0b336afcc3fd4b9ee8632c34b948/x1000gt/Untitled_design__7_.png?1725523194,"ujjain, consid to be one of the holiest citi of india, is an ancient citi situat on the eastern bank of the shipra river in the malwa region of madhya pradesh. ujjain is one of the four site for the kumbh mela, the largest peace-tim gather on the planet that attract 100 million peopl to the festival., , thi make ujjain an import place of hindu pilgrimage. to add to that, it is also home to the mahakaleshwar jyotirlinga, one of the twelv jyotirlinga shrine to the god shiva. ujjain is one of the most gloriou citi of ancient india as it wa also known to be the educ hub of variou indian scholars. the immens wealth of ujjain in term of religion, architecture, and educ valu make thi is a top attract amongst not onli indian travel but also amongst foreign tourist as well. ujjain is locat at a distanc of 52 km from indore, which is also the nearest major airport.",Heritage
Jim Corbett National Park,4.0,2-Jan,https://cdn.guidetour.in/wp-content/uploads/2017/11/Jim-Corbett-National-Park.jpg.webp,"jim corbett nation park is the oldest nation park set amidst the foothil of the himalaya in the nainit district of uttarakhand. known for hous the endang bengal tiger, corbett nation park is part of the larger corbett tiger reserve., , famou for it wildlif safaris, jim corbett nation park ha multipl resort set on the riverside. home to more than 650 speci of rare and migratori birds, it is a haven for bird watchers. the most popular attract at corbett nation park is dhikala, a forest lodg locat on the border of patil dun valley, which is known for the stun locat and rich wildlife.onli 180 vehicl are allow to enter the nation park in a day. jim corbett nation park remain close from juli to octob dure the monsoons. however, jhirna, dhela and sitabani tourism zone remain open for tourist throughout the year. safari are organis in all the zone by two shift by the forest offici in all the zones.th jim corbett nation park wa establish in 1936 as hailey nation park and is name after jim corbett who is a famou hunter and naturalist. it wa the first place where project tiger wa launch in 1973. the park is spread over an area of more than 500 sq km and is divid into 5 zones: bijrani, dhikala, jhirna, domunda and sonanandi to promot tourism.",Hill Station
Gwalior,3.8,2-Jan,https://img.veenaworld.com/wp-content/uploads/2022/06/Everything-You-Need-to-Know-about-Jai-Vilas-Palace-Gwalior.jpg?imwidth=1300,"gwalior is a histor citi locat in the state of madhya pradesh. popular becaus of the hilltop fort, gwalior is full of palac and gloriou templ give thi citi a majest charm which speak volum of it gloriou past., , a histor citi found by king surajesan, gwalior is a citi where india most emin royalti onc resided. jai vila pala ha the largest carpet in the world which took almost 12 year to weav and two most massiv chandeli in the world that weight close to 3.5 tonnes.th great indian musician tansen wa born in gwalior, and the tomb of tansen is also an import place here. everi year, in november/december, a four-day tansen music festiv is celebr in the citi where variou classic musician from all over the countri perform on the stage near the tomb itself. visit the variou monument and museums, eat the local delicaci like namkeen and go boat in tighra dam while you are in the city.",Hill Station
Mathura,4.2,2-Jan,https://travelsetu.com/apps/uploads/new_destinations_photos/destination/2024/01/05/5ff2db15dfdd68066ce88c2a9df1cc22_1000x1000.jpg,"one of hinduism seven sacr cities, mathura is the birthplac of the veri belov lord krishna. locat in the state of uttar pradesh, mathura and vrindavan are often consid twin citi (locat onli 10km away from each other). mathura is a small town dot with templ from variou age and attract a hord of pilgrim from all over the world. , , one side of mathura is stretch across the yamuna river, line with 25 ghats, which are best visit dure dawn when you can wit local and tourist take a holi dip, and at dawn (just after the sunset) when hundr of diya are float dure the daili aarti. mathura is flood with tourist and pilgrim dure the two main festiv - janmashtami (lord krishna birthday) in august/september, and holi in february/march.shri krishna janmabhumi is the most famou tourist attract in mathura, as thi place is believ to the be the exact place where lord krishna wa born, and the prison where he wa born is now on display for tourist to see. mathura ha mani temples, both big and small, dot the entir city, with mani of these templ be dedic to lord krishna. the two most import templ in town are the dwarkadheesh templ and the gita mandir. if you are look for more than just the standard tourist fare, then the best way to explor mathura is by take a walk around the street of the city. everi nook and cranni of thi religi town still retain an old-world charm that beli the urban the citi ha kept up with. there is a lot of histori to mathura that you can experi onli by explor the old-fashion architecture, the crumbl ruin of old houses, and the genial amiabl of the local who are alway will to show you around.it is not possibl to think of a citi as old as mathura and imagin it not have a delici histori of street food! don’t forget to tri out local snack like kachodis, aloo-puri and chaat, which are avail at ani and all eateri line the streets. jalebi and gulab-jamun are also veri popular local street food item that are avail at all shop throughout the day.",Heritage
Jog Falls,4.4,1,https://encrypted-tbn0.gstatic.com/images?q=tbn:ANd9GcRNroFptuQ9tbWuLxu2i_w6gIRS6nI8_aubag&s,"the second-highest plung waterfal in india, jog fall is a major tourist attract in karnataka and is the highest waterfal in the state. second, to the nohkalikai fall of meghalaya, jog fall drop about a huge 253 m (850 ft. ) in a singl fall. however, due to the construct of linganamakki dam which is a hydroelectr plant closeby, the flow in the fall is huge restrict befor monsoons. so, it is best to go dure the monsoon season to see the fall in it full form., , jog fall is a 2 hour drive from the main shimoga city. also known as gerosappa fall or the joga falls, thi season waterfal is broken into four segment - raja, roarer, rocket and rani. theyr name base on certain characterist of the streams. raja is an unbroken stream, roarer is a strong and violent current that gush down to meet the raja stream, rocket flow down in differ jet and rani is a quiet stream with fall in foam. next time you visit, tri identifi the streams!",Beach
Alibaug,3.9,2-Jan,https://c.ndtvimg.com/2025-02/enb5jpm_mn_625x300_21_February_25.jpg,"alibaug (also spell as alibag) is a small coastal town in the konkan region of maharashtra, known for it beaches, villas, and beauti scenery. alibag is veri popular as a weekend getaway from the citi of mumbai and pune. , , water sport in alibaug like parasailing, banana boat and jet ski and speed boat are quit popular dure the dri season. most tourist famili spend at least one night in alibag with extend to multipl nights. alibaug ha earn itself the name of mini-goa, owe to the high tourist footfal all year round. steep in coloni history, alibaug is a quaint littl town locat about 96 km from mumbai and 150 km from pune, and is replet with sandi beaches, clean unpollut air, and plenti of fort and temples, ensur that despit be a small town, you never run out of activ to do. alibaug is famou for it numer beaches, which are onli a few minutes’ drive away from each other, so you won’t have to worri about which beach to visit and which one to leav out. the most visit beach in alibaug is, of course, alibaug beach, which offer a spectacular of view of not onli the sunris and sunset but of the kolaba fort as well, which you can take a short boat ride to. the colaba fort wa onc the cornerston of the maratha empire, and most of the edific is still in good shape. other popular beach in the area includ kihim beach, and nagaon beach, with kihim beach be a photographer’ paradise.alibaug is also home to mandwa beach, a beach famous known for the innumer number of movi shoot that take place here. the beach offer a stun view of the gateway of india from it bay, and you can sit and sip on a cool drink on the sand under the orchard of coconut tree line the beach.",Beach
Rameshwaram,4.1,2-Jan,https://img.peapix.com/a742976744a74cf2a86b9ebe3e5a1193_480.jpg,"rameshwaram is locat on a beauti island in the south indian state of tamil nadu. it is separ by a small pamban channel from sri lanka. accord to hindu mythology, thi is the place where lord rama creat a bridg across the sea to sri lanka., , rameshwaram ha the first sea bridg connect the town of mandapam with pamban island, and rameswaram. abdandon town of dhanushkodi is also locat on pamban island which wa a bustl town until it got destroy in 1964 by cyclone.renown for it magnific prakara with massiv sculptur pillar on either side, the ramanathaswami templ hous the longest corridor in the world. agniteertham is famou for it sacr water and pilgrim perform pooja in honour of their ancestor at thi seashore. the five-fac hanuman templ hold the float stone which wa use to build the bridg between india and sri lanka.",Beach
Vrindavan,4.3,2-Jan,https://d3vzcd81g3m050.cloudfront.net/wp-content/uploads/2023/03/indian-temple-4782312_1280.jpg,"one of the oldest citi on the bank of yamuna, vrindavan is consid to be one of the most import place of pilgrimag for the devote of krishna. it is said that lord krishna had spent hi childhood in vrindavan. the name of the citi ha been deriv from vrinda (mean basil) and van (mean grove) which perhap refer to the two small grove at nidhivan and seva kunj. sinc vrindavan is consid to be a sacr place, a larg number of peopl come here to abandon their worldli life., , the citi of vrindavan host hundr of lord krishna and radha templ scatter throughout, the most famou one be bank bihari templ and the world-fam iskcon temple. the vibrant surround perfectli depict the play and benevol natur of lord krishna. locat along the water of river yamuna, the numer templ set amidst the thick wood and lush greeneri of vrindavan are the major attract here.",Spiritual
Coimbatore,4.1,2-Jan,https://s7ap1.scene7.com/is/image/incredibleindia/adiyogi-shiva-statue-coimbatore-tamil-nadu-city-1-hero?qlt=82&ts=1726674526739,"often term as manchest of south india, coimbatore, the second-largest citi in tamil nadu, photograph situat on the bank of river noyyal. coimbatore, also known as kovai, is a welcom area with the backdrop of hustle-bustl and charm of activ and industry. from ancient templ to classi new buildings, from breathtak mountain to jaw-drop waterfalls, from mouth-wat cuisin to pleasant weather all year round, coimbator ha everyth you could possibl need to make for a perfect holiday experience. coimbator is home to a massiv 112 feet tall statu of lord shiva, known as the adiyogi shiva statue. featur in the guin book of world records, thi architectur masterpiec is a veri popular tourist spot in coimbator and stand as a symbol of self-transform and inner peace. , , camp and trek are veri popular thing to do in coimbatore, so if you’r look for a thrill, don’t forget to check out the most excit trek trail that the citi ha to offer, such as the dhoni hills, the vellari mala, the perum peak, and the thalaiyar fall trek. the offici name of coimbator ha been chang to koyampuththoor. it wa done to chang the name of the citi closer it origin name in tamil.",Hill Station
Lucknow,4.2,2-Jan,https://thumbs.dreamstime.com/b/lucknow-heritage-site-roomi-gate-200872649.jpg,"the capit and the largest citi of uttar pradesh, lucknow, situat on the bank of river gomti, welcom you with a heartwarm note of muskuraiyein, kyunki aap lucknow mein hai. a citi of kebab and nawabs, of architectur and history, of literatur and cultur – that is lucknow in a nutshel for you. from a slice of rich coloni histori to modern museums, thi artist hub of awadh region beauti bring togeth the opul of a glitter past and the simplic of a modern city., , rumi darwaza, the mughal gateway built in the centr of the capit divid lucknow into old lucknow which is ancient, and more crowded, and the new lucknow which is urban and one of the most plan citi of asia. most of old lucknow is well-known for it bustl vibrant streets, authentic, mouth-wat kebab and biriyani outlets, lakhnavi chikan market, and the wholesal jewelleri stores.new lucknow, on the other hand, host peopl of vari cultur and is structur plan with wide roads, shop mall and park built to serv divers entertain purposes. the most famou among these park are the ambedkar park and the gomti riverfront park, both ideal place for visit and stroll around with friend and famili in the evening. hazratganj, a major shop area locat in the heart of lucknow, is famou for it chaat and kulfi eateries, posh mughlai restaurants, and variou shop complexes. all the build in hazratganj have a distinct victorian architecture, and you can shop for liter anyth – start from inexpens accessori and trinket to high-end clothes, shoe and jewellery. the peopl of lucknow are known for their courtli manner and endear pehl aap (you first) culture, which alway leav behind a smile on the face of it visitors.",Heritage
Digha,4.1,2-Jan,https://cdn1.tripoto.com/media/filter/tst/img/2470943/Image/1694584906_explore_digha_the_most_popular_sea_beach_in_west_bengal_india_5.png,"beach town situat on the shore of bay of bengal, digha is a popular tourist destin known for it untouch beach and scenic views, especi among peopl in west bengal., , digha is a one-stop destin for famili look forward to spend a pleasur weekend. one of the best featur of thi hamlet is it vari and divers tourist attract spots. known for it magnific beaches, religi templ and high-tech research center and museums, thi most popular sea resort of west bengal ha a lot to offer for peopl of all age groups. digha sceneri can also offer you the pleasur experienc in wit area that have minim human impact and are rel untouched.",Beach
Dharamshala,4.1,4-Feb,https://traveltohimachalpradesh.com/uploads/tour-package-images/delhi-shimla-manali-dharamshala-dalhousie-delhi-9-night-10-days-tour-package.webp,"dharamshala or dharamsala citi is locat in kangra district at 18 km from kangra citi in himach pradesh. the state winter capital, dharamshala, is separ as upper and lower divis with differ altitudes. the lower divis is the dharamsala town itself, wherea the upper divis is locat 3 km away and is popularli known as mcleodganj. dharamsala is promin visit for the bu connect and the bustl market., , dharamsala is the home to dalai lama, the buddhist leader who run hi govern in exil from dharamsala. now, what better place on earth than thi littl town set on the foothil of dhauladhar rang to experi the rich and regal tibetan culture. in 1959, dalai lama came to india with hi follow and settled, rather beautifi the town of dharamsala, transform it into the littl lhasa. dharamsala, for mani years, ha been a centr of medit and peace.",Spiritual
Kovalam,4.2,2-Jan,https://upload.wikimedia.org/wikipedia/commons/0/0e/01KovalamBeach%26Kerala.jpg,"famou for it esort and ayurved massag centre, kovalam is a coastal town locat around 13 km from thiruvananthapuram in kerala. the largest beach in kovalam is the lighthous beach that featur a 30-metr tall lighthouse. the other two adjac beach are samudra beach and hawa beach. all these three beach are crescent-shap shallow water and low tidal beaches., , earlier a fish village, kovalam start attract tourist in the 1930 and shot to fame in the hippi era of 1970s. it still see the influx of tourist from israel and europe. ayurved treatment and massag are one of it most popular indulg along with yoga, medit as well as other cultur activities. kovalam perhap come full circl as it is also a shop destin given the rich spices, wooden statu and handicraft that can make popular takeaways.",Beach
Kaziranga National Park,3.8,2-Jan,https://www.kaziranganationalpark-india.com/blog/wp-content/uploads/2022/06/kaziranga-safari-zones.jpg,"home to the largest popul of the one-horn rhino on earth, kaziranga nation park is one of india’ nation treasur in term of flora and fauna. locat in the state of assam in north-eastern india, it total area is share by the district of nagaon, golaghat and karbi anglong place it roughli at the centr of the state. approxim around five hour by road from guwahati, kaziranga nation park stand tall as the epitom of success wildlif conserv in india. in 1985, it wa award the statu of a world heritag site by unesco., , lie on the floodplain of the mighti river brahmaputra, rich veget cover almost the entireti of kaziranga nation park. receiv massiv amount of rainfal each year, at time even cross danger levels, thi nation park is characteris by tall eleph grass, marshland and tall tropic broadleaf forests. here, a wide varieti of fauna thrive includ the one-horn rhino, asiat elephants, wild water buffalo, leopard and royal bengal tigers. kaziranga nation park is also list offici as a tiger reserv and is home to one of the world’ largest popul of tigers. differ type of bird can also be spot here at the park. a popular migratori locat for bird who fli down from the north, one can spot variou bird such as the black-nest stork, the lesser white-front goose, ferrugin duck and baer pochard duck to name a few. other notabl bird famili which can be seen here includ the great indian hornbil and wreath hornbil among mani others.safari can be undertaken both dure the day and night dure the open tourist season. eleph ride are also veri popular among tourist and wildlif journalist and enthusiasts. hike is one such activ which is prohibit here to avoid casualties. great care is taken at thi nation park such that tourism and natur sustain go hand in hand.",Beach
Madikeri,4.4,2-Jan,https://dynamic-media-cdn.tripadvisor.com/media/photo-o/0d/e8/14/c9/closeup-view.jpg?w=1200&h=-1&s=1,"gener cover as a part of trip to coorg, madikeri is a hill town in karnataka with vast coffe plantations, lush forest and misti hills, all culmin into a breathtak view. locat in kodagu district around 6 hour from bengaluru, madikeri is a perfect weekend getaway. there is no pollution, no nois to hurt your ear and the cool breez that accompani you throughout make your trip memorable., , the most famou place of madikeri is raja seat- a famou viewpoint from where you can grab all the strike beauti of madikeri at one go. madikeri fort and variou water cascad are among the other must-visit of the place. spend a coupl of day in the beauti homestay and airbnb for a rejuven experience. madikeri, apart from be a refresh summer retreat, is also famou for it coffe plantations, which are one of it kind in india. no wonder whi madikeri is also famou as karnataka coffe capital. renown for it coffe plantations, thi is one of the best place for coffe lovers. to get the real feel you can stay at one of the homestay situat on the coffe estates. you can also take plantat tour and help out in berri pick on the fields.",Hill Station
Matheran,4.3,2-Jan,https://maharashtratourism.gov.in/wp-content/uploads/2024/11/MATHERAN-4.jpg,"nestl amidst the sahyadri rang on the western ghats, matheran is a cosi littl hill station that stand at an elev of 2600 feet abov sea level, and is just 100 kilometr away from mumbai, make it the perfect weekend getaway. with it name liter translat to “overhead forest”, matheran is the smallest hill station in india but is extrem popular in term of tourist look for a short trip amid spectacular vista and serenity., , matheran is one of the veri few place in the world that do not allow ani vehicl at all, so the moment you step into thi littl town, you will be transport back to an idyl old-world era of red-soil roads, automobile-fre pathways, and lush green hill all around. the cold breez and the fresh air devoid of pollut is reason enough for tourist to throng to matheran all year round.a with ani other hill station, matheran is famou for it viewpoints. it ha a total of 36 viewpoint from where you can enjoy allur view of the sahyadri mountain range. most of these point have easi trek trails, and they offer sweep view of the mountains, the sunrise, sunset, and everyth in between. a favourit for trekkers, the actual magic of matheran is experienc while explor the region on foot and get lost in the beauti of the seren town.",Hill Station
Ranthambore,4.3,1,https://lp-cms-production.imgix.net/2019-06/a03a6290edfdb1c2c921e20002764a0b4d755341a328f18241002665f4eb3c14.jpg?sharp=10&vib=20&w=1200&w=600&h=400,"thi is one of the best tiger reserv of the country, known to have friendly tiger and chanc of sight one here is reason better than mani other tiger reserv of india. along with thi ranthambor ha one of the richest flora and fauna make it an absolut must visit area, , nestl in the foothil of vindhya and aravali hills, ranthambor is famou for it tiger reserv and the varieti of flora and fauna found. the ranthambor nation park, along with the ranthambor fort and the surround hill and valleys, altogeth make ranthambor a traveller delight. the place is a boon for wildlif photograph and is perfect for excurs and sightseeing. safari ride add to the adventur along with hot rajasthani pick for shopaholics. with an area of 392 kilometr square, ranthambor nation park is a natur habitat for a varieti of exot species. it is an absolut delight for birdwatch and an ideal place to watch anim in their natur habitat. the ranthambor fort, built in the 10th century, stand tall over the entir nation park. built by the chauhan dynasty, the fort is a unesco world heritag site. locat insid the fort is the majest templ of lord ganesha, the trinetra ganesh temple. ganesha devote flock the templ throughout the year. the other two templ are dedic to lord shiva and ramlalaji respectively. two jain temples, devot to lord sumatinath and lord sambhavnath are other attract of the fort. the padam lake and the surwal lake are two among mani that are a haven for bird watching. the ideal time to visit these lake is earli morning. locat adjac to the padam lake is the jogi mahal, a red sandston marvel. kachida valley, famou for locat panther and bears, along with raj bagh ruin and the surround decidu forest altogeth score browni point for ranthambore.",Hill Station
Agartala,3.8,2-Jan,https://s7ap1.scene7.com/is/image/incredibleindia/1-ujjayanta-palace-agartala-tripura-city-hero?qlt=82&ts=1726651055094,"home to the manikya king in the past, agartala is the perfect mix of natur beauti combin with divers and rich culture., , agartala is not just all flower and valley but also ha a cultur rich with the divers of peopl that stay here along with the histor and religi monuments. the capit of tripura manag to creat it cultur and person out of the come togeth of stori of all those who resid here and give it a hue of their own culture. the most develop citi in the state, it is still a far cri from the metro and henc maintain the best of both worlds.",Hill Station
Khandala,3.8,2-Jan,https://media2.thrillophilia.com/images/photos/000/178/699/original/1574493396_khandala-rajmachi-fort-157392790575-orijgp.jpg?gravity=center&width=1280&height=642&crop=fill&quality=auto&fetch_format=auto&flags=strip_profile&format=jpg&sign_url=true,"khandala is a popular hill station in maharashtra, perch on the foothil of sahyadri in the western ghats. khandala provid for a perfect weekend respit for the mumbai population, with it scenic valleys, grassi hills, seren lake and misti waterfalls., , it is one of the twin hill station - lonavala and khandala. the place immort by the popular bollywood song, aati kya khandala, is a must-visit destin for everyon look for beauti nature, pleasant weather and the feel of mist in the air. the natur beauti of khandala bloom to it zenith and reveal a magic charm dure the monsoons. it meander waterfal and glitter lake attribut to the majest look an impos ambience. the mumbai-pun expressway pass through khandala. due to thi easi accessibility, it is a popular hike spot from nearbi cities. the duke nose peak and karla hill are the two popular spot for rock climbing. locat near two more popular tourist hotspots, viz. lonavala (3 km away) and karjat (7 km), khandala is one of the perfect hill retreat for both trekker and young couples.",Hill Station
Kalimpong,4.1,3-Feb,https://i.ytimg.com/vi/HdP6Te4i7BY/maxresdefault.jpg,"kalimpong is a virgin hill station in west bengal renown for it panoram valley views, buddhist monasteri and church and tibetan handicraft etc., , 50 minut east ofêdarjeeling, kalimpong is a hill station on the foothil of shivalik rang at an altitud of 1250 m overlook the teesta valley. peopl say that the area wa rule by bhutanes king and wa a forward post of the bhutanes armi till the 19th century. dot with ancient buddhist monasteries, centuri old church and exquisit rever templ kalimpong mark the bhutanes histori till it wa wrest by british rulers. the jang dong palriffo brang (monastery), thongsa gompa (bhutanes monastery) are some famou place to visit. also make sure to visit the flower market famou for it orchid and love bright flowers.",Hill Station
Thanjavur,4.4,2-Jan,https://cdn.britannica.com/84/196584-050-410B179D/Brihadishvara-Chola-temple-Thanjavur-India-Tamil-Nadu.jpg,"also known as tanjor or the citi of temples, thanjavur ha a lot of cultur valu and is known for it famou tanjor paintings, antiqu and handicrafts, textil and sari , it carnat music and music instrument and of cours the temples., , thanjavur enjoy a rich histor heritag and hold a veri import posit in the mould of ancient as well modern south indian civilization. be of religi importance, thi place is a must for all pilgrims. there are mani religi place in and around the district. siva ganga garden, art gallery, palac & saraswathi mahal library, sangeetha mahal are the main tourist attractions. thi is a place where you can constantli wit the magnific and dynam cultur of the past and present breath life into and live in the everyday, give the area a uniqu and gloriou identity.",Spiritual
Bhubaneswar,4.2,2-Jan,https://odishatourism.gov.in/content/dam/tourism/home/discover/major-cities/bhubaneswar/gallery/gallery2.jpg,"bhubaneswar, the templ citi of india, onc known for it architectur and grand temples, is present a thrive centr for commerc and business., , bhubaneshwar is an ancient citi replet with beauti histor templ which attract pilgrim and tourist from all over the country. the name of the citi liter mean lord of the universe, rightli reflect in the number of templ here and the religi fervor of it locals. thi is now a bustl citi where the histori is beauti intertwin with it modern and progress present. bhubaneshwar be the centr for religi tourism ha a number of majest templ built centuri ago which have still retain their origin over all these years. among them the lingaraj templ and the parasurameswara templ are must-visit and attract tourist for all part of the country.",Spiritual
Ajmer,3.8,2-Jan,https://s7ap1.scene7.com/is/image/incredibleindia/1-ajmer-e-sharif-ajmer-rajstan-city-nearby?qlt=82&ts=1726659637115,"surround by aravali ranges, the citi of ajmer is most famou for the ajmer sharif dargah of saint muin-ud-din chishti. thi make ajmer one of the most signific place of islam pilgrimag in the world. locat at a distanc of 130 km from jaipur and 14 km from pushkar in rajasthan, the citi is firmli bound by it tradit and culture. ajmer ha a uniqu charm that lie in the etho and craftsmanship practis over centuries., , visit ajmer to wit the exquisit mughal architectur set in an aura of spirituality. the citi is also a renown religi spot for jain becaus of golden jain temple. dure the festiv of urs, commemor the death anniversari of saint moinuddin chishti, believ from across the globe throng the city. a lot of travel visit pushkar stop by ajmer and make a day trip. ajmer ha also been select as one of the heritag citi for the hriday (heritag citi develop and augment yojana) scheme of the govern of india.apart from ajmer sharif dargah and the jain temple, there are some other tourist attract in ajmer as well. adhai din ka jhopra, ana sagar lake, foy sagar lake, ajmer govern museum and taragarh fort are some of them. ajmer is also home to mayo college, one of the most prestigi board school in india.",Heritage
Aurangabad,3.7,4-Mar,https://media2.thrillophilia.com/images/photos/000/367/227/original/1614084463_1569840130_shutterstock_551233720.jpg.jpg?w=753&h=450&dpr=1.5,"aurangabad, which wa declar by the govern as the tourism capit of maharashtra back in 2010, is a famou tourist hub which greet it visitor with a richli woven tapestri of sight and sounds. the citi got it name for be the erstwhil capit of mughal emperor aurangzeb in the 17th centuri ad. the town is use as the base to explor the extrem famou cave of ajanta and ellora, daulatabad fort which is renown for it strong defenc systems, mausoleum of aurangzeb and bibi-ka-maqbara famou for it architectur and grishneshwar temple, one of the onli 12 shiva jyotirlinga in india., , from unesco world heritag site to bustl market brim with delic silk item and exquisit hand-woven garments, aurangabad promis all tourist an excit holiday experience. while the citi is rapidli head toward industri growth and globalisation, it still retain most of it past glory, heritage, charm and traditions.th most famou tourist attract of aurangabad is the ajanta and ellora caves. declar a world heritag site by unesco, the ajanta cave is home to 29 differ caves, all of which showcas buddhist artwork belong to the period rang from 200 b.c to 650 a.d. all paint and sculptur in the cave were construct painstakingli by buddhist monk use onli simpl tool such as chisel and hammers. these paint and sculptur portray a vari rang of stories, start from the jataka tale to intrigu account of ancient nymph and princesses. the ellora caves, a littl distanc away from the ajanta caves, hous a total of 34 cave and ha sculptur and paint depict not one, but three differ religion – hinduism, buddhism and jainism. the sheer divers of the sculptures, the architectur expertise, and the centuri of hard work undertaken by artisan are enough to leav you speechless.th sole remain exampl of mughal architectur in thi part of the country, bibi ka maqbara is a mausoleum dedic to rabia-ul-daurani, wife of mughal emperor aurangzeb. design by the persian architect ustad-ata-ullah, bibi ka maqbara ha a structur similar to that of the taj mahal, with the main structur border by four tower minaret on four sides. the entir build is a sight to behold, and sunris and sunset are resplendent, with the ray of the sun beauti cast the reflect of the mausoleum on the water of the canal in front of the building.aurangabad is also home to templ such as the jyothirlinga grishneshwar templ and the bhadra maruti temple, both of which have legend and myth of their own.siddharth garden is a place that all natur lover will be mesmer by. a landscap garden hous a wide varieti of sculpt tree and shrubs, the siddharth garden is also home to wild creatur such as lions, tigers, leopards, deer, and hyena. sit back on the green lawn of the garden and enjoy a beauti picnic is a veri popular tourist activ here.th erstwhil mughal capit ha retain most of it tradit tughlaq cuisine, with tandoor and kebab be local stapl that you will find at almost everi roadsid eatery.known for it art and crafts, and especi it silk, aurangabad ha plenti of market from where you can buy variou local handicrafts, exot gems, shawls, and of course, the region’ famou paithani silk sarees.",Heritage
Jammu,4.1,2-Jan,https://i.ytimg.com/vi/wT4UuRm6Me0/hq720.jpg?sqp=-oaymwEhCK4FEIIDSFryq4qpAxMIARUAAAAAGAElAADIQj0AgKJD&rs=AOn4CLCIrlAsQLxgcqik4YqFlFGUXFf5oA,"jammu is the southernmost-part of the union territori of jammu and kashmir which sit proudli on the magnific shivalik mountain ranges. the winter capit of kashmir, jammu is a holi and peac citi known for it majest temples, religi shrines, glitter shikhars, and cultur heritage. sinc it is also the start point to the huge popular vaishno devi templ and amarnath yatra, it is visit by tourist from far and wide. , , nestl against the backdrop of the snow-cap pir panjal mountains, jammu form part of the transit between the himalayan rang in the north and the dusti plain of punjab in the south. the shivalik hill cut across the area from the east to the west while the river ravi, tawi and chenab cut their way through the region. the citi of temples, jammu hous the famou maha kali templ which is consid second onli to the vaishno devi temple. origin found in 14th centuri bc, the area wa rule over by dogra dynasti in the pre-independ era. buddhist stupa date back to the 2nd centuri ad is pepper throughout jammu, speak volum of it rich heritage.th eccentr of jammu is preval is also preval in it dogra cuisin the crown of which is the scrumptiou wazwan (tradit kashmiri buffet). jammu is truli a melang of pilgrimage, leisure, natur beauti and heritage.",Hill Station
Dehradun,3.9,2-Jan,https://i.ytimg.com/vi/OP5QL2XSZG0/maxresdefault.jpg,"dehradun is the capit citi and the largest citi of uttarakhand. dehradun is locat at an altitud of 1400 feet abov sea level and ha a pleasant climat all year round. locat just 30km from mussoorie, dehradun is known as the gateway to mussoori and rishikesh and haridwar. dehradun is also known as the educ hub of uttarakhand with some of the country prestigi univers and board schools., , as you would expect from a citi locat in the foothil of the himalayas, dehradun abound in caves, waterfal and natur springs. one such popular spot is robber cave, which is a natur cave surround by hills. dip your feet in the ice-cold water or walk through it - travel are free to take their pick, make robber cave one of the most popular picnic spot in the city. anoth popular spot for natur lover is lacchiwala, where you can sit and enjoy a relax sunset around the man-mad lake and the lush greeneri around it. lacchiwala also ha arrang for trek and birdwatch if your up for it.",Hill Station
Puri,4.3,2-Jan,https://www.chanakyabnrpuri.com/wp-content/uploads/2025/01/jagannath_puri-temple-1024x576.webp,"puri in odisha is one of the four must-visit pilgrimag site for hindu becaus of jagannath templ that form the part of char dham in india. puri is a beach citi locat on the coast of bay of bengal which is one of the favourit among peopl of west bengal for a short trip., , have gain popular among hippi back in the 1970 due to the legalis of bhang, puri is still a popular destin among backpackers, however, the avail of bhang is now limited. with a plethora of hotel and homestays, the local tourist like to stay near the new marin drive and the backpack prefer to stay near chakra tirtha. the rath yatra (chariot festival) which take place dure the month of june-juli should not be miss if you are plan to visit dure thi time.known as the rest place of lord shiva, the majest histori and heritag of puri date back to the 3rd centuri b. c. puri, konark and bhubaneshwar complet the golden triangl of orissa, with their religi signific and cultur heritag be the centr of tourism in thi state. there are a lot of place near puri that one must visit, like the chilika lake, puri beach, gundicha ghar and the veri famou sun templ of konark. puri is soon turn into an industri hub with major manufactur compani come here.",Beach
Cherrapunji,4.5,2-Jan,https://travenjo.com/wp-content/uploads/2022/06/Seven-Sisters-Falls-1-gaimg.jpg,"earlier the wettest place on the earth, cherrapunji in meghalaya, also known as sohra, is known for it double-deck live root bridge. locat around 50 km from shillong, thi sub-division town is famou for it rich flora and natur attractions. although mawsynram is now the wettest place on earth, cherrapunji still hold the record for the highest record rainfal in a calendar year. apart from the famou live root bridge, other natur attract includ cave format such as the mawsmai cave and krem phyllut. asia cleanest village, mawylyngnong is anoth famou tourist spot here, where visitor can live and experi the food and cultur of the village., , the misti valley and the waterfal in the region make a long drive through cherrapunji ideal for those who love road trips. the breathtak panoram view of the valley and waterfal such as the famou nohkalikai waterfal are wonder experi to be had dure the sunni winter days. for those with a bit of time on their hands, the town of dawki at the border with bangladesh offer a wonder clearwat boat experi in the winter season.",Hill Station
Bikaner,4.3,2-Jan,https://s7ap1.scene7.com/is/image/incredibleindia/junagarh-fort-bikaner-rajasthan-1-attr-hero?qlt=82&ts=1726659583687,"locat in the midst of thar desert, bikan is a cultur paradis and a traveller haven. bikan with it magnific in architecture, art and cultur is fill with colour, festiv and cultur marvels.th citi will mesmer you with the camel saunter the beauti sand dunes, it ancient palac and forts. rightli call as one of the three great desert kingdom of rajasthan, the dazzl citi boast of old-world charm, opul have and depict a pleas bygon era of the rajputs. best known as the camel country for breed some best-known ride camels, bikan also happen to hous one of the onli two model of the biplan use by the british in world war 1., , sand dune and the desert safari are among major attractions. bikan is also famou for host the intern camel festiv which draw tourist from the world over. other attract here includ experienc delicaci such as thandai, bhujias, shop for the fascin ivori and lacquer item or simpli wit the immens heritag take the form of wall paint and art and craft in the area.",Beach
Shimoga (Shivamogga),4.4,2-Jan,https://i.ytimg.com/vi/Udk1OMOPcxM/hq720.jpg?sqp=-oaymwEhCK4FEIIDSFryq4qpAxMIARUAAAAAGAElAADIQj0AgKJD&rs=AOn4CLBpF_NcAcZBkkfhYnfeRkXflM4oOQ,"with natur in it full bloom, the town of shimoga ha been home to sever great dynasti and kingdoms. pack with sever marvel of natur in the form of picturesqu landscape, gorgeou waterfalls, mystic templ and lush green surroundings, it raw beauti will leav you absolut enchanted. the main citi of shimoga district deriv it name from the word shiv-mukha impli face of lord shiva., , bless with sway palm and verdant paddi fields, the place ha earn itself a nicknam of rice bowl as well as the breadbasket of karnataka. the four river name sharavathi, kumudavath, tungabhadra and varada make their way into the city, ad mystic charm to the region. pleasant weather, beauti roll hills, a profus of areca nut and an endless list of attract ha made thi place a must for enthusiast vacat makers.",Hill Station
Hogenakkal,4.0,1,https://www.tamilnadutourism.tn.gov.in/img/pages/medium-desktop/dharmapuri-1654194392_6e3e3cdfdd3337059dd5.webp,"hogenakk is a waterfal locat in dharmapuri district of tamil nadu where the kaveri river split into multipl stream of waterfalls. locat at a distanc of 180 km from bangalore, hogenakk ha water throughout the year. the carbonit rocks, the coracl (basket boat) rides, freshwat fish, oil massag by local make it a perfect one day trip or a weekend getaway from bangalore., , sometim refer to as the niagara fall of india, it is also known for the medicin baths. also known at marikottayam, hoge actual mean smoke and kal mean rock. recently, the place ha been found to be litter with plastic bag and garbag and the fish market outsid the waterfal might stink. weekend can be crowded. keep all these point in mind befor visiting.",Nature
Gir National Park,4.2,1,https://www.studyiq.com/articles/wp-content/uploads/2023/03/24143612/Gir-national-park.jpg,"gir nation park and wildlif sanctuari is the onli remain home for the asiat lions. locat in talala gir in gujarat, the sanctuari is a part of kathiawar- gir dri decidu forest ecoregion. gir nation park is close from 16 june to 15 octob everi year and the best time for wildlif spot is april and may., , gir provid you with the uniqu experi of visit a place which almost singularli play a crucial and defin role in the preserv and sustain of a certain species. the preserv of these lion wa initi by the nawab of junagadh when these were just about to enter the phase of extinct due to hunting. the offici count said that there were 411 lion in 2010. also, there are roughli differ 2375 speci of fauna here with 38 speci of mammals, over 300 speci of birds, 37 speci of reptil and over 2000 speci of insects. other import wildlif form found here are leopard, chausingha, spot deer, hyena, sambar deer and chinkara.",Wildlife
Kas,4.0,2-Jan,https://s3.india.com/wp-content/uploads/2024/07/Road-Trip-Routes-from-Kasauli-Himachal-Pradesh-1.jpg?impolicy=Medium_Widthonly&w=350&h=263,"locat on the road from chandigarh to shimla in the solan district, kasauli is a hilli canton town that make for an ideal peac holiday location, especi for a weekend getaway. mainli known for it access from chandigarh and delhi (locat just 65 km away from chandigarh), kasauli is not about particular attract or activ but the beauti villa and the seren environment., , kasauli is a canton town dot with lavish victorian build built by the british who resid here year back. the quaint villag ha natur trail and beauti viewpoints. popular attract here includ christ church, central research institute, monkey temple, and sunset point. it is also a pilgrimag place as lord hanuman is believ to have rest here dure hi search for medicin for lord lakshaman. the birthplac of ruskin bond, kasauli is visit by writer look for inspiration. sinc kasauli is locat in the southwestern part of himach and is on the rel lower edg of the himalayas, it is famou for hike trails. it is nestl amidst beauti woodi forest of pine (chir pine), herb (milk thistle) and cedar trees.",Hill Station
Pushkar,4.0,2-Jan,https://rajasthanyatra.in/blog/wp-content/uploads/2024/05/pushkar.webp,"pushka is a small templ town locat around 15 km from ajmer in rajasthan. a perfect choic for a weekend getaway from jaipur, pushkar ha an array of cafe and hostel for a backpack trip. everi november, pushkar is host to the pushkar mela, one of the biggest camel fair in the country., , known for the world onli dedic brahma temple, pushkar is primarili a pilgrimag site for hindus.spend some even sit at the ghat while sip chai or take a stroll through narrow alley while listen to the chant from templ surround the ghats. a delight for street-shop lovers, pushkar ha shop in the main street sell everyth from silver oxidis jewelleri to merchandis swaddl in variou colours. the pushkar mela attract million of visitor from around the world. with folk performances, rides, stall and even magic shows, the entir town is lit up, music blare from everi house, and everyon is in a festiv mood. thus, pushkar ha slowli evolv from a religi destin to a multi-cultur hotspot with travel worldwide.",Desert
Chittorgarh,4.1,1,https://s7ap1.scene7.com/is/image/incredibleindia/chittorgarh%20fort-chittorgarh-rajasthan-1-hero?qlt=82&ts=1726660527762,"locat in south-eastern rajasthan, chittorgarh is known for chittorgarh fort, the largest fort in india built on a hilltop, spread over an area of around 700 acres. the capit of the erstwhil kingdom of mewar, the magnific fortress will alway be rememb for the courag self-sacrif jauhar perform by rani padmini to thwart the conquest of the fort by alauddin khilji., , chittorgarh stand at the helm of chattari rajput pride and is rememb in the page of histori for it gloriou battles, especi the sieg of alauddin khilji. onc known for it grandeur and opulence, today, chittorgarh ha left it tale of braveri and betray far behind to catch up to commercialization. it take a few hour to cover the fort complex on foot. wear comfort footwear and keep a water bottl handy.rana kumbha palac is the largest structur in chittorgarh fort, and while it is now a mere tumbledown structur of broken wall and pile of stones, it wa onc a magnific three-stori palac with gigant pillars, maze-lik underground tunnel and intric design architecture. the most famou attract in chittorgarh fort is the padmini palace, name after queen padmini herself. replet with roof pavilion and water moats, the stori of queen padmini’ valour ring out loud in everi corner of thi dilapid building.",Hill Station
Nahan,3.9,2-Jan,https://dynamic-media-cdn.tripadvisor.com/media/photo-o/27/ec/6a/7e/seclude-nahan-bantony.jpg?w=500&h=-1&s=1,"away from the buzz crowd of the city, nahan is a perfect romant getaway. lie among the lofti shivalik rang overlook lush green fields, dirt free road and clean streets, thi small hill station serv as an ideal holiday destination., , nahan ha it past spun around mani tale and legends. found by raja karan prakash in 1621 as a capital, it is believ that thi town deriv it name from a sage name nahar who live at the same site where thi town stand today. as per anoth version, the town get it name from an incid where the king who wa tri to kill a lion wa stop by a saint name baba banwari da who said nahar mean dont kill. the quaint town today, is dot with gardens, templ and a manmad lake. visit nahan, a canton town of himach for an unforgett experience.",Hill Station
Lavasa,3.9,1,https://oneday.travel/wp-content/uploads/one-day-travel-mumbai-to-lavasa-sightseeing-tour-package-private-car-header.jpg,"known as india newest hill station, the lavasa corpor is construct thi privat city. the citi is a beauti project, stylist base on the italian town portofino. spread across 7 hills, cover an area of 25000 acres, lavasa is a perfect blend of beauti and infrastructure., , lavasa is a privat plan hill citi locat near pune in maharashtra. thi modern day hill station is an enjoy retreat for all it visitor and ha a lot to offer to it tourist from picturesqu sceneri to an extrem well-develop infrastructur includ hotels, resorts, educ institutes, malls, residenti property, it compani etc. lavasa is turn out to be a new hangout for peopl look for a small trip away from the hustl and bustl of hectic citi life. it is absolut a leisur holiday destin locat in the middl of lush green hills. lavasa citi is locat in the western ghat of maharashtra and manag to charm one with it mesmeris views. it is situat in mose valley near pune at a distanc of 65 km, about an hour drive, and from mumbai, it is approxim 200 km away. spread over 25,000 acr of land, it cover 65km of lakefront that give the whole citi a mesmeris look.",Hill Station
Poovar,4.3,1,https://dynamic-media-cdn.tripadvisor.com/media/photo-o/1b/b6/37/09/beach-view.jpg?w=900&h=-1&s=1,"poovar is a small rustic town situat 27 km from thiruvananthapuram with unspoilt, unexplor golden sand beach and beauti backwat of kerala., , also known as a fish village, the tranquil poovar island lie between the arabian sea and the neyyar river. hire a boat, (especi dure the sunset)that will take you through the mangrov forest of backwat is a must-do activity. the boat ride cost around inr 3000- inr 4000. the town ha some of the beauti resort and hotel that are known for the hospit they offer. poovar beach is seclud and is onli access by a boat. swim is allow here throughout the year except for the monsoon months",Beach
Jogini Waterfall,4.6,2-Jan,https://ml0y97d3u4go.i.optimole.com/w:801/h:451/q:mauto/f:best/http://anandavyasholidays.com/wp-content/uploads/2024/01/Jogini-Waterfall.jpg, Jogini Waterfall is located about 3 kilometres away from the bustling town of Manali and around 2 kilometres away from Vashisht Temple. Tourists have to trek ahead from the temple to reach Jogini Waterfall.  ,Adventure
Arjun Gufa,4.2,4-Mar,https://dynamic-media-cdn.tripadvisor.com/media/photo-o/07/65/be/e3/arjun-gufa.jpg?w=900&h=-1&s=1, Arjun Gufa is considered to be a legendary natural formation in Manali. The cave is a favourite picnic spot and is also famous for the adventure of exploring the creation from inside. The climb up to the cave is exciting in itself with the surrounding natural landscape so beautiful it cannot be explained in words.  ,Adventure
Atal Tunnel,3.1,2-Jan,https://media-cdn.tripadvisor.com/media/attractions-splice-spp-674x446/12/61/75/3c.jpg," Also referred to as the Rohtang Tunnel, Atal Tunnel is a horseshoe-shaped highway tunnel that connects Manali and the Lahaul-Spiti valley, reducing the time taken by around 4-5 hours. Named after the former prime minister Atal Bihari Vajpayee, the tunnel is the world’s longest one above 10,000 feet and is constructed in the Pir Panjal ranges, under the Rohtang Pass. It is an all-weather tunnel that has made possible the entry into the valley, which is usually landlocked during the winter months. The tunnel’s North End brings visitors into Sissu, which is surrounded by high peaks.
 ",Hill Station
Sissu,3.9,2-Jan,https://img.cdn.zostel.com/blog_photo/094_Sissu_29.jpg," Also known as Khwaling, Sissu in Lahaul, Himachal Pradesh, is situated on the right bank of Chandra River. A drive out of the North End of the Rohtang/Atal Tunnel will bring tourists into Sissu, set amidst high peaks like the Gyephang Goh. It draws many visitors owing to the breathtaking view of the waterfall, locally called Palden Lhamo dhar. Tea stalls provide refreshments while Hotel Triveni, Hotel Plm Dhara and several homestays offer accommodation.  ",Hill Station
Naggar,3.4,2-Jan,https://images.squarespace-cdn.com/content/v1/6298cb774cf3830bc9b342bf/9c0ecc81-4cab-4a7b-b975-5fbf60e4049d/naggar-town-viewpoint.jpg," Naggar is an unexplored and modest town in the Kullu district, which will give you all the time to leisurely walk around, rest and rejuvenate amongst mountains, valleys, lush greenery and the River Beas flowing in much proximity. ",Hill Station
Bhrigu Lake,3.2,2-Jan,https://mountainsojourns.com/wp-content/uploads/36_BhriguLakeTrek-Manali.jpg, Bhrigu Lake is a high altitude lake located in the district of Kullu about 40 kilometres away from Manali. The route to the lake passes through mesmerising meadows. Not many tourists know about the beautiful Bhrigu Lake Meadows that can be compared with the alpine meadows found at high altitude locations like Switzerland.  ,Nature
Kullu,3.4,4-Mar,https://experiencemyindia.com/wp-content/uploads/2024/09/Kullu-Manali-Blog.jpg," This sister town to Manali too, is a hill station of dreamy landscapes and sceneries, a hub of adventure activities as well as home to a number of sacred temples and shrines. ",Hill Station
Rahala Falls,4.3,5-Apr,https://media1.thrillophilia.com/filestore/dezava2i0hz9pcth17hqd61nxzgs_r9tcd9qskbaphqzb0kvqkqsjjur0_1487075716_maxresdefault.jpg?w=400&dpr=2, Rahala Falls is a well-known picnic spot for locals and tourists on their way to Rohtang Pass from Manali often halt to explore the waterfall. The water found at the Rahala Falls is usually cold as the water comes from a melting glacier situated in the Himalayas. The surrounding is thickly vegetated with deodar and Silver Birch trees.  ,Nature
Keylong,4.9,3-Feb,https://www.nitworldwideholidays.com/offbeat-destinations-india/himachal-pradesh/img/keylong/Keylong.jpg," Nestled between the Lahaul and Spiti district in the state of Himachal Pradesh, Keylong is a serene place perfect for a getaway to unwind. Due to the dry cold weather, the place does not have a lot greenery? but the snow covered mountains covered with mist are picturesque. Situated at an altitude of 3080 meters, Keylong also has a rich culture.  ",Hill Station
Rozy Waterfalls,3.7,3-Feb,https://dynamic-media-cdn.tripadvisor.com/media/photo-o/09/7c/fd/20/rozy-falls-manali-12699.jpg?w=800&h=-1&s=1," Rozy Falls is situated en-route Rohtang from Manali and is a popular tourist attraction. Enveloped in tall deodar trees, dense woods and bounteous nature, the silvery cascading water is a visual delight to the eyes and a famous picnic spot. ",Nature
Bhunter,3.4,5-Apr,https://media.tripinvites.com/places/manali/bhunter/an-evening-view-of-bhuntar-featured.jpg," What is generally overlooked as a town of utility only, with an airport and the last ATM before you travel to higher altitudes, is a town where one can have a calm, simple and almost idle break from the popular Himachal hill stations and their tourist rush. ",Hill Station
Pangong Lake,4.4,5-Apr,https://static.toiimg.com/img/92360662/Master.jpg," The most popular tourist attraction in Ladakh, Pangong lake is an endorheic (landlocked) lake situated at 4350 meters. Also known as Pangong Tso it is 12 kilometres long and extends from India to Tibet. Almost 60% of Pangong Lake lies in the Tibetan Autonomous Region. A unique feature of the lake is that it does not remain blue throughout the year or even the day, rather it changes colours from azure to light blue to green and grey too! It is famous amongst tourists as Ladakh lake, the spot where the Bollywood movie ""3 Idiots"" was shot. ",Nature
Shanti Stupa,4.3,3-Feb,https://s7ap1.scene7.com/is/image/incredibleindia/shanti-stupa-leh-ladakh-1-attr-hero?qlt=82&ts=1726667857753," The Shanti Stupa is a white-domed Buddhist monument. It is a religious place for Buddhists as it holds the relics of Buddha, consecrated by the 14th Dalai Lama. It looks exceptionally beautiful during the full moon night. ",Heritage
Tso Moriri Lake,4.3,4-Mar,https://discoverlehladakh.in/wp-content/uploads/2020/06/Tso-Moriri-Lake.jpg," Tso Moriri is the largest high altitude lakes in India, at an altitude of 4,595m. It is a twin to Pangong Lake. It is accessible only during the summer months and an inner line permit is required for visiting. ",Nature
Magnetic Hill,4.3,3-Feb,"https://static.wixstatic.com/media/9618c7_8a32656c397546579a57e18e43ee962c~mv2.jpg/v1/fill/w_568,h_320,al_c,q_80,usm_0.66_1.00_0.01,enc_avif,quality_auto/9618c7_8a32656c397546579a57e18e43ee962c~mv2.jpg", The popular Magnetic Hill of Ladakh is a cyclops hill where vehicles seem to move upwards on the hill instead of rolling downwards. It is located 30km from Leh towards Kargil. ,Hill Station
Stok Palace,3.6,3-Feb,https://voiceofladakh.in/wp-content/uploads/2024/04/A-view-fom-southwest-Stok-Palace.-Photo-Incredibleindia.-aspect-ratio-2-1.jpg," Located around 15km from Leh, the Stok Palace is the summer home to the royal family of Ladakh and descendants of King Sengge Namgyal. It was established in 1820 by King Tsepal Namgyal and was opened to the public in 1980 by the Dalai Lama. The Stok Palace has been converted into a heritage hotel and houses the Stok Palace Museum and Temple. ",Heritage
Kargil,3.3,5-Apr,https://s7ap1.scene7.com/is/image/incredibleindia/kargil-war-memorial-kargil-ladakh-3-attr-hero?qlt=82&ts=1726667820596," Kargil lies near the Line of Control facing Pakistan-administered Kashmir's Baltistan to the west, and Kashmir valley to the south. Zanskar is part of Kargil district along with Suru, Wakha and Dras valleys. Kargil was at the center of a conflict between India and Pakistan in 1999. ",Hill Station
Alchi,3.5,4-Mar,https://static.toiimg.com/thumb/71582064/a3.jpg?width=1200&height=900," Located in the Alchi Village of Ladakh, Alchi Monastery is a complex of Buddist temples of which Alchi Monastery is the oldest and most famous. Cemented on a flat ground unlike other monasteries in Ladakh, the traditional architecture of the monastery is a monastic complex which has 3 separate temples, known as Dukhang, Sumstek and the Temple of Manjushri. ",Heritage
Leh Palace,4.3,3-Feb,https://s7ap1.scene7.com/is/image/incredibleindia/leh-palace-leh-ladakh-1-attr-hero?qlt=82&ts=1726668001340, The Leh Palace is a 17th-century former royal palace that is converted into a museum. The highlight is the sweeping view of Leh and the surrounding Zanskar mountain from the rooftop. ,Hill Station
Chadar Trek,4.0,2-Jan,https://internationalyouthclub.org/wp-content/uploads/2024/12/Chadar-Trek-Ladakh-India_Eka-Experiences3.webp," The Chadar Trek or The Frozen River Expedition is one of the most unique and challenging treks in India. The 6-day chadar trek across the frozen Zanskar River in Ladakh takes place during the latter part of January till the end of February or sometimes even in the first week of March, depending on the weather. ",Adventure
Taglang La,4.4,3-Feb,https://www.lehladakhindia.com/wp-content/uploads/2024/07/taglang-la-pass.jpeg," The Tanglang La is a high mountain road located on the Leh-Manali highway just a few kilometers from Leh. It is at a height of 5,358 metres, is the second-highest mountain pass after Khardung-La Pass, and is also the 12th highest motorable pass. This popular spot in Ladakh is known for being the second highest mountain located in Zanskar range. The pass summit is breathtaking and is adorned by a number of prayer flags.
 ",Hill Station
Turtuk,4.5,3-Feb,https://static.toiimg.com/thumb/100621007/Turtuk.jpg?width=1200&height=900," Turtuk is a small village located in Nubra Valley region of Ladakh, on the banks of Shyok River. It is an unexplored and offbeat place, opened to tourists only in 2010. The picturesque village with its tiny houses and fields is surreal. It remains cut off from Ladakh for 6 months during winter. ",Hill Station
Lamayuru Town,3.5,4-Mar,https://ladakh-tourism.net/wp-content/uploads/2022/01/5.jpg," Lamayuru is a tiny village that's popularly known as the Moonland of Ladakh. It is immensely popular for housing the Lamayuru Monastery, the oldest and largest monasteries in Ladakh. It is an ideal stopover between the Kargil-Leh route. ",Other
Stargazing,4.9,3-Feb,"https://c.ndtvimg.com/2024-11/jtifkel8_stars_625x300_12_November_24.jpg?im=FaceCrop,algorithm=dnn,width=545,height=307"," Leh-Ladakh, as already mentioned earlier, is a must visit place for all photography lovers – especially, Astro-photographers! The Major reason why Ladakh is a favourite among astrophotographers is because it provides clear night skies to complement the scenic beauty. Cities don’t generally have such pellucid skies owing to the pollution around.  ",Nature
Ladakh Trekking,3.6,2-Jan,https://adventureworx.in/wp-content/uploads/2024/09/Complete-Guide-to-Trekking-in-Ladakh-Front-Image.jpg," Know for its majestic and moon like terrains, Leh is attracted by many natural lovers and adventurous tourist. Some popular trekking routes include Spiti to Ladakh, Markha Valley trekking, Ladakh Zanskar trekking and the Nubra Valley trekking. ",Hill Station
Sankar Gompa,3.2,3-Feb,https://ladakh-tourism.net/wp-content/uploads/2022/01/1-1.jpg," Sankar Gompa is a beautiful Buddhist monastery located 6 km from Leh. A subsidiary of Spituk Monastery, it serves as the residence of the Abbot of Spituk, the senior incarnate lama of Ladakh, making it an important religious site. The main attraction is the statue of Avalokitesvara with 1000 arms and heads. ",Spiritual
Dah Hanu,3.5,5-Apr,https://charzanholidays.com/wp-content/uploads/2024/09/dah-hanu-ladakh_charzan_holidays.jpg, The villages of Dah and Hanu are amongst the only few villages that are home to the Drogpa tribe. These villages are a must visit for those who are interested in cultural diversity. The Drogpa tribes are known for their distinct ornaments and head gears. ,Cultural
Nyoma,3.5,5-Apr,https://mysterioushimachal.wordpress.com/wp-content/uploads/2021/08/5d6642dbb62da-nyoma-travel-plan.jpg, Nyoma is a quaint village located 150 km from Leh on the banks of the Indus River. The main attraction of this unexplored village is a Buddhist monastery and the long walks in the peaceful lanes. Nyoma is best visited as a stopover when travelling to Chumathang from Leh. An inner line permit is required to visit Nyoma and its monastery. ,Spiritual
Abbey Falls,4.6,3-Feb,https://blogs.tripzygo.in/wp-content/uploads/2025/02/abbey-waterfall-3-1024x491.jpg," Abbey Falls, also known as Abbi Falls, is located around 10 kilometres away from the town of Madikeri and is one of the most popular tourist attractions in and around Coorg. The water cascade coming down from the cliff from a height of 70 feet provides a spectacular scene to behold. ",Hill Station
Talacauvery,4.3,5-Apr,https://coorgtourism.co.in/images/places-to-visit/headers/talakaveri-coorg-entry-fee-timings-holidays-reviews-header.jpg," Talakaveri is the source of the river Kaveri, located on the Brahmagiri hill near Bhagamandala.  Kodavas erected a tank which is now considered as its origin. It is believed that the river originates as a spring feeding a tank or a Kundike and then flows underground to re-emerge as Kaveri some distance away. The place has a temple dedicated to the Goddess Kaveriamma is located next to the tank and bathing in it on special occasions is considered holy.  ",Hill Station
Honnamana Kere Lake,3.3,2-Jan,https://coorgtourism.co.in/images/places-to-visit/headers/honnamana-kere-lake-coorg-entry-fee-timings-holidays-reviews-header.jpg," Known to be the biggest lake in Coorg, Honnamana Kere Lake has spiritual as well as historical significance. The lake is surrounded by hills, coffee plantations and man-made caves. Named after Goddess Honnamana, adjacent to this lake is a temple dedicated to the goddess. ",Hill Station
Brahmagiri Wildlife Sanctuary,4.2,4-Mar,https://d2rdhxfof4qmbb.cloudfront.net/wp-content/uploads/2024/02/brahmagiri2-1024x576.jpg," The Brahmagiri Wildlife Sanctuary covers 181 square km and has got its name from the Brahmagiri Park, which is the highest peak with a height of 1608 m. The primary vegetation of the sanctuary includes evergreen and semi-evergreen forests, shoal forest patches in grasslands and bamboos. The sanctuary was established in the year 1974 and is surrounded by plantations of coffee and cardamom.   ",Wildlife
Pushpagiri Wildlife Sanctuary,3.3,2-Jan,https://dynamic-media-cdn.tripadvisor.com/media/photo-o/18/63/70/0c/pushpagiri-wildlife-sanctuary.jpg?w=900&h=500&s=1, Pushpagiri is one of the 21 wildlife sanctuaries in Karnataka and home to many rare and endangered species of birds. The Kumara Parvat peak lies here. This National Park is also a proposed World Heritage site. ,Heritage
Bhagamandala,3.8,3-Feb,https://cdn.s3waas.gov.in/s3c8ed21db4f678f3b13b9d5ee16489088/uploads/bfi_thumb/2019111375-olwckddbs1vkejhx7ghig8yz6wrhxo1o3tfri4j3wq.jpeg," Bhagamandala is a pilgrimage site situated in the scenic foothills of Talacauvery, at a distance of only 39 kms from Madikeri. A bath in the holy waters of the Bhagamandala is not only sacred but also a very spiritually uplifting and cleansing experience. ",Hill Station
Brahmagiri,3.5,2-Jan,https://trekkerpedia.com/wp-content/uploads/2014/10/Brahmagiri-trek-Kerala-Thirunelli-11.jpg," Taking individuals deep inside the Brahmagiri Wildlife Sanctuary, the Brahmagiri trek is a delight with its myriad offerings. The route traverses lush forests, green grasslands and countless small streams and rivers. ",Adventure
Mallalli Falls,3.9,2-Jan,https://dynamic-media-cdn.tripadvisor.com/media/photo-o/0b/b1/21/e0/mallalli-falls-view-from.jpg?w=1200&h=-1&s=1, Mallalli Falls is a stunning milky white waterfall that lies in the northern region of the Kodagu district in Karnataka. The best way to reach the location of the Mallalli Falls is by trekking. It's a pleasant route and has wide concrete steps that lead to the waterfall. The Government has taken efforts to make the waterfalls easily accessible and convenient for visitors.  The falls originate from River Kumaradhara and takes a deep plunge of over 1000 metres in two tiers.  It's a pleasant route and has wide concrete steps that lead to the waterfall.  ,Adventure
Kutta,3.4,5-Apr,https://farm9.staticflickr.com/8473/8376134690_22365665bd_z.jpg," Kutta is a small town in Karnataka that connects the several tourist attractions surrounding it. Replete with misty mountains, undulating rivers and cascading waterfalls, Kutta is mainly known for serving as a gateway to the Nagarhole National Park with a few options of a home stay, especially for tourists coming from the Kerala side.
 ",Hill Station
Kopatty Hills,3.5,3-Feb,https://www.seawatersports.com/images/places/kopatty-hills-trek.jpg," Kopatty Hills is one of the lesser-known trekking destinations in India.  It is the myriad landscapes that such a short trail offers and lends the trek its appeal. Located in Coorg district it is a haven for those seeking an off-beat experience. It is a relatively simple route that traverses vast expanses of coffee plantations, rolling grasslands, peaceful streams and dense forests. ",Hill Station
Chettali,3.3,4-Mar,https://www.holidify.com/images/bgImages/COORG.jpg," Located on the Madikeri-Siddapur Road, Chettali is a small village blessed with lush greenery and misty hills surrounding it. The Cherala bhagavathy temple here also attracts tourists and devotees. ",Hill Station
Nalakunad Palace,3.3,4-Mar,https://www.holidify.com/images/cmsuploads/compressed/4274_20200519131839.jpg, It was the hunting lodge of Kodagu king dating back to 18th century. It is situated at the bottom of Coorg's highest peak Tadiyendamol. ,Hill Station
Mandalpatti,4.1,2-Jan,https://coorgtourism.co.in/images/places-to-visit/headers/mandalpatti-trek-coorg-tourism-entry-fee-timings-holidays-reviews-header.jpg," Overlooking the grassy knolls of Pushpagiri forests in the Western Ghats, Mandalpatti is a spectacular and unique vantage point in Coorg. Huddled at an altitude of 1800 m, this place mesmerises all those who visit it. It is also known by the name of ‘Muguli-Peth’ (translated in English as the market of clouds). ",Hill Station
Virajpet,5.0,4-Mar,https://dynamic-media-cdn.tripadvisor.com/media/photo-o/15/b3/26/71/club-mahindra-virajpet.jpg?w=600&h=400&s=1," Virajpet is an offbeat hill station, situated at a distance of just 22 km from Coorg. Also known as Virajpete which is derived from Virarajendrapete, after the name of the former ruler and founder of the place, it is known for its world-class coffee and spice plantations. ",Hill Station
Nishani Motte Trek,4.7,2-Jan,https://naturewalkers.in/wp-content/uploads/2017/01/DSC_0155-600x338.jpg," Located in the district of Galibeedu, 12 km from Madikeri near Coorg, Nishani Motte is a relatively unknown peak in Karnataka. Known for its scintillating views of misty mountains, green forest cover, lush green open meadows and rare species of flora and fauna, the place is also a popular trekking destination. ",Hill Station
Cellular Jail,4.5,5-Apr,https://s7ap1.scene7.com/is/image/incredibleindia/cellular-jail-port-blair-andaman-and-nicobar-islands-2-attr-hero?qlt=82&ts=1726816790676," The Cellular Jail, also known as 'Kala Pani' is an old colonial prison situated in Port Blair, the capital of Andaman and Nicobar islands. Constructed by the Britishers during their colonial rule in India, the jail was used particularly to exile Indian political prisoners. It was used to house many notable freedom fighters such as Batukeshwar Dutt, Yogendra Shukla and Vinayak Damodar Savarkar.  ",Island
Elephant Beach,4.8,5-Apr,https://www.andamanisland.in/storage/packages/thumb/78ba4ebfadf7aac02e7dbd5b6c25aa79_3.jpg," With its brilliant coral reefs and alluring cyan waters, the Elephant beach is one of the locations that add to the beach paradise reputation of the Andaman and Nicobar Islands. These waters are a prime destination for tourists wishing to engage in water sports like snorkelling, swimming, banana boat rides, speed boats and diving. There are two ways to reach Elephant Beach: Take a ferry from Havelock Jetty to Elephant Beach (1000 INR per person) or trek for half an hour with a guide (INR 500). The trek starts at a distance of 2km from Radhanagar Beach.  ",Beach
Neil Island,4.4,4-Mar,https://waywardwayfarer.com/wp-content/uploads/2021/12/neil-island-travel-guide-natural-bridge.png," Neil Island is a part of the South Andaman Administrative District and belongs to Ritchie’s Archipelago in the Bay of Bengal. A part of the massive ocean separates it from Ross Island and Havelock Island, Tourists visiting Havelock often make a day-long trip to Neil Island. Perhaps the most endearing feature of this island is its three sandy beaches, namely Bharatpur Beach, Sitapur Beach and Lakshmanpur Beach.   ",Beach
Radhanagar Beach,4.6,4-Mar,https://dynamic-media-cdn.tripadvisor.com/media/photo-o/03/89/e9/f8/radhanagar-beach.jpg?w=900&h=500&s=1," Awarded with the title of 'Asia's Best Beach' by the TIMES magazine in 2004, Radhanagar Beach in Havelock Island with its turquoise blue waters and powdery white sands lives up to the moniker. Its vast shores of endless white grains stretch across 2 kilometres, making it a prime attraction of the Andaman and Nicobar Islands.  ",Beach
Baratang Island,4.7,3-Feb,https://www.go2andaman.com/wp-content/uploads/2021/05/baratang-mangrove-forest-go2andaman.jpeg," Baratang Island, also known as Ranchiwalas Island, is a beautiful little island in the North and Middle Andaman Administrative district and is situated about 100 kilometres away from Port Blair by road. The island is well-known for its mangroves, mud volcanoes (only ones in India) and limestone caves. However, you may need to take permission from the Forest Department at Baratang to explore these caves. ",Wildlife
Mount Harriet National Park,4.2,2-Jan,https://cdn.experienceandamans.com/images/view-from-mount-harriet-andaman-islands.jpg," Mount Harriet National Park is undoubtedly the most beautiful of the nine national parks housed on Andaman island. Located in Ferrargunj Tehsil of Port Blair, Mount Harriet is Andaman's third peak (365m) and the most easily accessible one. Spread over an area of  46.62sq km, the national park is home to several species of birds and animals. Due to its privileged elevated location, the park offers some astounding views of azure blues surrounding the island and fascinating sunset and sunrise experiences.  ",Wildlife
North Bay Island,3.3,3-Feb,https://www.andamanislands.com/assets/site1/theme3/images/North-Bay-Andaman-shore-.jpg," North Bay Island in Andaman is most preferred by tourists for its breathtaking coral reefs and exhilarating adventure activities. Interestingly, the picture of an island on the back of a 20 Rupee note is of North Bay Island. ",Beach
Bharatpur Beach,4.4,3-Feb,https://andamanemeraldholidays.com/wp-content/uploads/2022/06/Bharatpur-Beach-Neil-Island.jpg," Located just half a kilometre from the jetty at Neil Island, Bharatpur Beach is a stunning shoreline famous for water sports like snorkelling, glass-bottom rides, and scuba diving other than beach exploration and sunbathing. The shore has shallow water with coral reefs. If you wish to spend some time away from the crowd then one can easily find a peaceful stretch at this place.  ",Beach
Laxmanpur Beach 2,4.1,2-Jan,https://andamantourism.org.in/images/places-to-visit/header/laxmanpur-beach-andaman-tourism-entry-fee-timings-holidays-reviews-header.jpg," Located on Neil Island, Laxmanpur Beach is a long beach divided into two parts: Laxmanpur Beach I known for its mesmerising sunsets and Laxmanpur Beach II known for the two natural arch bridges or Howrah Bridge. The abundance of corals and marine life on the shores during the low tide is popular among visitors. Walking towards the natural arch bridge can be a bit tricky as you will have to walk over the dead corals, so it is highly recommended to wear proper footwear. You can also spot a myriad of marine life here.  ",Beach
Corbyn'S Cove,3.4,5-Apr,https://dynamic-media-cdn.tripadvisor.com/media/photo-o/0a/a4/e8/03/corbyn-s-cove-beach-waer.jpg?w=1200&h=-1&s=1," Corbyn's Cove is the nearest beach to Port Blair. It is quite popular among tourists as well as locals. It has some water sports provision, but people often do not want to enter the waters because the surroundings are littered and the water is polluted with garbage. The facilities for water sports are also not as impressive as many other beaches in Andaman and Nicobar Islands. But if one wants to, they can go Jet Skiing or go on a short boat ride into the sea.   
 ",Beach
Chidiya Tapu,3.0,5-Apr,https://s7ap1.scene7.com/is/image/incredibleindia/chidiya-tapu-port-blair-andaman-nicobar-island-2-attr-hero?qlt=82&ts=1726746369628," Known as the bird island, Chidiya Tapu is a picturesque little island in the Andamans, located around 25 kms from Port Blair. While birdwatching is the main allure of the location, there are some fun water activities here, like snorkelling, scuba diving, deep-sea walking, pearl hunting, and boating. The Sunset point of the island is considered one of the best sunset points in the Andamans. ",Beach
Kalapathar Beach,4.0,5-Apr,https://www.andamanisland.in/storage/blogs/61c968f271c3b158_k3.jpg," Located on Havelock Island, Kalapathar Beach is a beautiful beach offering a stunning view of the Bay of Bengal and a long stretch of white sand with big boulders of black stone on the beach and underwater. The water runs deep and is ideal for swimming but it is advisable to be careful of underwater boulders.  ",Beach
Jolly Buoy Island,3.4,5-Apr,https://www.andamantourism.org/wp-content/uploads/2024/08/Jolly-Buoy-4.jpg, Jolly Buoy Island is amongst the archipelago of the Andaman and Nicobar Islands. It is a part of Mahatma Gandhi National Park. The clean and serene water with white sand beaches will provide for a great vacation. You will be able to explore the rich marine life including colourful corals reefs and fishes in this place with the means of water activities.  ,Beach
Amkunj Beach,4.0,5-Apr,https://cdn.experienceandamans.com/images/ambkunj-beach-rangat.jpg," Amkunj Beach is also called an eco-friendly beach in Rangat. It has a rocky shoreline and is not ideal for swimming; however, one can carefully stroll across to witness its beauty. Tourists can sit on the wooden benches installed on the shoreline and watch the waves come up to the uneven terrain. Sunsets and sunrises are the best times to visit the beach. It is also quite famous for spotting turtles.  ",Beach
Guitar Island Beach,4.3,3-Feb,https://www.andamanislands.com/uploads/andamanislands/blog/main/5f92a95a89237151_guitar_island.jpg," One of the numerous exquisite but uninhabited islands of Andaman and Nicobar, Guitar Island is as beautiful and rewarding a destination as one can be. With brilliant blue water all around and tropical greens inside, this island makes for a stunning day trip from the main island.  ",Island
Barren Island,3.9,3-Feb,https://www.go2andaman.com/wp-content/uploads/2024/02/IMG_5867-scaled-e1719401872261.jpg," Located about 135 kilometres to the northeast of Port Blair, Barren Island is situated at the intersection of the seismically active Indian and Burmese plates and is  1.8 million years old and is home to the only active volcano in the Indian subcontinent. As the name suggests, the island is largely uninhabited, thanks to the volcano eruptions that take place here at frequent intervals.  ",Island
Anthropological Museum,3.0,3-Feb,https://www.holidify.com/images/cmsuploads/compressed/Inside_the_Anthropological_Museum_of_Andaman_20180305113113.jpg," The Anthropological Museum, situated in the heart of Port Blair, is an ethnographic museum detailing the lives and cultures of the various tribes that have lived here: Jarawas, the Onges, the Sentinelese, the Shompens, and the Nicobarese.  Inside the museum, one will come across various artefacts, tools, clothes, boats, leaf baskets, and weapons from different eras of the tribes of this region.  ",Heritage
Sitapur Beach,4.8,3-Feb,https://andamantourism.org.in/images/places-to-visit/header/sitapur-beach-andaman-tourism-entry-fee-timings-holidays-reviews-header.jpg," Sitapur Beach is also known as Beach number 5 or Sunrise Beach.  is mostly known for its enchanting golden sunrises and sunsets, it is absolutely safe to swim in. There are very few places offering food and drink options, so you are advised to carry your own. 
Sitapur Beach can be reached by a Jetty or ferry from Port Blair to Neil Island. ",Beach
Viper Island,3.6,3-Feb,https://www.andamanisland.in/uploads/andamanislands/attachchments/main/61fb6766b2bf0103_viper2.jpg," Years before Cellular Jail was constructed, Viper Island was used by the British to keep the freedom fighters in exile. You can still see the remains of the jail built in 1867 by the British. Located at a distance of 10 minutes ferry ride from Port Blair, the island got its name from the vessel in which Lt. Archibald Blair came to Andaman and Nicobar in 1789. Legend also has it that there were numerous viper snakes present on the island, which is how it got its name. ",Island
Narcondam Island,4.4,3-Feb,https://images.nativeplanet.com/img/2018/02/3-1517469334.jpg," Located on the western side of the Indian Union Territory of Andaman and Nicobar Islands, Narcondam Island is a very tiny volcanic island which is still inhabited and is lately turning out to be a top tourist destination. Sprawling over a small 6.8 square kilometres, the island’s highest point is 710 m and it is formed of very igneous rock- andesite. It is mostly known for its dormant volcano that exists on the land.
 ",Island
Wandoor Beach,3.6,2-Jan,https://www.andaman.vacations/andaman/images/wandoor-beach-andaman-1.jpg," A small village in the southern part of South Andaman, Wandoor is most recognized for the Mahatma Gandhi Marine National Park, which is among the regions with the richest marine biodiversity. Wandoor Beach is situated at the mesmerizing South Andaman Islands. Two islands named Alexandra Island and Red Skin Island are also close to the beach and if you are adventurous, then take a boat to the islands for a trip.
 ",Beach
Mangrove Kayaking,4.0,3-Feb,https://media.tacdn.com/media/attractions-splice-spp-674x446/0b/9b/8f/4a.jpg," Known for their breathtaking beauty, immense greenery, and numerous water bodies, the Andaman and Nicobar Islands are an ideal destination for mangrove kayaking. Tour packages available for mornings and nights, mangrove kayaking provides an excellent opportunity to discover various flora and fauna accompanied by a trained instructor. Port Blair, Havelock, Ross Island and Baratang are some of the most popular locations for the activity.  ",Island
Vijaynagar Beach,4.4,4-Mar,https://dynamic-media-cdn.tripadvisor.com/media/photo-o/2e/ba/42/c8/caption.jpg?w=1200&h=-1&s=1," Vijaynagar Beach is one of the most famous beaches on Havelock Island and mostly visited for beach exploration, bird watching, fishing, trekking and thrilling water sports like snorkelling, surfing, sailing and swimming. The picturesque beach has a long stretch of white sand and the pristine turquoise water reflecting the clear blue skies is a view worth visiting.  ",Beach
Samudrika Naval,3.0,3-Feb,https://dynamic-media-cdn.tripadvisor.com/media/photo-o/12/3b/7e/4a/img-20180223-101229-largejpg.jpg?w=1200&h=1200&s=1," Samudrika Naval Museum is located in the capital city of Port Blair and is the pride project of the Indian Navy. With comprehensive coverage of the marine life present in the deep waters surrounding the island chain's territories, this fascinating museum is an amazing source for details on the environment in the ocean, its ecosystem and its biodiversity. The museum also provides in-depth knowledge on the history and culture of the Andaman and Nicobar Islands. ",Beach
Chatham Saw Mill,3.4,5-Apr,https://cdn.experienceandamans.com/images/aerial-view-chatham-saw-mill.jpg, Chatham Saw Mill is a 19th Century attraction in Port Blair which is renowned as the oldest and the largest sawmill in the continent. It is the only sawmill that provides timber for construction work on the island and is one of the few mills that export timber to industries and furniture units across the world. It is believed that the crimson wall panels at the Buckingham Palace in London have been made of the planks sourced from the mill. ,Heritage
Cinque Island,3.8,4-Mar,https://www.andamanislands.com/assets/site1/theme3/images/Andaman_Cinque_Island_Main.jpg," Located 26 km from the capital, Port Blair, Cinque Island is an inhabited isolated part of the Andaman Archipelago. It is nestled between Passage and Duncan Island towards the north side. The island is further divided into North and South Cinque Islands. The islands are collectively a part of Wandoor Marine National Park, or more commonly known as Mahatma Gandhi Marine National Park. ",Wildlife
Sandbar Beach,4.7,5-Apr,https://dynamic-media-cdn.tripadvisor.com/media/photo-o/0e/41/52/71/photo0jpg.jpg?w=1200&h=-1&s=1," Sandbar Beach is basically a long stretch of sand that connects two islands, Ross and Smith in Andaman. The stunning scenery created by the densely forested islands and the stretch of white sand is quite unique to the location and draws several tourists to witness it charm. On a clear day when the waves are gentle, one can relax a bit on the Sandbar or go snorkelling and swimming on either side. ",Beach
Rutland Island,3.7,2-Jan,https://www.andamanisland.in/storage/blogs/61b1ad358669c117_t.jpg," Rutland, lined with virgin beaches, is one of the lesser visited of all the islands located in the southern part of Great Andaman archipelago. ",Beach
Parrot Island,4.1,5-Apr,https://www.andamanislands.com/assets/site1/theme3/images/About-Parrot-Island.jpg," Parrot Island, a peculiar sort of home to thousands of fluttering parrots, looks like a whole new empire of wilderness born out of the salty waters of the Indian Ocean. Every day, hosts of green parrots arrive at the island as a part of their daily ritual, which is a spectacle to behold. Once in a while, we come across something so beautiful yet bizarre, exquisite yet inexplicable, that we find no words to quite describe it. Parrot Island is one such unparalleled destination, nestled quietly amidst the group of Baratang Islands of Andaman and Nicobar. This small island is part of a larger archipelago, all of which are laced with dense tropical forests and mangrove vegetation.  ",Beach
Diglipur,3.0,5-Apr,https://www.setmytrip.in/wp-content/uploads/2025/01/PSX_20250124_210606-1074x800.jpg," Diglipur, a large island located in the North Andaman area, is a tourist hotspot and an ecological paradise. The island houses rows of tropical forests, mangroves, and lovely beaches rich in exotic marine life. ",Beach
Saddle Peak National Park,3.0,4-Mar,https://www.andamanislands.com/uploads/andamanislands/blog/main/6027d5bf71fae198_saddle-peak-national-park-in-diglipur.jpg," Saddle Peak National Park was established in 1987 in the Andaman district of the Andaman and Nicobar Islands. It is entirely uninhabited by human beings, thus making it safe for preserving wildlife and the environment. The long trip to the park makes it worth it upon experiencing its beauty.  ",Wildlife
Lalaji Bay Beach,3.3,5-Apr,https://dynamic-media-cdn.tripadvisor.com/media/photo-o/1c/b0/5a/4a/jetty-at-the-beach.jpg?w=900&h=500&s=1," Located on Long Island, Lalaji Bay Beach is a picturesque attraction accessible by a small boat ride from Yerrata Jetty. The ride goes through a gorgeous Mangrove creek till the white sand beach. The pristine white sands and the crystal clear water of the Lalaji Bay Beach provide for a stunning place to relax and rejuvenate. ",Beach
Stewart Island Beach,4.4,5-Apr,https://media-cdn.tripadvisor.com/media/photo-c/1280x250/11/f7/79/ba/view-from-start-of-the.jpg," While planning a visit to the spectacular Andaman and Nicobar, your itinerary must include the scenic Stewart Island Beach which lies near the Mayabunder. Located near the north of Diglipur Taluk, the beach is approximately in the middle of Andaman district. The beach known for its brown-black colour sand and a serene atmosphere is uninhabited. Stewart Island Beach also gets the most breathtaking rainbows to add on to its picturesque charm against the backdrop of the dancing waves. The island is small with an area of 7.05 km square. ",Beach
Limestone Caves,4.3,4-Mar,https://tripxl.com/blog/wp-content/uploads/2024/07/Baratang-Caves.jpg," The naturally-formed limestone caves near Baratang island of Andaman are a favourite tourist spot for those who do not mind a long journey. The caves are only a destination as there is a long boat journey towards it. The caves, although beautiful, are not that easy to reach. One has to take a convoy through the Jarawa Forest land and ferry ride to Baratang Island before you can reach Limestone Caves in Andamans. Perfect for adventure-seekers and spelunkers, reaching these caves also requires a small trek. ",Adventure
Minicoy Island,4.4,4-Mar,https://media.holidify.com/images/cmsuploads/compressed/hd-wallpaper-3021072-19203-1666966978_20240501170430.jpg," One of the 36 small islets of Lakshadweep group of Islands, Minicoy, also known as Maliku in the local language is one of the best-kept secrets of India. It is located amidst the vast expanse of Arabian Sea, just 398 km or 215 nautical miles from the shores of Cochin.  ",Beach
Agatti Islands,3.6,3-Feb,https://images.wanderon.in/blogs/new/2024/05/agatti-airport-lakshadweep.jpg, Agatti Islands is considered another jewel from the Lakshadweep group of islands in India. The island is situated on one of the coral isles of Lakshadweep islands and is few of the islands from the Lakshadweep group that is inhabited by people. One may explore the island on foot or rent a two-wheeler to commute.  ,Island
Bangaram Island,4.3,3-Feb,https://www.setmytrip.in/wp-content/uploads/2024/12/Bangaram-Island-Resort.jpg," Bangaram Island is a beautiful tiny island in the Union Territory of Lakshadweep, India. The Bangaram Island encompasses an area of 1.234 km2 and is the largest island in the chain of islands in the region (also known as an atoll) with a beautiful lagoon. With a population of only 10 and just one beach resort, it is an apt destination for people who want to disconnect entirely from the fast-paced world.  ",Beach
Kavaratti Islands,3.6,5-Apr,https://www.seawatersports.com/images/places/kavaratti-island-in-lakshadweep.jpg," One of the prime destinations for tourists, this island has amazing white coral-sand beaches, calm and soothing lagoons and immense greenery! Like all other islands in the vicinity, this too is a nature lover's paradise! The dancing coconut leaves, smell of the salty ocean and the sound of the waves are something that any tourist will never forget. ",Beach
Kalpeni Island,3.6,3-Feb,https://s7ap1.scene7.com/is/image/incredibleindia/kalpeni-kavaratti-lakshwadeep-3-musthead-hero?qlt=82&ts=1727011703260," Also known as Koefaini, Kalpeni islands is a group of three islands and is one of the most picturesque areas of Lakshadweep. Cheriyam, Pitti and Tillakkam are the islands which together forms the Kalpeni islands. ",Island
Marine Museum,3.6,4-Mar,https://rsrtoursandtravel.com/wp-content/uploads/2024/03/Samudrika-Naval-Marine-Museum.webp," Situated in Kavaratti, Marine museum showcases plethora of marine related artifacts and aims at promoting marine products and its preservation. The interesting thing about the museum is its aquarium which has few of the most striking species of sea fishes and water animals. ",Beach
Kadmat,3.6,3-Feb,https://media2.thrillophilia.com/images/photos/000/359/290/original/1603549866_boats-and-shacks-in-lakshadweep-islands-min-1280x720.jpg?," Kadmat is one of the most popular islands for tourists. Famous for sun bathing, it is renowned for its pristine silvery white beaches. This really small island has a beautiful lagoon in its premises enclosed by coral reefs. ",Beach
Amindivi Islands,3.3,2-Jan,https://www.connectingtraveller.com/images/localtip/1653557204images%20(30).jpeg, One of the most habited islands of Lakshadweep; Amindivi is a group of islands lying in the North Lakshadweep and is famous for its choir products. It is an ideal place for those seeking to experience the local culture and markets of Lakshadweep. ,Island
Andretti Island,3.3,3-Feb,https://www.trawell.in/admin/images/upload/388932430Andretti_Island_Main.jpg," Also known as Andrott Island, this is the largest island of Lakshadweep and is located closest to the Indian mainland. Unlike other islands, Andretti islands are in east-west direction. ",Island
Thalassa,3.0,2-Jan,https://b.zmtcdn.com/data/pictures/4/130274/251ed81d3c6d7aea3cea9377f6936ad1.jpg," Thalassa- The Greek Taverna is one of the most popular restaurants in Goa. Having moved out to the backwaters along with Siolim (from its prior location of Vagator hilltop), it is famous for its signature cocktails and sunsets. Reverberating with the cultural flavour of Greece, it serves authentic Greek Mediterranean cuisine. ",Hill Station
Butterfly Beach,3.9,3-Feb,https://i.ytimg.com/vi/aNus6YedBNg/hq720.jpg?sqp=-oaymwEhCK4FEIIDSFryq4qpAxMIARUAAAAAGAElAADIQj0AgKJD&rs=AOn4CLDzNgq95TqMXUVhUXtuRhwFX-sNdg," A little to the south of Palolem in Canacona region of Goa lies the Butterfly Beach. This beach, also known as Honeymoon Beach, is one of the most secluded and lesser-known beaches of Goa. The beach is mostly accessible by a boat (ferry) ride from the nearby beaches. ",Beach
Divar Island,4.1,2-Jan,https://www.susegadsuitesgoa.com/wp-content/uploads/2023/04/divar-island-jpg.webp," Divar Island is a slice of heaven tucked away in dense woods amidst the beauty of nature. Connected to Old Goa only through ferry service, this island is synonymous with natural beauty, serenity and tranquillity. ",Beach
Explore Dona Paula,4.4,5-Apr,https://dynamic-media-cdn.tripadvisor.com/media/photo-o/09/d1/7a/86/dona-paula-beach.jpg?w=900&h=500&s=1," Dona Paula is one of the most popular tourist hangouts in Goa famous for its vast stretch of beach. The small beach is also popular as the Lover's Paradise and features a jetty (Dona Paula Jetty) adjacent to it, which provides an ethereal view of the Arabian Sea and Mormugao harbour. ",Beach
Arambol Beach,4.4,4-Mar,https://i0.wp.com/www.happypandahostel.com/wp-content/uploads/2022/01/8asovra9hft5e4vfhl54o9hg0gha_arambol_beach.jpg?ssl=1," Beautiful and serene, Arambol Beach is among the best beaches of North Goa and is relatively unexploited by tourist activities. Considered to be one of the most spectacular beaches in Goa, Arambol beach has a distinct Bohemian feel to it, which attracts tourists from all over the world. ",Beach
Vagator Beach,4.3,3-Feb,https://dynamic-media-cdn.tripadvisor.com/media/photo-o/16/e5/03/bd/img-20181104-094252-largejpg.jpg?w=1200&h=-1&s=1," Vagator beach is one of the most beautiful beaches in Goa. It is famous for its soft white sands and imposing but beautiful rocky cliffs. The beach is divided into two major parts, namely Little Vagator, also known as Ozran Beach, and Big Vagator. It is also popular for its sweeping panoramic views, beach shacks and trance parties. ",Beach
Brittos,4.8,5-Apr,https://cdn1.tripoto.com/media/filter/nl/img/2380291/Image/1708335379_3qsdesbwozdh.jpg.webp," Be it during the season or off-season, you cannot NOT come here if you're in Goa. It is amongst the best shacks in Baga Beach and is just perfect if you're seeking the company of the sea and the sand while you sip on that beer.  ",Beach
"Mambos, Calangute",3.7,2-Jan,https://www.holidify.com/images/cmsuploads/compressed/mamboo_20200206131113_20200206131133.jpg," Located in the famous Titos lane, Mambos is a popular nightclub in Goa. The open-air lounge encircles a dancing area with a host of Indian and international DJs playing every night. They also serve a variety of Hookahs. ",Beach
Anjuna,4.3,2-Jan,https://cdn.abhibus.com/2024/06/Anjuna-Flea-Market-North-Goa.jpg," Anjuna Flea Market on Wednesday is a treasure trove of trinkets, handicrafts, hippie clothing, souvenirs and everything else from cheap bags to footwear and junk jewellery. Also popular as the queen of hippie flea markets, the Anjuna Flea Market as much a part of the Goa experience as the beaches. ",Beach
Colva Beach,4.4,2-Jan,https://i.ytimg.com/vi/gpx8v3a9X4c/hq720.jpg?sqp=-oaymwEhCK4FEIIDSFryq4qpAxMIARUAAAAAGAElAADIQj0AgKJD&rs=AOn4CLBHyAQWqhwUHTFZCNKRD7tuuYh_Xw," One of the most happening beaches in South Goa, Colva beach is mainly renowned for its shopping and phenomenal nightlife. The beach is full of shacks and eating joints.  ",Beach
Morjim Beach,4.3,2-Jan,https://dynamic-media-cdn.tripadvisor.com/media/photo-o/17/27/06/b7/view.jpg?w=800&h=-1&s=1," Morjim is sometimes referred to as ""Little Russia"" owing to the large population of Russian immigrants staying here. Morjim beach is home to exotic species of birds and some rare endangered animals such as sea turtles. ",Beach
Agonda Beach,4.4,5-Apr,https://cdn.thegoavilla.com/static/img/articles/goa-agonda-beach.jpg," If you're looking for a place away from the hustle bustle of the crowd with more space and solitude, Agonda beach is the right place for you. With the clear blue water and coconut trees, this beach is a delight for nature lovers. ",Beach
Candolim Beach,4.8,3-Feb,https://static.thehosteller.com/blogimage/1-1682321546492.jpg," Candolim Beach lies around 15 kms ahead of Panjim, along the stretch of Fort Aguada. Forming a part of the trio of Calangute, Baga and Candolim party beaches in Goa, this beach is known for its pulsating nightlife and thrilling water sports. ",Beach
Se Cathedral,3.3,2-Jan,https://www.trawell.in/admin/images/upload/121905527SeCathedral_Main.jpg," Se Cathedral, or Sé Catedral de Santa Catarina, is one of the largest churches in Asia. Located in Old Goa, it is dedicated to Saint Catherine. It is a famous landmark in Goa exhibiting Portuguese-Manueline architectural style. ",Beach
Cavelossim Beach,3.0,5-Apr,https://srikateeltravels.com/wp-content/uploads/2013/11/Cavelossim-beach.jpg," With magnificent black rocks that contrast with the white sand shores of this idyllic beach, the Cavelossim Beach is located in South Goa. Cleaner and quieter than the cliched party beaches of Goa, it is the perfect spot for travellers looking to enjoy the endless expanse of the clear blue waters.  ",Beach
Patnem Beach,3.9,4-Mar,https://www.tripsavvy.com/thmb/qL9vNn3Bm3mQth6iuidDw6czOt4=/1500x0/filters:no_upscale():max_bytes(150000):strip_icc()/6845328595_590f963282_o-5bc9a1094cedfd0026937bc7.jpg," Situated in Canacona, South Goa, Patnem Beach is one of the most secluded and tranquil beaches of Goa. It is the perfect place to laze by the beach and do absolutely nothing. The waters are quite safe to swim in, and the views of the sunset are magnificent and uninterrupted. ",Beach
Betalbatim Beach,4.3,4-Mar,https://cdn1.tripoto.com/media/filter/nl/img/2380291/Image/1686664391_biolumi.jpg.webp," Located in South Goa between Colva Beach and Majorda Beach, Betalbatim Beach is one of the quieter beaches of Goa. Lined with a plethora of fast food chains, local restaurants and spas, the highlight of the beach is the easy spotting of the dolphins. You can ask the local fishermen who can hike you a ride in a sea to have a glimpse of the dolphins. ",Beach
Grande Island,3.2,4-Mar,https://www.goasathi.com/uploads/package/ilha-island-beach.jpg," Originally known as Iha Grande, Grande Island in Goa is one of the most sought after destinations, owing to its serene and tranquil environment and the availability of a plethora of thrilling activities like snorkeling, dolphin spotting, and scuba diving. ",Beach
Bhagwan Mahavir Sanctuary,4.7,2-Jan,https://www.seawatersports.com/images/places/bhagwan-mahavir-wildlife-sanctuary.jpg," Bhagwan Mahavir Sanctuary is a 240 sq km protected natural habitat located in the Western Ghats of India, on the Goa-Karnataka border. Touted to be Goa's largest wildlife reserve, it is home to the famous Dudhsagar Falls, Mollem National Park, Tambdi Surla Temple, and Devil's Canyon among other attractions. ",Beach
Arvalem Waterfalls,4.0,2-Jan,https://media1.thrillophilia.com/filestore/v5tveual12gidx3miqaxsi5p29i3_1575019796_faal.jpg_large?w=400&dpr=2," One of the most beautiful spots to visit in North Goa, Arvalem Waterfalls is located in Sanquelim. Also known as Harvalem Falls, it forms a huge pool of water at its base - almost as big as a lake. This makes Arvalem Falls a popular tourist and picnic spot.  ",Beach
Mollem National Park,3.3,3-Feb,https://goatourspackage.com/wp-content/uploads/mollem-national-park-goa-1.jpg, Mollem National Park part of the famous Bhagwan Mahavir Wildlife Sanctuary is the biggest national park in Goa that takes you on a fascinating wildlife adventure. Jeep safaris take the tourists right into the heart of the dense forest reserve. ,Beach
Sunburn Festival,3.0,3-Feb,https://utsav.gov.in/public/uploads/event_picture_image/event_392/16591685861630592534.jpg," Ranked amongst few of the world’s best music festivals, Sunburn Music Festival tops the list of every Electronic Music fan’s bucket list. It is mostly famous for its extravagance, fantastic music and noteworthy artist line-up. ",Cultural
Church Of St. Cajetan,3.4,3-Feb,https://static.toiimg.com/photo/51826743/.jpg," The Church of Saint Cajetan, located in Old Goa close to the Se Cathedral, is one of the most beautiful churches in Goa. The only surviving domed structure in Goa, the church is admired for its wonderful and graceful architecture that reminds you of Basilica of St. Peter in Rome. ",Beach
Bambolim Beach,3.4,5-Apr,https://encrypted-tbn0.gstatic.com/images?q=tbn:ANd9GcRacsTfZugt4Qk3PQy-QpoYuHo7ZD-kENluhg&s," Bambolim Beach is a pristine beach located in Bambolim in North Goa, 7 kilometres away from Panjim. It is famous for being a virgin beach, untouched by commercialization and is barely ever crowded.  ",Beach
Church Of St Francis Of Assisi,3.4,5-Apr,https://s7ap1.scene7.com/is/image/incredibleindia/church-of-st-francis-of-assisi-goa-1-musthead-hero?qlt=82&ts=1726735317457, Church of St Francis of Assisi is a 16th-century Portuguese church located near Se Cathedral in Goa. It is a famous landmark which exhibits an eclectic mix of stunning architecture and intricate carvings.  ,Beach
Cabo De Rama Beach,3.4,4-Mar,https://encrypted-tbn0.gstatic.com/images?q=tbn:ANd9GcSmUuTGy2-2bO_DsFgxNHI9V3YW27T0HD3tCA&s," Cabo de Rama Beach is a beautiful secluded beach located in Margao, South Goa. Surrounded by tall coconut trees, this beach is perfect for setting up a picnic, playing volleyball, or just spending some quality time.  ",Beach
Ashwem Beach,3.0,2-Jan,https://cdn.thegoavilla.com/static/img/articles/ashvem-beach.jpg," Ashwem Beach is one of the few beaches left in Goa that is yet to be discovered by the mainstream tourist crowd of Goa, offering its visitors an endless expanse of pearly white sands complemented well by the beautiful waves of the Arabian Sea. Surfing and Yoga are widely practised here. ",Beach
Sajjangarh Palace,4.4,3-Feb,https://udaipurtourism.co.in/images/places-to-visit/headers/monsoon-palace-sajjangarh-palace-udaipur-indian-tourism-entry-fee-timings-holidays-reviews-header.jpg," Also known as Monsoon Palace, Sajjangarh Palace is located at Bansdara Mountain on the outskirts of Udaipur. It was built by Maharana Sajjan Singh as an astronomical observatory. Now it serves as one of the best places to view the Udaipur skyline and panoramic city view, particularly at sunset. ",Hill Station
Bagore Ki Haveli,4.0,4-Mar,https://s7ap1.scene7.com/is/image/incredibleindia/1-bagore-ki-haveli-udaipur-rajasthan-attr-hero?qlt=82&ts=1727353035934," Bagore ki Haveli is situated in the Gangaur Ghat Marg, along Lake Pichola. It was built in the 18th century by Amar Chand Badwa, the Prime Minister of Mewar. The haveli houses more than 100 rooms with elaborate exhibits and mirror work. It also houses a museum. The Dharohar Dance Show that is held here every evening. ",Heritage
Jag,4.3,5-Apr,https://s7ap1.scene7.com/is/image/incredibleindia/jag-mandir-palace-udaipur-rajasthan-1-new-attr-hero?qlt=82&ts=1727353107764," Also known as the Lake Garden Palace, Jag Mandir is located on an island in Lake Pichola. It was once the summer resort of the royal family. The grand palace comprises some impressive structures worth visiting. Jag Mandir can only be visited by boat. ",Heritage
Saheliyon Ki Bari,4.2,5-Apr,https://udaipurtourism.co.in/images/places-to-visit/headers/garden-of-the-maidens-sahelion-ki-bari-udaipur-indian-tourism-entry-fee-timings-holidays-reviews-header.jpg," A majestic garden located on one of the islands of Fateh Sagar Lake, Saheliyon-ki-Bari has expansive lawns, shady cool walking lanes and imposing fountains. There is also a small museum here. It is one of the best places in Udaipur to relax. ",Heritage
Ambrai Ghat,4.0,2-Jan,https://dynamic-media-cdn.tripadvisor.com/media/photo-o/2f/a3/18/40/caption.jpg?w=900&h=500&s=1," Ambrai Ghat, also known as Manjhi Ghat Udaipur is one of the best and the most popular ghats in Udaipur. This place is filled with local people as well as tourists. In the early morning hours, you can find peace and solace with old citizens of Udaipur who do Yoga, bathe into lakes, and do several other activities. In the evening, you can enjoy the city lights and appreciate the detailed view of the Heritage Hotels like Lake Palace Udaipur, Jag Mandir, Shiv Niwas etc from the ghat.  ",Heritage
Sukhadia Circle,3.4,5-Apr,https://dynamic-media-cdn.tripadvisor.com/media/photo-o/16/46/6d/e1/photo0jpg.jpg?w=900&h=500&s=1," Sukhadia Circle, also called The Heart Of Panchvati, is located In the north of the Udaipur city. This splendid turn around Panchwati is a small pond amidst which lies a 21 Ft high three-tiered fountain. ",Urban
Bharatiya Lok Kala Museum,3.4,4-Mar,https://discoverudaipur.in/wp-content/uploads/2020/03/Bhartiya-Lok-Kala-Mandal-Discover-Udaipur.jpg," If you are interested in artifacts and curious to know how of making these items then Bharatiya Lok kala Museum is definitely the place for you. Located to the north of Chetak circle in Udaipur, the museum has a fine collection of paintings, folk musical instruments, folk dresses and ornaments, dolls, masks, puppets and idols of Gods and Goddesses. ",Heritage
Shilp Gram,3.4,2-Jan,https://encrypted-tbn0.gstatic.com/images?q=tbn:ANd9GcQQk6znQ2mfOW6TqYSIyiSFf4f2n-Le0kHS-A&s," Located at the foot hills of Aravali Mountains in Udaipur, Shilpgram is a craftsmen's village which encloses twenty-six huts constructed in traditional architectural styles and these huts display many house hold decorative articles. ",Hill Station
Doodh Talai Musical Garden,3.4,4-Mar,https://udaipurtourism.co.in/images//tourist-places/doodh-talai-musical-garden-udaipur/doodh-talai-musical-garden-udaipur-indian-tourism-holidays-closed-on-timings.jpg," Doodh Talai Musical garden is a rock and fountain garden which is a great place to enjoy the sunset and one can see the wide expanse of the city. Also, there is an Areal tramway (cable car) connecting a garden of Doodh Talai and the Karni mata Temple. ",Spiritual
Udaipur,4.6,3-Feb,https://encrypted-tbn0.gstatic.com/images?q=tbn:ANd9GcT5CrLMBRiTlsDNY_cGL8toW2sNPddBx9ecMA&s," One of the most well-known tourist attractions in Udaipur, Rajasthan, the Wax Museum is situated on the Sahelion ki Bari Road. It is visited by locals and foreigners alike for its numerous wax statues of celebrities as well as other fun facilities like a Mirror Maze, a Horror House as well as a 9D Cinema. ",Heritage
Crystal Gallery,4.3,2-Jan,https://dynamic-media-cdn.tripadvisor.com/media/photo-o/2a/1b/80/08/located-inside-the-city.jpg?w=1200&h=-1&s=1," Crystal gallery has a stunning collection of crystal artefacts and is the largest collection of crystal in the world. The gallery is located inside the Fateh Prakash Palace and was established by Maharana Sajjan Singh in 1877. He had ordered the crystal artefacts from Birmingham in 1877. However, by the time they were delivered, Maharana has passed away. 110 years later, in 1994, the artefacts were displayed in the gallery which has been open to the public ever since. ",Heritage
Menar,4.2,3-Feb,https://images.squarespace-cdn.com/content/v1/63e5fcf80bcd5353304e50ab/ad942f1a-db5a-4c8a-ad10-a2d29c8d92af/MNR_LOGO_WEB.png," An absolute treat for nature lovers, Menar Village about 45km away from Udaipur, Rajasthan basically comprises a lake and bird sanctuary. This picturesque attraction is usually not very crowded and is the perfect location to witness a variety of migratory birds and to engage in nature photography. ",Desert
Maharana Pratap Smarak,3.4,2-Jan,https://encrypted-tbn0.gstatic.com/images?q=tbn:ANd9GcSltwm-PNs8hd-luQstmAvUG87HDDUrdF4GEA&s," Overlooks the charming Fateh Sagar Lake, Maharana Pratap Memorial comprises of a marvelous bronze statue Maharana Pratap sitting on his faithful horse Chetak. Many people come here to pay their homage to the Rajput Hero, Maharana Pratap and his loyal horse. ",Nature
Rajiv,4.1,2-Jan,https://dynamic-media-cdn.tripadvisor.com/media/photo-o/08/f1/da/11/rajiv-gandhi-park.jpg?w=1200&h=-1&s=1," One of the biggest gardens in the city, the Rajiv Gandhi Park is situated close to the Fateh Sagar Lake in the Malla Talai area of Udaipur, Rajasthan. It is quite similar to the Brindavan Garden in Mysore and has wonderful views, lush greenery as well as numerous statues and more. ",Desert
Nehru Garden,3.4,4-Mar,https://res.cloudinary.com/kmadmin/image/upload/v1722936123/kiomoi/Nehru_Garden%2C_Udaipur_4028.jpg," Constructed in an Island at the heart of Fateh Sagar Lake, Nehru Garden encloses many distinct water fountains resembling those in Brindavan Gardens of Mysore. Another major attraction of the garden is a floating restaurant, in a boat shape. ",Island
Sajjangarh Biological Park,3.6,2-Jan,https://images.wanderon.in/blogs/new/2024/07/sajjangarh-biological-park.jpg," The Sajjangarh Biological Park about 4km from Udaipur, Rajasthan is situated on the foothills of the Sajjangarh Palace which is also known as the Monsoon Palace. It is a zoological garden known to house over 21 species of animals and birds including leopards, lions, marsh crocodiles, blackbucks, ostriches etc ",Hill Station
Manik Lal Verma Park,4.4,4-Mar,https://d3gw4aml0lneeh.cloudfront.net/assets/locations/15227/aKGI7uCDpQ3i.jpg," Manik Lal Verma Park is a public park that is located atop a hill called Machla Magra close to Doodh Talai in Udaipur,. A beautiful space dedicated to the former Prime Minister of Rajasthan Manikya Lal Verma, it is primarily visited for its stunning views of the Talai and of Lake Pichola, its greenery and also for its serenity.  ",Hill Station
Pratap Park,3.1,2-Jan,https://udaipurtimes.com/static/c1e/client/74416/migrated/21809dbe2c85130de0cb60a888c27073.jpg," Located on the southern boundaries of Lake Pichola in Udaipur, Rajasthan, Pratap Park is a relatively new park named after Late Shri Pratap Bhandari. It is known for its massive ‘I Love Udaipur’ sign with Lake Pichola as the backdrop.  ",Desert
Taj Lake Palace,4.2,4-Mar,"https://api.blessingsonthenet.com/uploads/hotels/80247d22458a57929443cafc491bc2e0-1691382903217-Taj%20Lake%20Palace,%20Udaipur2.jpg"," Built in 1746 by Maharana Jagat Singh II, Taj Lake Palace is possibly one of the most romantic structures of Udaipur. The palace was used as a recreation spot and pleasurable residence of the king. Boasting of 66 rooms, the grand palace has been converted into a heritage hotel and hosts tourists from all over the world. ",Heritage
Bada Mahal,3.4,5-Apr,https://www.rajasthanplaces.com/wp-content/uploads/2024/12/BadaMahal-new.webp," Dating back to 17th century, Bada Mahal is an incredible structural marvel. Constructed in Rajput-Mughal architectural style, the Mahal is considered as the Men''s section of the City Palace. ",Heritage
Halati,3.3,4-Mar,https://s7ap1.scene7.com/is/image/incredibleindia/2-haldighati-udaipur-rajasthan-attr-hero?qlt=82&ts=1727353307479," This is a historic site located 40km from the Udaipur city and is famous for the battle between the Mughals and the Rajputs led by Maharana Pratap. There is a cenotaph with thin, delicate marble columns dedicated to Rana Pratap's horse. ",Heritage
Badi Lake,4.6,3-Feb,https://static.langimg.com/thumb/93176949/navbharat-times-93176949.jpg?imgsize=141246&width=540&resizemode=3," Situated a little on the outskirts of the city, Badi Lake is an artificial freshwater lake situated in Udaipur. Built by Maharaja Raj Singh between 1652 and 1680, Badi Lake sprawls over a humongous area of 155 sq. km. Ideal as a popular picnic spot, Badi Lake also boasts of utter peace and tranquility as it is devoid of the regular tourist crowd. The lake is also ideal for a swim and there are several kiosks (shamiyanas) installed along the embankments which are meant for people to sit down and relax. ",Nature
Dal Lake,4.4,4-Mar,https://xplro.com/wp-content/uploads/2024/08/Xplro-2024-09-01T013549.241.webp, The famous Dal Lake is the second-largest lake in Jammu & Kashmir. The mirror-like lake reflects the peaks of the Pir Panjal mountains while the colourful shikaras (gondolas) float around. The houseboats and shikaras are its main attractions. ,Hill Station
Shalimar Bagh,4.3,5-Apr,http://encrypted-tbn0.gstatic.com/images?q=tbn:ANd9GcQfmSPAcUtzUBPN7IwW04FCMzNwcOs_OfA8Zg&s," Shalimar Bagh is the largest of the three Mughal gardens in Srinagar.  It is now a public park and is known as the ""crown of Srinagar"". The chini khanas or arched niches placed behind waterfalls and the chinar trees are the highlights here. ",Heritage
Shikara Ride,4.6,3-Feb,https://planashleygo.com/wp-content/uploads/2024/02/Shikara-Ride-on-Dal-Lake-1.jpg, The paramount reason why people come to Srinagar is for the relaxing and memorable Shikara rides. Taking the ride across the scenic Dal Lake at the backdrop of the majestic slow clad Himalaya's is indeed an experience in itself both enjoyable and unparallel. ,Nature
Nishat Bagh,4.3,4-Mar,https://s7ap1.scene7.com/is/image/incredibleindia/nishat-bagh-srinagar-jammu-&-kashmir-1-attr-hero?qlt=82&ts=1726816421122," The Nishat Bagh is a 12 terraced garden which is the second-largest Mughal garden in Kashmir after Shalimar Bagh. It has a splendid Mughal central water channel with several fountains, which is surrounded by tall Chinar trees. ",Heritage
Nigeen Lake,4.3,3-Feb,https://encrypted-tbn0.gstatic.com/images?q=tbn:ANd9GcQNsxr5-6CmOF_4tVSBPCxj2T68lEEjPHAqfg&s," Nigeen Lake is renowned for its pristine waters and stunning ambience. It is located next to Dal Lake but is much smaller in size. It is one of the best places in the city to catch the sunrise and sunset thanks to the beautiful landscape and willow and poplar trees surrounding it. 
 ",Urban
Chashm-E-Shahi,4.3,2-Jan,https://kashmirlife.net/wp-content/uploads/2024/02/Cheshma-Shahi-Srinagar.jpg," Chashme Shahi is one of the three Mughal gardens in Srinagar. It is a terraced garden dotted with walkways, colourful plants and pools of water. It is famous for its natural spring known as Rupa Bhawani.  ",Heritage
Pari Mahal,3.3,5-Apr,https://assets.cntraveller.in/photos/61eff70d4d495b4b023dc466/master/pass/parimahal%20lead.jpg," The House of Fairies or Pari Mahal is a historic monument placed above the beautiful Chashma Shahi Gardens near Srinagar. A well-laid spacious garden surrounds this structure, which was once a Buddhist monastery and later served as a school of astrology promoted by the eldest son of Shah Jahan, Dara Shikoh. ",Heritage
Hazratbal Shrine,4.3,3-Feb,https://s7ap1.scene7.com/is/image/incredibleindia/hazratbal-mosque-srinagar-jammu--kashmir-5-musthead-hero?qlt=82&ts=1726728866101," The Hazratbal Shrine is the holiest Muslim shrine and mosque in Kashmir. It houses a relic known as Moi-e-Muqqadas which is believed to be a sacred hair of Prophet Muhammad's beard. Situated on the banks of Dal Lake facing the Nishat Bagh, it affords a picturesque view of the lake and surrounding mountains. ",Hill Station
Hari Parbat,3.7,5-Apr,https://planashleygo.com/wp-content/uploads/2024/01/Hari-Parbat.jpg," The majestic mountain overlooking the city of Srinagar is called Hari Parbat. Besides the famous Hari Parbat Fort, the mountain also has various Hindu and Muslim shrines and even a Gurudwara here. This park was open to public visitation only In 2014.  Today, visitors can set up picnics here. The fort is in turn fortified by mountains and water bodies.  ",Hill Station
Sinthan Top,4.7,3-Feb,https://snowworldholidays.com/wp-content/uploads/2022/06/sinthan-top-kashmir.jpeg," A mountain pass in the Pir Panjal Mountain Ranges, Sithan Top is found along the National Highway of Kokernag-Sinthan Top-Kishtwar Road. This pathway connects Jammu and Kashmir. The snow-laden hilltop is lately emerging as a new tourist destination owing to the beautiful views and the idyllic setting. It is also popular for mountaineering, trekking and skiing. ",Hill Station
Char Chinar,3.3,5-Apr,https://dynamic-media-cdn.tripadvisor.com/media/photo-o/25/1c/bd/85/char-chinar-srinagar.jpg?w=1200&h=-1&s=1," Char Chinar is an island in the Dal Lake of Srinagar, surrounded by the Chinar trees on all four sides of it. Also known as Char Chinari (char chinari means four sides) and Rupa Lank, it was constructed by Murad Baksh, the brother of Mughal emperor Aurangzeb. The Char Chinar is best explored during a shikara ride in the Dal Lake. ",Heritage
Yusmarg,4.2,5-Apr,https://theroamingshoes.com/wp-content/uploads/2023/08/DSC_0631.jpg," At a distance of 47 kms from Srinagar, Yusmarg is the quietest place out of all tourist destinations in Kashmir which is also an amazing trek spot. It is one of the most romantic places in the state. ",Adventure
Salim Ali National Park,3.9,4-Mar,https://junglenews.in/wp-content/uploads/2019/12/Salim-Ali-National-Park0.gif," Located in Srinagar, Salim Ali National Park is a national park housing beautiful mangrove shrubbery habitat for several endangered animals and birds alike. Officially named in commemoration of ornithologist Salim Ali in 1986, this national park is spread across an expanse of 9 km.  ",Wildlife
Jamia Masjid,3.3,4-Mar,https://upload.wikimedia.org/wikipedia/commons/a/a4/Jama_Masjid_-_In_the_Noon.jpg," Jamia Masjid is a 600-year-old mosque in Srinagar, located in the Nowhatta area amidst the bustle of local bazaars. The tranquil mosque is known for its unique architecture, the highlight being the 378 wooden Deodar pillars. The mosque becomes especially crowded on Fridays.  ",Heritage
Badamwari Garden,4.4,5-Apr,https://tripmore.in/wp-content/uploads/2024/03/Badamwari-Srinagar.jpg," Situated at the foothills of Hari Parbat in Srinagar, the Badamwari Gardens are known for their bloom of stunning almond flowers. These flowers bloom around March, marking the arrival of the spring season. Badamwari Garden is open to the public from 21 March 2022 till the blooms last. ",Hill Station
Dastgeer Sahib,4.0,4-Mar,https://upload.wikimedia.org/wikipedia/commons/f/f3/Dastgir_Sahib_%286134053356%29.jpg," A Sufi shrine in Khanyar, Srinagar, Dastgeer Sahib is dedicated to Sheikh Syed Abdul Qadir Jelani. The shrine is known for housing the hair strand of hair strand of Abdul Qadir Gilani and  the old Quran written by Ali Ibn Abi Talib AS.  ",Other
Burzhama Ruins,4.3,2-Jan,https://assets.cntraveller.in/photos/62a30fc6d4f01707fa436734/master/w_1600%2Cc_limit/DSCF6458-2.jpg," Burzhama Ruins is situated in Burzahom in Srinagar. It is archaeological excavation site where numerous relics and remnants have been discovered suggesting the existence of an ancient settlement hundreds of years before. The excavations include skeletons, pottery, dwelling pits, mud brick houses and bone and stone tools. ",Heritage
Tarsar Marsar ,3.5,3-Feb,"https://cvsqtgaxsa.cloudimg.io/https://images.prismic.io/indiahike/06c4d5ee-c026-48a7-9258-ed41c1b6b051_Tarsar+Marsar_TM_Kishan+Harwalkar_Tarsar+lake.jpg?auto=compress,format&&func=crop&q=70&org_if_sml=1"," A trek that not only gives you a thrill of adventure but also a glimpse of nature’s beauty so spell bounding is one of the most memorable trips of Tarsar Marsar Trek. Nestled in the lap of Aru Valley of Kashmir, the trail is of quite a magnificence adorned with variety of landscapes. ",Hill Station
Dachigam National Park,3.3,2-Jan,https://indotoursadventures.com/public/storage/blogs/48022f17bdd692c6c495675ee911b955.jpg," Situated 22km from the main town of Srinagar, Dachigam National Park is known for housing rare Kashmir stag which is the only species of red deer in India. Other animals that can be spotted here includes Himalayan brown bear to Pygmy Owlets to the predators, the leopards. ",Wildlife
Makhdoom Sahib Shrine,3.9,4-Mar,https://travelsetu.com/apps/uploads/new_destinations_photos/destination/2023/12/11/22fae7ec4abbd4f936e1647b053acc8c_1000x1000.jpg," Located towards the south of Hari Parbat in Srinagar, Makhdoom Sahib Shrine is an Islamic shrine dedicated to Sufi saint Sheikh Hamza Makhdoom aka Makhdoom Saheb aka Hazrat Sultan aka Mehboob-ul-Alam aka Sultan-ul-Arifeen. Built in Mughal style architecture, the sturdy shrine rests on innumerous pillars and is thronged by pilgrims all through the year. ",Heritage
Charar-I-Sharif,4.8,2-Jan,https://dynamic-media-cdn.tripadvisor.com/media/photo-o/05/bf/0a/2b/charar-e-sharif.jpg?w=1200&h=-1&s=1," Charar-i-Sharif is a Muslim shrine dedicated to Hazrat Sheikh Noor-ud-din Wali, situated around 30 kms from Srinagar and built around 600 years ago. Sheikh Wali was the first person to preach Rishism in the valley and propagated non-violence, vegetarianism, communal harmony and tolerance. His remains were buried at this shrine and ever since it holds significant religious importance. ",Hill Station
Wular Lake,4.6,5-Apr,http://dynamic-media-cdn.tripadvisor.com/media/photo-o/18/13/61/e0/wular-lake.jpg?w=1200&h=1200&s=1," The famed Wular lake is India's largest freshwater lake. An experience unparalleled, it is home to several species of birds and thus haven for bird watchers. It is also popular for boating, water sports and water skiing ",Adventure
Baramulla,4.2,3-Feb,https://i0.wp.com/www.thewebstory.in/wp-content/uploads/2023/11/images-1.jpeg," A famous tourist destination located close to Srinagar, Baramulla's charm lies in its untouched beauty. Enveloped by the Himalayas on all sides and resting on the banks of the River Jhelum, this city has been endowed with a quietly scenic landscape.  ",Nature
Khanqah Of Shah Hamdan,3.3,5-Apr,https://www.trawell.in/admin/images/upload/509714406Khanqah_of_Shah_Hamdan_Main.jpg," Built on the sandy banks of the Jhelum river in Srinagar, is the Khanqah Of Shah Hamda. It is bustling with activity and people on the sixth day of Dul-Haj (the last month of the Islamic Lunar calendar), on the death anniversary of Mir Syed Ali Hamdani. ",Beach
Anantnag,3.3,3-Feb,https://im.hunt.in/cg/anantnag/City-Guide/tourism1.jpg," The capital of commerce of J&K, Anantnag is filled with hot springs, lakes, temples and shrines. The place is known for its religious tolerance and there are shrines that belong to both the Hindus and the Muslims. ",Spiritual
Chatti Padshahi Gurudwara,3.8,2-Jan,https://www.kashmirholidayresort.com/wp-content/uploads/2022/07/Gurudwara-Chatti-Patshahi-Kashmir1.jpg," Situated right out the Hari Parbat's southern gate in Srinagar, Chatti Padshahi Gurudwara is the most important and probably the largest Sikh gurudwara in all of Kashmir valley. The shrine has a sanctum sanctorum in middle of a large rectangular hall. It also has accomodation facilities and langar food is offered to all visitors every day of the year. ",Hill Station
Kathi Darwaza,4.4,5-Apr,https://upload.wikimedia.org/wikipedia/commons/e/e7/WLM%40J%26K-Kathi_Darwaza.jpg," Kathi Darwaza is the main entrance gate of the famous monument Hari Parbat Fort in Srinagar. A rare specimen of Mughal architecture, the high domed gate is flanked by bays and has tiny Mughal and Persian inscriptions etched on the interior walls and ceilings. The gate, no doubt, accentuates the grandeur and splendour of the fort. ",Beach
Tsomgo Lake,3.6,3-Feb,https://res.cloudinary.com/kmadmin/image/upload/v1726556508/kiomoi/Tsomgo_Lake_Sikkim_9453.jpg, The Tsongmo Lake is situated 35 km away from the main town of Gangtok. The lake has been considered as holy and been worshipped by Sikkimese people since years. ,Hill Station
Ganesh Tok,3.6,5-Apr,https://s7ap1.scene7.com/is/image/incredibleindia/ganesh-tok-gangtok-sikkim-2-attr-hero?qlt=82&ts=1727355078920, Ganesh Tok is a Ganesh Temple located 7 km from Gangtok at an altitude of 6500 m. The temple is so small that it can accommodate only one person at a time and one has to crawl to reach there. ,Spiritual
Kanchenjunga,3.7,2-Jan,https://upload.wikimedia.org/wikipedia/commons/thumb/5/57/Kangchenjunga%2C_India.jpg/960px-Kangchenjunga%2C_India.jpg," The third highest peak in the world, the majestic Kanchenjunga is one of the most stunning mountains in the world. Surrounded by Nepal, Sikkim and Tibet, this mountain was fisrt scaled in 1955 but since then has been declared sacred.

Kanchenjunga' is a Tibetan name which means 'The Five Treasures of the High Snow'. The treasures represent the five repositories of God, namely gold, silver, gems, grain and holy books. There are a lot of trekking routes in Kanchenjunga which will take you through woody forests and serene countryside. ",Hill Station
Baba Mandir,3.7,4-Mar,https://www.flamingotravels.co.in/_next/image?url=https%3A%2F%2Fimgcdn.flamingotravels.co.in%2FImages%2FPlacesOfInterest%2FBaba-Mandir-Gangtok-Sikkim-3.jpg&w=828&q=90," Situated on the road passing between Nathula and Jelepla Pass, Baba Mandir is the shrine which was built at the Samadhi of Baba Harbhajan Singh. People worship him as a saint who guards the lives of soldiers along the border. ",Other
Mangan,3.5,2-Jan,https://s7ap1.scene7.com/is/image/incredibleindia/gurudongmar-lake-mangan-sikkim-hero-hs?qlt=82&ts=1726655864214," The town of Mangan, situated in the northern part of Sikkim is a major tourist attraction for trekking, monasteries and its Yumthang Valley. ",Hill Station
Himalayan Zoological Park,4.8,5-Apr,https://1001things.org/wp-content/uploads/2015/06/Red-panda-at-The-Padmaja-Naidu-Himalayan-Zoological-Park.jpg," Himalayan Zoological Park is located in Bulbuley, 3 km away from Gangtok and is definitely the place for all the wildlife lovers. With an altitude of 1780 meters, one gets an amazing view of the Mount Khangchendzonga from here.  ",Wildlife
Reshi Hot Springs,3.7,5-Apr,https://www.holidify.com/images/cmsuploads/compressed/pel-hot-spring_20180417190001.jpg," Sikkim has numerous hot springs, but the Reshi Hot Spring is the most famous one due to its strategic location and the religious significance that it holds. Easily accessible, the spring is present right after a downhill drive of an hour towards the Rangit River valley.  ",Hill Station
Kabi Longstok,3.0,5-Apr,https://dynamic-media-cdn.tripadvisor.com/media/photo-o/05/96/d9/f9/kabi-lungchok.jpg?w=1200&h=-1&s=1," Situated at a distance of 17 km from the northern capital of Gangtok is the Kabi Town which is considered to be a historical place due to the initiation of the Sikkimese history here in the early 13th century. With the wonderful stories that this place holds, this place is surely going to captivate you with its wonderful beauty.  ",Hill Station
Seven Sisters Waterfalls,4.5,5-Apr,https://media1.thrillophilia.com/filestore/s3qn155qg6uuqqiylem58yq9x1l2_shutterstock_2321755807.jpg," Justifying its name, Seven Sisters Waterfalls comprises of seven different waterfalls amicably arranged side by side on a wide rugged cliff which seems distinct when looked at from a distance. This famous waterfall is situated at a distance of 32 kilometres from Gangtok on the Gangtok-Lachung Highway.  ",Nature
Tinkitam,3.5,3-Feb,https://i.ytimg.com/vi/PEK3ouNyrco/maxresdefault.jpg," Tinkitam Rayong is a petite village in Sikip Tehsil in South District of Sikkim State with Mount Kanchenjanga in the backdrop of this town and its natural habitat supporting a rare species of orchid, Paphiopedilum Faireanum or ladys slipper. ",Hill Station
Do Drul Chorten,3.3,2-Jan,https://www.gangtokholidays.com/wp-content/uploads/2022/02/Sikkim-Tourist-Attractions-27.jpg," One of the most important stupas in Sikkim, Do Drul Chorten was built in the year 1945 under the supervision of late Truslshi and Rimpoche. The Stupa has around 108 Mani Lhakor or prayer wheels. ",Hill Station
Saramsa Garden,4.0,4-Mar,https://dynamic-media-cdn.tripadvisor.com/media/photo-o/0d/82/c1/b1/view-from-another-angle.jpg?w=900&h=500&s=1," Saramsa Garden, also known as Ipecac Garden, is indeed a treat for your senses. The exquisite range of different coloured flowers with the surrounding lush greenery is going to hold your attention. There is a large greenhouse in the garden as well which preserves a range of orchids. ",Nature
Tashi View Point,3.8,3-Feb,https://lh6.googleusercontent.com/proxy/d8qnnZ8Bni35vNm0XkrgOnCYMkJm0DswEbee3QGYFeTsbc4qptDy2bXfS4_TMqjnveZpTLKsk8m2MqkzjLPuYXXiwlQNJUrzqpuJZDOGszLH," Situated 8 km away from the main town of Gangtok, Tashi Viewpoint is a scenic beauty from where travellers can get a view of the magnificent Mount Sinilochu and Mount Kanchenjunga. This spot also serves as an amazing picnic place for local as well as foreign tourists due to the presence of a cafeteria and sheds bordering the site of the viewpoint.  ",Nature
Shingba Rhododendron Sanctuary,3.1,3-Feb,https://www.tourmyindia.com/states/sikkim/images/shingba-rhododendron-sanctuary1.jpg," Nestled in the exquisite Yumthang Valley in North Sikkim, the Shingba Rhododendron Sanctuary is a beautiful place to spend time amidst the picturesque location and natural beauty all around. The adventure lovers can also have their share of fun by trekking through the Yumthang Valley.  ",Hill Station
Banjhakri Falls,3.0,5-Apr,https://holidaystripfactorysikkim.b-cdn.net/wp-content/uploads/sites/18/2024/05/Ban-Jhakri-Falls-Park-2.webp," A new sightseeing destination for the tourists and spread over an area of two acres of land, the Banjhakri Falls is situated at a distance of 10-12 kilometres from Gangtok. Beautifully landscaped gardens are present around the waterfall along with beautiful statues of Lyam Lymay, Mangpas, Lepcha, and Ban Jhakri ancestors.  ",Nature
Saga Dawa,4.4,3-Feb,https://www.tibettour.org/assets/images/kailash-tour/drepung-monastery-saga-dawa.webp," The Saga Dawa festival is one of the most important festivals for the people of Sikkim celebrated with much enthusiasm in the capital city Gangtok. The Mahayana Buddhist tradition recognizes the full moon day of the fourth month of the Buddhist calendar as the anniversary of Buddha's birth, his enlightenment, and his Nirvana. The day is celebrated by various names across India and abroad. ",Hill Station
Atukkad Waterfalls,3.7,3-Feb,https://www.holidify.com/images/cmsuploads/compressed/shutterstock_539881435_20191111181353_20191111181425.jpg," Nestled 2 km away from Munnar amidst beautiful hills and lush green jungles, this pristine waterfall makes for romantic escapades and picnics site. However, the road to Atukkad is very narrow and needs a lot of experience to drive on. The pool formed at the base of the waterfall is suitable for taking a dip! ",Hill Station
Kundala Dam & Lake,4.0,5-Apr,https://dynamic-media-cdn.tripadvisor.com/media/photo-o/08/8f/a7/85/kundala-dam-lake.jpg?w=1200&h=1200&s=1, Situated in the laps of the lush jungle is Kundala Dam & Lake laying 23 km off Munnar. This arch dam is famous for its Kashmiri-Shikara boat rides and pedal boat rides. The area also has cherry blossom trees that bloom twice a year. ,Wildlife
Chokramudi Peak,4.7,4-Mar,https://munnartourism.co.in/images/places-to-visit/headers/chokramudi-peak-munnar-header-munnar-tourism.jpg.jpg," Located in the Eravikulam National Park at an altitude of 7200 feet, Chokramudi Peak is one of the highest peaks in Munnar. It is quite isolated from the range but provides a fabulous view of the surrounding valleys & mountains covered with stunning dense forestation and the lush green tea plantations. One can also get a beautiful view of the Idukki Dam located nearby. ",Hill Station
Marayoor,4.3,3-Feb,https://www.keralatourism.org/images/eco-tourism/destinations/Marayoor.jpg," Located just 40 kilometres away from Munnar is Marayoor, which is famous for its naturally growing sandalwood forest and dolmens from the Stone Age Civilisation. Wrapped in a wispy blanket of glorious clouds, Marayoor has hamlets, sugarcane fields, waterfalls, and bamboo forests making it an enchanting landscape of exquisite green beauty.  ",Beach
Meesapulimala,3.5,3-Feb,https://upload.wikimedia.org/wikipedia/commons/2/26/Meeahapullimala.jpg," The second highest peak in Southern India, Meesapulimala is situated at an elevation of 2641 meters above sea level. An ideal spot for trekking, the starting point of the trek is either Rhodovalley or Silent Valley which lies 6 km before Rhodovalley. After trekking for about 8 km from Rhodovalley, one gets to witness the grasslands, wildlife, rainforests, and small waterfalls. Amidst the lush green valleys and hundreds of Rhododendrons, tea estates, and bubbling streams, peace is what one gets to experience here in its purest form making it a must-visit destination for all the nature as well as adventure lovers out there. Also, considered as a hotspot of diversity, Meesapulimala has been recognised as a UNESCO world heritage site. ",Hill Station
Lakkom Water Falls,3.4,3-Feb,https://munnartourism.co.in/images//tourist-places/lakkam-waterfalls-munnar/lakkam-waterfalls-munnar-tourism-opening-time-closing.jpg, This small little waterfall 25 km from Munnar is a part of Eravikulam stream of Eravikulam National Park. It is one of the main tributaries of Pampar River and is ideal for swimming in privacy. ,Wildlife
Pallivasal Falls,3.3,2-Jan,https://munnartourism.co.in/images/places-to-visit/headers/pallivasal-falls-munnar-tourism-entry-fee-timings-holidays-reviews-header.jpg, Pallivasal Falls is a stunning natural water body in the midst of dense forestation. It is famous as a picnic and sightseeing attraction in Munnar and draws nature lovers for soul-satisfying nature walks. The waterfall cascades down a rocky slope and doesn't quite have a height but the force it gushes with is sure to captivate one and all. ,Wildlife
Chinnakanal Waterfalls,3.6,5-Apr,https://dynamic-media-cdn.tripadvisor.com/media/photo-o/12/68/e2/4e/photo0jpg.jpg?w=1200&h=-1&s=1," Flowing from a height of 800 m, Chinnakanal Waterfalls is a sight of sheer beauty. These falls lays just 16 km away from Munnar. ",Nature
Chithirapuram,3.4,3-Feb,https://www.keralatourism.org/_next/image/?url=http%3A%2F%2F127.0.0.1%2Fktadmin%2Fimg%2Fpages%2Ftablet%2Fchithirapuram-idukki-1727253890_b1ed85143a3afd8b6d60.webp&w=1920&q=75," Situated 10 km off Munnar, Chithirapuram is a place famous for its rustic environ and old world charm. It also houses old playgrounds and courts, bungalows, sleepy little cottages and tea plantations adding to the charm of the village. ",Other
Nyayamakad Waterfalls,3.6,5-Apr,http://dynamic-media-cdn.tripadvisor.com/media/photo-o/13/cd/97/c9/nyayamakkad-falls.jpg?w=1200&h=-1&s=1," Nyayamakad Waterfalls is situated 10 kms from Munnar between Munnar and Rajamala in Kerala. Falling down at a height of 1600 m, the waterfalls are a popular picnic and trekking spot. The perfect time to visit the waterfalls is during monsoons. ",Beach
Kuthumkal Waterfalls,4.2,5-Apr,http://cdn.tripuntold.com/media/photos/location/2019/03/21/134d2dc1-c055-4b2b-b2bb-cce7abd98f1c.jpg, Kuthumkal Waterfalls is situated 24 kms from Munnar in Rajakkad. The waterfalls are a popular picnic spot in the region and boast of pleasant climate and mesmerizing water cascading down a lengthy height from a cliff. ,Nature
Valara Falls,3.4,2-Jan,https://dynamic-media-cdn.tripadvisor.com/media/photo-o/09/97/f9/fa/valara-waterfalls.jpg?w=1200&h=1200&s=1," Fed by the Deviyar river, Valara Falls is located at 40 km from Munnar. Enveloped by Neriamangalam town in the east and Adimali in the west, the place offers some absolutely stunning sights. ",Nature
Edava Beach,3.2,3-Feb,https://www.trawell.in/admin/images/upload/377739150Edava-Beach.jpg," Untouched and unspoilt by tourist activities, the Edava beaches are the virgin stretches circling a blue lagoon where sea and backwaters run parallel divided by a more-than-one km of straight road. There is also an estuary that connects the sea with the backwaters here. ",Beach
Mangrove Forest Kayaking,4.2,2-Jan,https://dynamic-media-cdn.tripadvisor.com/media/photo-o/27/d9/bb/cb/caption.jpg?w=1200&h=-1&s=1," Mangrove forest in Nedungolam, Paravur, in the district of Kollam, is located at a distance of 18kms from Varkala. Perfect for a half-day trip, one can go on 4km kayaking during morning or evening. Sailing through these canals of Nedungolam, especially the mangrove forest, is a must-try experience.  ",Wildlife
Thiruvambadi Beach,3.2,3-Feb,https://www.keralatourism.org/images/microsites/varkala/varkala.jpg," Lying 1 km off Thiruvamdabi road, this black sand beach adjacent to the North cliff is an ideal picnic spot amidst lush coconut groves to relax and unwind. ",Beach
Sivagiri Mutt,3.3,2-Jan,https://upload.wikimedia.org/wikipedia/commons/thumb/c/ca/Varkala_sivagiri.jpg/1200px-Varkala_sivagiri.jpg," Located at Varkala in Thiruvananthapuram district of Kerala is the one of the popular ashrams of Shri Narayana Guru, Sivagiri Mutt. This ashram celebrates Guru Deva Jayanti (in August) and the Guru Deva Samadhi (in September) every year. ",Beach
Ponnumthuruthu,3.2,5-Apr,https://www.keralatourism.org/_next/image/?url=http%3A%2F%2F127.0.0.1%2Fktadmin%2Fimg%2Fpages%2Fmobile%2Fponnumthuruthu-island-1723632208_1192bc5451b3c7ada8a6.webp&w=3840&q=75," Ponnumthuruthu, also known as Golden Island is located 20 km from Varkala. It is popular for its 100 year old Shiva Parvathi temple situated amidst thick coconut groves stretched over the sandy beaches. ",Beach
Kaduvayil Juma Masjid,3.0,3-Feb,https://www.trawell.in/admin/images/upload/3777396Juma_Masjid.jpg," Kaduvayil Juma Masjid is dedicated to a Muslim Saint, Saint Kaduvayil Thangal who is believed to have magical powers. It is one of the important Sunni Pilgrimage Centres in the region but its beautiful architecture also attracts tourists. The well maintained structure possesses a divine vibe that can put a troubled soul at peace in an instant. ",Heritage
Kappil Lake,3.8,3-Feb,https://www.trawell.in/admin/images/upload/377739351Kappil_Beach.jpg, Kappil Lake is a mesmerising estuary famous for being a tranquil picnic spot surrounded by dense coconut trees. It further becomes a part of the Arabian sea and offers a breath-taking view that can be witnessed clearly from the bridge over the lake. The lake is also famous for pedal boating. The boats can be hired from the boat club located near the water body._ ,Beach
Chilakoor Beach,4.6,5-Apr,https://www.keralatourism.org/images/microsites/varkala/varkala-1024x768.jpg," Chilakoor Beach is located at a distance of about 15 kms from the town of Varkala in Kerala. Lined with gorgeous casuarina groves, the drive to the beach takes you through traditional coastal villages which lets you have a glimpse of the rural Kerala life. The beach is also popular for its serene environment and beautiful sunset views. ",Beach
Bhagsu Falls,4.7,5-Apr,https://www.exoticmiles.com/wp-content/uploads/2020/06/Bhagsunag-waterfall.jpg, The Bhagsunag Waterfall is located on the main road which connects Mcleodganj and Dharamshala and is an ideal location for picnicking with family and loved ones. The prime attraction here is the famous Bhagsunath Temple. ,Spiritual
Triund,3.8,5-Apr,https://www.dpolohotels.com/wp-content/uploads/2024/11/Tips-for-an-Unforgettable-Triund-Trek-Experience-1.jpg," Triund is a popular trek, about 9-km away from Mcleodganj. It is situated at a great height and provides a mesmerizing view of the Moon Peak-Indera Pass. It is also an ideal spot for picnics and the clean and pristine environment will surely rejuvenate your senses. ",Adventure
Dharamkot,4.6,4-Mar,https://www.thehosteller.com/_next/image/?url=https%3A%2F%2Fstatic.thehosteller.com%2Fhostel%2Fimages%2FDharamkot.jpg%2FDharamkot-1722320199266.jpg&w=2048&q=75," The little hippie village of Dharamkot is located near Dharamshala and Mcleodganj and is less visited by tourists. Popular as the Yoga Village, it is home to the Dhamma Shikhara Vipassana Meditation Centre and Tushita Buddhist Meditation Centre. It is also the base for some popular treks in the region like Triund trek and Indrahar Pass trek. ",Adventure
Gallu Devi Waterfall,3.9,5-Apr,https://www.holidify.com/images/cmsuploads/compressed/8114445_20210607142029.jpg," A  hidden gem in Upper Dharamshala, Gallu Devi Waterfall is located about 10 minutes away from Gallu Devi Temple and serves as a popular trekking destination. It is situated on the Bhated stream, with numerous tiny natural pools around, and the short yet tricky trek passes through narrow rocky routes lined with trees and plants on all sides. ",Adventure
Thatharana ,4.6,4-Mar,https://i0.wp.com/unciatrails.com/wp-content/uploads/2019/12/Thatharana-5-min.jpg?resize=2000%2C1500&ssl=1," About 18km long, the 2-day Thatharana Trek in the Kangra Valley of Himachal Pradesh takes trekkers up to an altitude of 8,530 ft of the Dhauladhar ranges. It is a moderately challenging trek that begins from Kharota village and passes through lush green forests. Snow treks are available between December and March. ",Hill Station
Laka Glacier ,3.1,4-Mar,https://www.manchalamushafir.com/tour/triund-and-laka-glacier-trek/images/laka-glacier-trek.webp," The Laka Glacier Trek or the Snow Line Trek is a 3-day beginner-friendly trek set in the Kangra Valley that takes trekkers up to 10,600 feet. Beginning from Mcleodganj, it goes farther than the Triund trek, passing oak, pine trees, and rhododendron bushes. It covers a distance of 26km, at the end of which lies the magnificent view of the snow-clad Dhauladhar ranges and the Kangra Valley at sunset. The trek includes a camping experience that involves sitting around a bonfire, eating a hot meal, and listening to soothing music, along with a bird-watching experience owing to the many songbirds around.   ",Hill Station
Neer Garh Waterfall,3.6,4-Mar,https://dynamic-media-cdn.tripadvisor.com/media/photo-o/15/35/48/57/wanderer-gourav-bnqkjirhf1s.jpg?w=1200&h=-1&s=1, Neer Garh Waterfall is a beautiful narrow stream of cool water cascading down a rocky terrain in the midst of a dense green forest. It requires trekking a distance of about a kilometre through the forest and down a cliff to reach the waterfall. The trail is exciting and a perfect activity to do before entering the waters for a cool soothing dip in one of its pools. ,Adventure
Geeta Bhawan,3.6,2-Jan,http://rishikesh.app/te/_thumb/attractions/geeta-bhavan-banner.jpg," The Geeta Bhawan is a vast and spacious ashram located on the banks of Ganga in Swargashram. It is renowned as an important institution that preserves Hindu literature since it houses the Gita, which symbolizes the Hindu Vedas and epics. The Geeta Bhawan is visited by a large number of people each year. ",Spiritual
Bharat Mandir,3.4,2-Jan,https://thrilltourism.com/storage/1092/gO7apOQlTUwUMGmdAJW64rh4Of4YbJz6khKU4PXa.jpg," Founded by Adiguru Shankaracharya in 12th century, the Bharat Mandir is one of the most sacred and famous temples in Rishikesh. The presiding deity is Lord Vishnu carved out of a single piece of Saligram. The inner canopy of the temple contains Shree Yanthra. ",Adventure
Muni Ki Reti,3.5,2-Jan,https://haridwarrishikeshtourism.in/images/places-to-visit/header/muni-ki-reti-rishikesh-tourism-entry-fee-timings-holidays-reviews-header.jpg," Muni ki Reti is a religiously important pilgrim centre near Rishikesh considered as the gateway for the pilgrimage of Char Dham. It, therefore, has a number of ashrams providing basic facilities for the pilgrims to help them on their spiritual journey. ",Adventure
Jadh Ganga Trek,3.5,3-Feb,https://haridwarrishikeshtourism.in/images/places-to-visit/header/jadh-ganga-trek-rishikesh-tourism-entry-fee-timings-holidays-reviews-header.jpg," The Jadh Ganga Trek is regarded as one of the most strenuous and difficult trek of north Uttarakhand. It involves traversing through Aglar valley followed by going over Nag Tibba ridge, and ultimately Nelang in Jadh Ganga. To make it more exciting, many adventurists go further towards Mana Pass and Saraswati Tal and finally terminating the trek at Badrinath Temple. ",Hill Station
Swarg Ashram,4.1,5-Apr,https://haridwarrishikeshtourism.in/images/places-to-visit/header/swarg-ashram-rishikesh-tourism-entry-fee-timings-holidays-reviews-header.jpg, Swarg Ashram is a spiritual abode built in the memory of Swami Vishudhanand who was fondly known as Kali Kamli Wala as he was always seen wearing a black coloured blanket. The ashram is a famous yoga and meditation centre located on the banks of holy Ganga. ,Spiritual
Piran Kaliyar Sharif,3.5,5-Apr,https://dynamic-media-cdn.tripadvisor.com/media/photo-o/0d/65/07/22/piran-kaliyar-sharif.jpg?w=1200&h=-1&s=1," The resting place of the Sufi saint Alauddin Ali Ahmed Sabir, Piran Kaliyar Sharif is a famous dargah located in Kaliyari village near Haridwar. It is one of the most important Muslim shrines in the India. ",Other
Byasi,3.4,2-Jan,https://www.holidify.com/images/cmsuploads/compressed/27264043077_549fbb827a_b_20190408180953_20190408181020.jpg," Located at 30 kms from Rishikesh, Byasi is a tiny village on the banks of river Ganges in Uttarakhand. The quaint little village popular for water sports and adventure tourism, river rafting and camping. ",Hill Station
Omkarananda Ashram,4.1,3-Feb,https://haridwarrishikeshtourism.in/images/places-to-visit/header/omkarananda-ashram-rishikesh-tourism-entry-fee-timings-holidays-reviews-header.jpg," Omkarananda Ashram is home to Patanjala Yoga Kendra yoga centre. Located in the Muni-ki-Reti area of Rishikesh, it holds a magnificent view next to the holy waters of Ganga. It follows and teaches the Iyengar Yoga which is guided by world-renowned Shri Guruji, B.K.S. Iyengar. ",Adventure
Sivananda Ashram,3.9,5-Apr,https://sivananda.org.in/neyyardam/wp-content/uploads/2020/11/KA5A6362-600x400.jpg," The Shivanand Ashram serves as the abode of Saint Swami Shivanand and is a popular religious yoga and meditation centre. Situated near the Ganges, the ashram is a beautiful and very calm place to be. The satsangs, feast and yoga sessions are well arranged, and the ashram is beautifully maintained. ",Spiritual
Vashista Gufa,3.5,2-Jan,https://media.holidify.com/images/cmsuploads/compressed/arundhati-cave-meditation_20241205133257.jpg," Vashishta Gufa is an ancient cave where the human son of Lord Brahma, Sage Vashishta meditated. A legend states that the sage was extremely depressed after losing all his children and decided to commit suicide, but River Ganga didn't allow him to die. He, therefore, decided to stay and meditate in the cave.  ",Spiritual
Andhra Ashram,4.0,4-Mar,https://haridwarrishikeshtourism.in/images/places-to-visit/header/andhra-ashram-rishikesh-tourism-entry-fee-timings-holidays-reviews-header.jpg, Andhra Ashram is a unique ashram managed and run by a bunch of South Indians in Rishikesh. It houses Sree Chandramouleshwara and Sree Venkateswaravari Temples and a number of south Indian festivals are celebrated here. ,Adventure
Anand Prakash Ashram,3.9,3-Feb,https://t.eucdn.in/tourism/lg/anand-prakash-ashram-3477031.webp," Anand Prakash Ashram is a perfect sanctuary for spiritual seekers that functions on holistic, non-sectarian teachings, also known as Akhanda Yoga. It provides necessary facilities, healthy environment and appropriate guidance to nourish the body and soul through Yoga. ",Wildlife
Madhuban Ashram,3.9,3-Feb,https://avathioutdoors.gumlet.io/travelGuide/dev/rishikesh_P7088.jpg?format=webp&w=800&dpr=1," Madhuban Ashram offers budget stay options along with a yoga centre, a health centre and a restaurant in Muni Ki Reti. The Ashram ensures the pilgrims are comfortable and have a peaceful time while they commence their spiritual journeys in the picturesque location. ",Heritage
Nirmal Ashram,4.9,5-Apr,https://nirmalashram.com/wp-content/uploads/2018/07/Picture-194.jpg," Nirmal Ashram was founded in 1903 by Mahant Buddha Singh Ji Maharaj. It is a charitable institution and a spiritual destination perfect for those seeking a spiritual break. The ashram runs two schools, an Eye Institute and a Hospital. They also conduct regular spiritual tours and programs for the pilgrims visiting Rishikesh in the search of nirvana. ",Beach
Osho Ganga Ashram,4.2,5-Apr,https://haridwarrishikeshtourism.in/images/places-to-visit/header/osho-ganga-ashram-rishikesh-tourism-entry-fee-timings-holidays-reviews-header.jpg," The only place to learn Osho Active Meditation in Rishikesh, Osho Ganga Ashram is a spiritual sanctuary for those seeking to nourish and tune their body, mind and soul. The ashram has workshops and extensive programs that teach stress relieving and relaxation techniques through meditation, massages, yoga and spiritual activities. ",Adventure
Phool Chatti Ashram,4.4,4-Mar,"https://static.wixstatic.com/media/8471f8_4df09e011471453eb304a5a25fcb7c90~mv2.png/v1/fill/w_640,h_464,al_c,q_85,usm_0.66_1.00_0.01,enc_avif,quality_auto/8471f8_4df09e011471453eb304a5a25fcb7c90~mv2.png"," Phool Chatti Ashram is a century-old ashram located on the banks of the holy Ganges and surrounded by the magnificent Himalayan mountain ranges. It is located on the pilgrimage route and offers pilgrims a safe and spiritual environment to stop by. It was founded by Shree Devi Dayal Ji Maharaj, and today, has all the modern amenities to ensure the guests have a comfortable stay and a highly spiritual experience through their programs. ",Hill Station
Sadhaka Grama Ashram,3.8,3-Feb,https://www.euttaranchal.com/icms/cms-photos/Swami-Rama-Sadhaka-Grama-Rishikesh.webp," Sadhaka Grama Ashram is a non-profit ashram founded in 2002 by Swami Veda Bharati and it functions on the teachings of a master from the Himalayas, Swami Rama. It is the headquarters of the International Association of Himalayan Yoga and Meditation Societies. The quaint little ashram specialises in the science and art of Yoga Meditation and also conducts extensive research and publications in the domain. ",Beach
Vanprastha Ashram,4.9,3-Feb,https://thrilltourism.com/storage/1088/1ObyLPWR5dKlQp7nrWkJhJVaQxdUlz50kfy2vB54.jpg," Located in the complex of the Swarg Ashram, Vanprastha Ashram is a quiet little spiritual escape that was founded by Baba Kali Kamli Wale. The ashram provides accommodation with modern amenities for a comfortable stay along with spiritual activities to calm the troubled soul. The ashram has a beautiful little garden with pathways, seats and lush green well-maintained lawns that offer a peaceful atmosphere for meditation and self-contemplation. ",Beach
Garudchatti Waterfall,4.3,4-Mar,https://t.eucdn.in/tourism/lg-jpg/garud-chatti-6623713.jpg," Garud Chatti Waterfalls is one of the most majestic and beautiful waterfalls in Rishikesh. Situated around 5 kms away from Lakshman Jhula, the waterfalls cascade down the Neelkanth Mahadev Temple. At the base of the trek to the waterfalls, there is also a revered Garud Temple. ",Adventure
Patna Waterfalls,3.5,3-Feb,https://dynamic-media-cdn.tripadvisor.com/media/photo-o/13/4a/d3/c1/photo0jpg.jpg?w=900&h=500&s=1," Located around 7 kms from Lakshman Jhula, Patna Waterfalls are right next to the Patna village in Rishikesh, Uttarakhand. The highlight of the waterfalls is also a limestone cave situated right next to it. ",Hill Station
Himshail Waterfalls,4.3,4-Mar,https://haridwarrishikeshtourism.in/images/places-to-visit/header/himshail-waterfalls-rishikesh-tourism-entry-fee-timings-holidays-reviews-header.jpg," Situated 4 kms away from Lakshman Jhula in Rishikesh, Himshail Waterfalls is one of the most calm and serene places in the city. It is popular for yoga and meditation practices because of the peaceful environment. There is also a Tat Baba Cave situated right next to it. ",Adventure
Phool Chatti Waterfalls,4.5,3-Feb,https://5.imimg.com/data5/TM/MD/MY-42528558/phoolchatti-waterfall-trek-tour-package.png," Phool Chatti Waterfalls are located in between Garudchatti and Neer Garh Waterfalls and are mostly hidden away from view in between dense trees and bushes. Located 7 kms from Lakshman Jhula, the region has several resorts where you stay to enjoy nature at its best. ",Nature
Marari Beach,3.9,3-Feb,https://dynamic-media-cdn.tripadvisor.com/media/photo-o/17/1b/5c/46/marari-beach.jpg?w=600&h=400&s=1," One of the great delights of the Malabar Coast, the Marari Beach is an idyllic serene beach. About 11 km from the city of Alleppey, this beach is a hotspot for fishing activity, deriving its name from the local fishing village Mararikulam. ",Beach
Alappuzha Beach,4.3,4-Mar,http://upload.wikimedia.org/wikipedia/commons/thumb/1/1f/Alleppey_beach.jpg/1200px-Alleppey_beach.jpg," The Alappuzha beach, also known as the Alleppey Beach, is famous for local getaways, its intrinsic beauty and a 150 years old pier which stretches into the sea. Relaxing under the palm groves and picnicking beside the beach are fantastic options available to those visiting the beach. Alleppey Beach is a host to many festivals like Sand Art festival and Alappuzha Beach Festival. ",Beach
Krishnapuram Palace,3.8,4-Mar,https://dynamic-media-cdn.tripadvisor.com/media/photo-o/0e/4d/cd/a7/krishnapuram-palace.jpg?w=900&h=500&s=1," Built during the reign of Travancore king Marthanda Varma, Krishnapuram Palace is a two-story structure crafted in traditional Kerala architectural style. ",Beach
Pathiramanal,3.0,3-Feb,https://i.ytimg.com/vi/3Qa9iesrVc4/maxresdefault.jpg, Pathiramanal is a beautiful island in Alappuzha which was once the property of the Thaimattatil family until 1979. The island is covered with dense natural vegetation and offers a perfect climatic condition for regional flora and fauna to thrive. The attraction is also famous as a bird watcher's paradise and a favourite amongst nature lovers. ,Island
Kayaking ,4.5,2-Jan,http://dynamic-media-cdn.tripadvisor.com/media/photo-o/29/ce/06/a2/caption.jpg?w=800&h=600&s=1, Kayaking is quite a famous activity in Alleppey as paddling through tiny canals and sifting through tiny bridges will make you feel very close to everyday life here. A mechanised Shikara Boat is a motorboat-like canoe that is super fast and allows visitors to travel long distances in a short time. ,Other
Vembanad Lake,3.4,5-Apr,https://www.keralatourism.org/_next/image/?url=http%3A%2F%2F127.0.0.1%2Fktadmin%2Fimg%2Fpages%2Fmobile%2Fvembanad-lake-1720267823_b7c1eb7c7e742515ca37.webp&w=3840&q=75, Vembanad Lake is the longest lake in India. The lake is known by different names in different places. Taking a house boat on the lake could be a fun experience. ,Nature
Punnapra Beach,3.3,3-Feb,https://travelsetu.com/apps/uploads/new_destinations_photos/destination/2023/12/14/287d8849952d9afed2ff194d1954a603_1000x1000.jpg," Punnapra Beach is a serene getaway famous for its golden stretch of sand and pristine waters. It is an isolated beach and doesn’t have a lot of visitors. It is, therefore, preferred for tourists looking for a romantic holiday away from the chaotic city life. Ayurvedic massages on the beach are quite famous here, making it a good place to replenish one’s mind and body. ",Beach
Thottappally Beach,4.7,4-Mar,https://www.dtpcalappuzha.com/uploads/picture_gallery/gallery_images/thottapally-20230524151753106429.webp," Famed through a celebrated novel and movie “Chemmeen”, Thottappally Beach is a quiet escape in the village. It an active fishing harbour that draws locals every day. The Thottappally Spillway located nearby is also quite an attraction. It helps separate the freshwater of the Thottappally Lake and the saline water at the mouth of the river that drains into the Arabian Sea. Tourists visit often for its conserved picturesque beauty and a soul-soothing experience.  ",Beach
Pallippuram,3.3,5-Apr,https://www.tourmyindia.com/states/kerala/images/pallipuram-fort-ernakulam1.jpg," One of the islands located in the Vembanad Lake, Pallipuram is a small village known for its white sand. It is just your kind of place, if you are looking for a very offbeat location within the Alappuzha district. ",Beach
Edathua Church,3.2,5-Apr,https://upload.wikimedia.org/wikipedia/commons/thumb/1/17/Edathua_Church_sideView.jpg/1200px-Edathua_Church_sideView.jpg," Situated on the banks of river Pampa, Edathua Church is also known as St. George Forane Church is dedicated to St. George. Built in 1810, the church is believed to possess miraculous healing powers.  ",Nature
Punnamada Lake,3.5,4-Mar,https://dynamic-media-cdn.tripadvisor.com/media/photo-o/09/a2/d6/fa/punnamada-lake.jpg?w=900&h=500&s=1, Punnamada Lake is an extension of Vembanad Lake in Alleppey. The lake is popular for hosting the very famous boat race called Nehru Trophy boat race. The race is held during the renowned Onam festival and attracts a lot of tourists from worldwide. ,Cultural
Karumadikn,4.6,4-Mar,https://www.dtpcalappuzha.com/uploads/picture_gallery/gallery_images/karumadikuttan-20230524133513190939.webp," Situated in the village of Karumadi, around 3 kms away from Alappuzha in Kerala, is the shrine of Karumadikkuttan; the name literally translating to the ‘boy from Karumadi’. Set on the banks of Punnamada lake in the backwaters, the temple majorly houses a three feet high, black granite statue of Buddha and is a venerated religious site among the Buddhists.  ",Beach
Vijay Beach Park,4.6,5-Apr,https://keralatourism.travel/images/places-to-visit/headers/vijay-beach-park-alleppey-tourism-entry-fee-timings-holidays-reviews-header.jpg," Constructed on the southern side of the Alappuzha backwaters, Vijay Beach Park is a wonderful initiative by the state government.  Other than the umpteen swings and slides available for the kids to play on, there are numerous thrilling rides for the grown-ups. While the toy train gives the children a ride around the park, the adults can enjoy boating. In addition, the park also has a demarcated area for the tiny tots to ride bikes on rent.  ",Beach
Thumpoly Beach,3.6,3-Feb,https://www.bluebirdtravels.in/wp-content/uploads/Thumpoly-Beach-1200x675-cropped.jpg," Located at a distance of 6 kms from Alappuzha and 90 kms from Kochi International Airport, Thumpoly is a coastal town in Kerala. With the majestic Arabian Sea on one side, and a charming quaint lake on the other, Thumpoly has been graciously blessed with golden sandy beaches, verdant green meadows and numerous canals which finally make their way to the ocean, by nature.  ",Beach
Alappuzha Lighthouse,4.5,5-Apr,https://www.seawatersports.com/images/places/alappuzha-lighthouse.png," Known for its breathtaking 360-degree views, the Alappuzha Lighthouse(Alleppey lighthouse) is an old-world charm. It is 4 km away from the main town lying on the sea bridge facing the Arabian sea coast. The 1862 lighthouse has a museum that preserves old equipment like oil lamps and items that testify to its 150-year-old journey.   ",Beach
Pandavan Para,4.9,3-Feb,https://files.yappe.in/place/full/pandavan-paara-7516223.webp," Shrouded in myth, the Pandavan Para, also known as Pandavan Rock, is believed to have been the hideout of the Pandavas. It is located in Urukunnu near Thenmala, 2 kilometres away from Chegannur in Alleppey. A popular picnic spot, the Pandavan Para has an ancient temple on its hilltop. Besides the curious rock structures in the shape of a frog (thavalapara) and a musical instrument (maddalapara), the Pandavan Para has enchanting views of the forest and Kallada Dam nearby. ",Hill Station
International Coir Museum,3.7,2-Jan,https://www.dtpcalappuzha.com/uploads/picture_gallery/gallery_images/international-coir-museum-20230524143502507878.webp," The International Coir museum is an embellishment to the coir industry of Kerala.  Located in Kalavoor, Alleppey, this museum showcases its history and journey over the ages in transforming fibre into beautiful products. Working on the theme, ""coir beautiful""; the process and extraction of fibre to the mechanization of the coir sector are all exhibited at the museum. Visitors can even buy handicrafts, coir ornaments and other products from their small souvenir shop at the museum.  ",Beach
Arthunkal Beach,4.8,5-Apr,https://www.keralatourism.org/_next/image/?url=http%3A%2F%2F127.0.0.1%2Fktadmin%2Fimg%2Fpages%2Fmobile%2Farthunkal-beach-alappuzha-1727355379_1ee356a35cc5f749c7af.webp&w=3840&q=75," Historically frequented by the Portuguese, the beach is closely located near st Andrews Forane Church in Cherthala. Known to be a fishermen beach, you can find many boats decked up by the shore. Although the beach is famous among localities, it has fewer provisions and isn’t as clean as the other beaches in Kerala. However, there are local stores selling snacks and fishers selling dried and fresh fishes.  ",Beach
Batasia Loop,4.3,3-Feb,https://www.darjeeling-tourism.com/darj_i000a1a.jpg," Located around 5 km from Darjeeling, Batasia loop is a spiral railway track where the toy train takes a complete 360 degree turn. The toy train descends by 1,000 ft. as it completes the loop through a large circular area. ",Hill Station
Nightingale Park,3.3,3-Feb,http://cdn.s3waas.gov.in/s322fb0cee7e1f3bde58293de743871417/uploads/bfi_thumb/2020081054-otrevjpz05hbqnp1zwau5mrxo20cofscsk1pjmmumi.jpg," This park was earlier called 'The Shrubbery' when it was a private courtyard. The park was closed for renovation for about four years and has reopened for public since 2011. There is a giant statue of Lord Shiva, a musical fountain along with the great scenery. ",Other
Rock Garden,3.3,4-Mar,https://dynamic-media-cdn.tripadvisor.com/media/photo-o/09/4c/43/64/the-rock-garden-of-chandigarh.jpg?w=900&h=500&s=1," The Rock Garden or the Barbotey Garden as its commonly known, is located a little far from the city around ~10 km away. The benches in the garden are made by cutting rocks at different levels. ",Nature
Singalila National Park,3.8,3-Feb,"https://res.cloudinary.com/roundglass/image/upload/f_auto/q_auto/f_auto/c_limit,w_auto:breakpoints_200_2560_100_5:1265/v1637135610/rg/collective/media/singalila-rhododendrons-forest-bloom-dhritiman-mukherjee-1637135609740.jpg"," Singalila National Park , located on the Singalila Ridge at a height of 7000 feet above sea level, is a national park of India in Darjeeling . The park is well known for the trekking and other adventure sports. The national park is similar to a paradise for the trekkers and adventure lovers. ",Hill Station
Japanese Peace Pagoda,3.6,2-Jan,https://upload.wikimedia.org/wikipedia/commons/b/b8/Peace_Pagoda%2C_Darjeeling_-_Dec_2006-2.jpg," As you climb up from Clubside along Gandhi and AJC Bose roads, you see this glistening white structure standing out - that's the Peace Pagoda. The Peace Pagoda, one of the 70 odd such structures built under the guidance of Japanese monk Nichidatsu Fujii, is worth a visit during the daily pujas. ",Cultural
Sandakphu Trek,3.8,5-Apr,https://trekinsikkim.in/sandakphu-trek/sandakphu-trek-route.webp," Sandakphu Peak (11,941 Feet) is the highest peak in West Bengal. The highest peak of Singalila Ridge in Darjeeling district, almost near the border of Nepal, it is located very close to Singalila National Park. ",Hill Station
Tinchuley,3.6,4-Mar,https://encrypted-tbn0.gstatic.com/images?q=tbn:ANd9GcSZ5MyMPNYLnxkfpn4zC2dAG6cQ4uK_dTQP1g&s," At a distance of about 32 km from Darjeeling, Tinchuley is an offbeat hamlet situated close to the West Bengal-Sikkim border. With an altitude of 5550 ft, the name of the place derives from the words ‘tin’ and ‘chula’, which translates as ‘three ovens’ because the trio of hills constituting the hill station resemble mud ovens.  ",Hill Station
Observatory Hill,3.3,2-Jan,https://avccxlqtlq.cloudimg.io/https://citydays.com/blog-assets/media/images/38201925645_592697601d_k.max-1920x1080.jpg," Like most other hill stations in India, Darjeeling also has a Mall Road and atop the Mall is the Observatory hill. The hill hosts the famous Mahakal temple and the original shrine of Bhutia Busty monastery, making the place of religious significance for Hindus and Buddhists alike. ",Hill Station
Monastries ,3.3,4-Mar,https://www.holidify.com/images/cmsuploads/compressed/Yiga_Choeling_Monastery2C_Ghum_02_20240212151611.jpg," You must visit monasteries in Darjeeling to experience the essence of the place. There are lots of monasteries spread across the city, all having their own relevance. ",Hill Station
Lamahatta Eco Park,4.3,3-Feb,https://media-cdn.tripadvisor.com/media/photo-s/0f/38/9f/db/lamahatta-eco-park.jpg," Lamahatta is a scenic village in West Bengal, 23km from Darjeeling. To showcase the magnificent views of peaks & rivers and the dhupi & pine forests here, the Lamahatta Eco Park was created in 2012. Lamahatta means Monk's Hermitage and so, this place promises an environment that feels as tranquil as a monk - a measure of balance between nature & man. At an altitude of 5,700 ft., this eco-park has a lot to offer. ",Hill Station
Lepchajagat,3.2,3-Feb,https://s7ap1.scene7.com/is/image/incredibleindia/lepchajagat-darjeeling-west-bengal-2-attr-hero?qlt=82&ts=1726643424084," Lepchajagat is a small village around 19km from Darjeeling. At a height of 6,956 ft, this vilage is considered a haven for nature lovers and honeymooners. Amidst dense forests of pines, oaks and rhododendrons, this village gives you tranquility. Viewing the Kanchenjunga peaks from here is a serene experience. It is now part of a reserved forest area. ",Hill Station
Naini Lake,4.4,5-Apr,https://www.holidify.com/images/cmsuploads/compressed/19421484519_dd4e3f4009_b_20190514143704.jpg," Naini Lake is the main attraction of Nainital. It is famous for boating and a stroll in the evening. The Mall Road, Bus Stand and Naina Devi Temple are located around the lake.  ",Hill Station
Eco Cave Gardens,3.6,5-Apr,https://nainitaltourism.org.in/images/places-to-visit/headers/eco-cave-gardens-nainital-indian-tourism-entry-fee-timings-holidays-reviews-header.jpg," Eco Cave Garden is a recreation park in Nanital with series of caves, hanging gardens and a musical fountain. It is a fun place to visit with kids. Musical fountain show takes place every evening. ",Nature
High Altitude Zoo,3.1,5-Apr,https://nainitalzoo.org.in/images/hbg.jpeg," Nainital Zoo, also known as High Altitude Zoo, houses several endangered species like Himalayan Bear, Himalayan Civet, Hill Patridge, Tibetan Wolf and other animals. ",Hill Station
Naina Peak,3.3,3-Feb,https://nainitaltourism.org.in/images/places-to-visit/headers/naina-peak-nainital-indian-tourism-entry-fee-timings-holidays-reviews-header.jpg," Naina Peak, also called Cheena Peak, is the most famous viewpoint of Nainital. It is a 3km trek to the top with a steep incline and a semi-paved path. From the top, Tibet Border and Nanda Devi Peak are visible. ",Hill Station
Neem Karoli Baba Ashram,3.2,3-Feb,https://images.squarespace-cdn.com/content/v1/5e46d3773bf1ec51a04b43f8/1581959956994-58J7MWE0HUGDMHMRL6V2/kainchi-dham-e1458255355599.jpg," Dedicated to Shri Neem Karoli Baba, who was a Hindu saint and Guru and had a lot of devotees from all over the world. Steve Jobs had come to India in 1974 to become his devotee, though sadly he had passed away by that time. ",Other
Bhimtal,4.3,2-Jan,https://upload.wikimedia.org/wikipedia/commons/thumb/1/11/Bhimtal_lake_view_01.jpg/1200px-Bhimtal_lake_view_01.jpg," Bhimtal is an idyllic and less-crowded version of Nainital, 23 km away. It is a scenic hill station, the charm of which lies in its off-beat, tranquil atmosphere.  ",Hill Station
Sattal,3.1,2-Jan,https://www.holidify.com/images/bgImages/SATTAL.jpg," Sattal is a group of seven freshwater lakes located in the lower regions of Bhimtal. Home to many migratory birds, it is popular amongst nature buffs and bird watchers.  ",Nature
Pangot,3.8,2-Jan,https://www.corbett-national-park.com/corbett-images/pangot-place.webp," Located just 15 kilometres away from Nainital, Pangot, located in the Kosiyakutoli tehsil of the Nainital district of Uttarakhand.  The village is at the height of 6,300 feet above sea level and is well known all across the nation for its rich and exotic bird life. Pangot also becomes a hub for photography enthusiasts when hundreds of different species of birds flock here during the harsh winters in the upper Himalayas and settle down here temporarily. There are a few hotels and a few dhabas and shops serving snacks and food in the Pangot village ",Hill Station
Himalayan ,3.2,2-Jan,https://nicrcdn.northindiacarrental.com/uploads/touristPlace/large/himalayan-view-point-nainital_1579946999.webp," Himalayan View Point in Nainital offers a panoramic view of the Himalayas, all the way to Nepal. There is a telescopic here and some food stalls. ",Hill Station
Jeolikot,3.5,2-Jan,https://www.holidify.com/images/cmsuploads/compressed/Screenshot2020-12-13at3.45.01PM_20201213154522.png," Jeolikot is a small hill town near Nainital, located on the Nainital-Haldwani highway. It is famous for its butterfly population and lush greenery. There are beautiful homestays available here. ",Hill Station
Hanuman Garhi,3.3,2-Jan,https://upload.wikimedia.org/wikipedia/commons/f/f8/Hanuman_Garhi_Temple%2C_a_major_religious_site_in_Ayodhya_utter_pradesh.jpg," Hanuman Garhi Temple is dedicated to Lord Hanuman.The idol of Lord Hanuman is portrayed as splitting his chest, depicting that Lord Ram resides in his heart. Located on a hilltop, it is a popular sunrise and sunset viewpoint as well. ",Hill Station
Khurpa Taal,4.0,2-Jan,https://dynamic-media-cdn.tripadvisor.com/media/photo-o/03/f1/46/04/khurpa-taal.jpg?w=1200&h=-1&s=1, Khurpa Taal is a pristine lake near Nainital.The lake changes colour from sunrise to sunset. It is ideal for a quick view for 10-15 minutes as there isn't much to do near the lake. ,Hill Station
Ranikhet,3.8,2-Jan,https://s3.india.com/wp-content/uploads/2024/05/Places-To-Visit-Near-Ranikhet.jpg?impolicy=Medium_Widthonly&w=350&h=263," Ranikhet is a quaint hill station near Nainital with undulating Himalayan hills and forests. It is popular for its views of the Nanda Devi Peak, trekking ranges, mountainous climbs, golf courses, orchards and temples. ",Hill Station
Astronomical Observatory,4.2,2-Jan,https://upload.wikimedia.org/wikipedia/commons/thumb/f/fd/Hanle_observatory.jpg/640px-Hanle_observatory.jpg," Perched on top of the Manora Peak in Beluwakhan, Nainital, Astronomical Observatory helps you see the stars, celestial bodies, the moon and other heavenly bodies with the help of high powered, imported telescopes. Prior booking is required to visit. ",Hill Station
Naukuchiatal,4.6,2-Jan,https://www.thehosteller.com/_next/image/?url=https%3A%2F%2Fstatic.thehosteller.com%2Fhostel%2Fimages%2FCover%20Image.jpg%2FCover%20Image-1692940621038.jpg&w=2048&q=75, Naukuchiatal is a small picturesque lake village near Nainital offering tranquillity. It is mainly known for its nine cornered lake which measures up to 1 km in length and 40 m deep. ,Hill Station
Sariya Tal,4.5,3-Feb,https://www.trawell.in/admin/images/upload/132215847Nainital_Sariyatal_Main.jpg," Located near Kaladhungi, Sariyatal is an artificial lake visited for paddle boating and water sports. It is also popular for the Himalayan botanical garden which is a research centre other than being a herbarium and a butterfly park.  ",Beach
Peora,3.4,2-Jan,https://media1.thrillophilia.com/filestore/3lahgx97r0pf6ffqghljiu8tt3yp_download%20-%202023-12-06T163657.296.jpeg," Peora is a charming village near Nainital. There are a number of British Era bungalows that give this place a rustic vibe. The scenic beauty with snow-capped mountains, juicy fruit-laden trees, green meadows and a variety of fauna is the highlight. ",Hill Station
Sitabani,3.3,3-Feb,https://dynamic-media-cdn.tripadvisor.com/media/photo-o/15/24/75/ca/property.jpg?w=900&h=500&s=1," Sitabani is a wildlife reserve in the Nainital district. It is home to 600 species of migratory and resident birds. Himalayan Black Bear, Himalayan weasel, Yellow-throated Pine Marten, and Himalayan Goral can also be spotted here. ",Hill Station
Bhowali,4.6,2-Jan,https://upload.wikimedia.org/wikipedia/commons/3/35/Bhowali_City_02.jpg," Bhowali is a little hill-station, 11km from Nainital. It is a town of panoramic vistas and bounty of nature. Bhowali is known for producing finest quality fruits. It is also a good place to stay in homestays near Nainital. ",Hill Station
Kainchi Dham,4.6,4-Mar,http://cdn.triptotemples.com/blogs/65bde5999cc6d325323cfcda-1-(7).png," A very popular place in the area, this temple is renowned for Neeb Karori Maharaj temple and ashram. The temple attracts devotees from all over the country as well as abroad. Situated about 9kms from Bhowali and 17kms from Nainital, this temple sits deftly in the lap of nature oozing spiritual vibes and serenity. ",Hill Station
Chail,3.6,5-Apr,https://upload.wikimedia.org/wikipedia/commons/5/5e/Chailhill.jpg," This small village in Himachali is situated at a height of 2250 m above sea level and is known as a hiker's paradise. Surrounded by lush greenery and mesmerizing views from such a great height, Chail is bound to give a tourist a memorable travelling experience to a tourist. ",Hill Station
Visceral Lodge,3.1,3-Feb,https://shimlatourism.co.in/images/tourist-places/header-image/viceregal-lodge-shimla-tourism-entry-fee-timings-holidays-reviews-header.jpg," It is a perfect place for history lovers. Built in 1888, this six story building constructed in Scottish Baronial style once served as the residence of Lord Dufferin, the British Viceroy of India. ",Other
Narkanda,3.4,2-Jan,"https://static.thehosteller.com/blogimage/Mashobra,%20Shimla%20Tourism%20-%201-1690863036137-1690872752420.jpg"," Surrounded by forests and woodlands, Narkanda is a quaint little town in Shimla district which is popular for skiing in winters. Situated at a height of 9000 feet, this town attracts tourists for its ethereal natural beauty and its beautiful apple orchards. Surrounded by tropical forests and majestic hills, this is one place that tourists to Himachal Pradesh should not miss.  ",Hill Station
Naldehra,3.8,5-Apr,http://oberoihotels.com/-/media/oberoi-hotels/website-images/the-oberoi-cecil-shimla/destination/detail/naldhera-golf-course.jpg?w=384&hash=a69b7574a5d499d60060203929ef6594," Naldehra is a small enchanting hill station in Himachal Pradesh, located just around 22 km from Shimla. It is perfect for tourists looking for natural scenic beauty and an offbeat location. Naldehra is famous for its greenery, golf course and plain view of the mountains filled with pine, cedar and deodar trees.  ",Hill Station
Annadale,4.6,5-Apr,https://shimlamanalipackages.com/wp-content/uploads/2020/11/Annadale.jpg," Annadale is a famous attraction in Shimla having a splendid Golf Course, a Playground, a Cactus Museum and an Indian Army Museum. All these aspects make Annadale a beautiful attraction for holidaying and rejuvenation purposes. ",Heritage
Rothney Castle,4.1,5-Apr,https://www.seawatersports.com/images/places/rothney-castle.png, Rothney Castle is a heritage monument located on Jakhoo Hill on a steep slope amidst lush green natural vegetation. The site is a treat to the explorer due to its historical significance and the natural beauty of the location.  ,Hill Station
Theog,3.5,5-Apr,https://upload.wikimedia.org/wikipedia/commons/0/09/Theog_Town_View_from_Kanag_Tibba.jpg," A quiet escape, one of the less crowded attractions of the state, Theog in Himachal Pradesh, warmly wrapped in the arms of the mighty Himalayas, has everything a popular hill station can give you minus the tourist rush.  ",Hill Station
Tattapani,3.3,2-Jan,https://upload.wikimedia.org/wikipedia/commons/a/ac/Tattapani_Hot_Springs_next_to_Sutlej_River_Himachal_Pradesh_India.jpg," Literally meaning hot water in Hindi, Tattapani is a small village located 51km away from Shimla. This place is famous for hot water springs and the famous Shiva caves. ",Urban
Skiing In Kufri,4.3,3-Feb,https://www.holidify.com/images/cmsuploads/compressed/skiing-3969959_960_720_20210427151540.jpg, Kufri tends to be a hub of much activity and enjoyment in winters. Skiing is a popular sport here and the town also hosts a winter sports festival in February. A number of setups here provide both training and facilities for skiing. ,Adventure
Chadwick Falls,3.6,3-Feb,https://shimlatourism.co.in/images/places-to-visit/headers/chadwick-falls-shimla-tourism-entry-fee-timings-holidays-reviews-header.jpg," Chadwick Falls is located in the Glen Forests not too far from the bustling city area. Frequently visited by picnickers, this stream of water trickles from a height of about 100 metres. It is not a massive waterfall but is admired for the tranquillity and the hypnotic vibe it creates amidst the dense forest region. ",Wildlife
Jakhoo Ropeway,4.0,3-Feb,https://images.unsplash.com/photo-1565708617992-13ba1361404d?crop=entropy&cs=tinysrgb&fit=max&fm=jpg&ixid=M3w3NDY0NjN8MHwxfHNlYXJjaHwxfHxKYWtob28lMjBSb3Bld2F5fGVufDB8MHx8fDE3NDYzMDMzNTh8MA&ixlib=rb-4.0.3&q=80&w=1080, The vintage British-era architecture coupled with the scenic views of the Himalayan landscape is thoroughly enjoyed by the ropeway cable car from the bottom of the hill to the top.  ,Hill Station
Gorton Castle,3.8,2-Jan,https://images.unsplash.com/photo-1559906727-76b9259eb4e2?crop=entropy&cs=tinysrgb&fit=max&fm=jpg&ixid=M3w3NDY0NjN8MHwxfHNlYXJjaHwxfHxHb3J0b24lMjBDYXN0bGV8ZW58MHwwfHx8MTc0NjMwMzM2MHww&ixlib=rb-4.0.3&q=80&w=1080," Gorton Castle is a heritage monument which is over a century old and was built during the Colonial era. Today, the castle is used as the office of the Accountant General of Himachal Pradesh. It is a perfect illustration of the rich history and heritage of India during the colonial era.  ",Hill Station
Bantony Castle,4.0,3-Feb,https://images.unsplash.com/photo-1559906727-76b9259eb4e2?crop=entropy&cs=tinysrgb&fit=max&fm=jpg&ixid=M3w3NDY0NjN8MHwxfHNlYXJjaHwxfHxCYW50b255JTIwQ2FzdGxlfGVufDB8MHx8fDE3NDYzMDMzNjJ8MA&ixlib=rb-4.0.3&q=80&w=1080, The Bantony estate is a heritage site built during the British era and is located on Bantony Hill in Shimla. The estate consists of the Bantony Castle and the Bantony Cottage. The estate now comes under the Heritage Zone of Shimla and is included in the Shimla Heritage walk for tourists.  ,Hill Station
Solan,4.2,5-Apr,https://images.unsplash.com/photo-1605689380471-e395f069d0b5?crop=entropy&cs=tinysrgb&fit=max&fm=jpg&ixid=M3w3NDY0NjN8MHwxfHNlYXJjaHwxfHxTb2xhbnxlbnwwfDB8fHwxNzQ2MzAzMzcxfDA&ixlib=rb-4.0.3&q=80&w=1080," Solan is a more low-key hill station ideal for travellers looking just some time away from city rush. A beautiful city in Himachal Pradesh, Solan has ancient temples and monasteries that attract hundreds of tourists and devotees every year.  ",Hill Station
Mashobra,3.3,3-Feb,https://images.unsplash.com/photo-1634909644401-2b80d9adecd3?crop=entropy&cs=tinysrgb&fit=max&fm=jpg&ixid=M3w3NDY0NjN8MHwxfHNlYXJjaHwxfHxNYXNob2JyYXxlbnwwfDB8fHwxNzQ2MzAzMzczfDA&ixlib=rb-4.0.3&q=80&w=1080," This is a small and relatively less explored town, at a distance of mere 10 km from main Shimla. Tourists come here to relax and unwind in the lap of nature where the richness in flora and fauna is in abundance. ",Cultural
Fagu,4.6,3-Feb,https://images.unsplash.com/photo-1732114590609-4dbd452baa4f?crop=entropy&cs=tinysrgb&fit=max&fm=jpg&ixid=M3w3NDY0NjN8MHwxfHNlYXJjaHwxfHxGYWd1fGVufDB8MHx8fDE3NDYzMDMzNzV8MA&ixlib=rb-4.0.3&q=80&w=1080," Situated at an elevation of 2500 meters, Fagu is a serene snow-clad hamlet, located around 45 minutes drive from Shimla. It is known for its apple plantations, sowing fields and the snow-covered Himalayas in the backdrop. Since it is secluded, Fagu is a honeymooner's heaven. It also popular amongst trekkers and naturalists. ",Hill Station
Shoghi,4.7,2-Jan,https://images.unsplash.com/photo-1690476326161-78eb13f6b628?crop=entropy&cs=tinysrgb&fit=max&fm=jpg&ixid=M3w3NDY0NjN8MHwxfHNlYXJjaHwxfHxTaG9naGl8ZW58MHwwfHx8MTc0NjMwMzM3N3ww&ixlib=rb-4.0.3&q=80&w=1080," While Shimla is being flooded by tourists every year, a serene, calm and epitome of beauty lies near it, waiting to be discovered. Shoghi, a small hill station just 13 Kms. from Shimla is abundant in natural scenic beauty and a large variety of flora and fauna. ",Hill Station
Kharapathar,3.6,5-Apr,https://images.unsplash.com/photo-1735016979563-f8e12b5afbe3?crop=entropy&cs=tinysrgb&fit=max&fm=jpg&ixid=M3w3NDY0NjN8MHwxfHNlYXJjaHwxfHxLaGFyYXBhdGhhcnxlbnwwfDB8fHwxNzQ2MzAzMzk4fDA&ixlib=rb-4.0.3&q=80&w=1080," When it comes down to rugged mountainous views, free spirited nature and an overall enchanting and wild trip, the Himalayan village of Khara Pathar takes the cake. The small village may not seem often be chosen in favour of its famous neighbour, Shimla and due to the extremely off track road that leads to Khara Pathar, but the places charm is never dims. Khara Pathar is located at a height of 8770 feet above sea level, making it the highest point on the Shimla route. The staggering height of the village makes the view here a thing of the legends, especially at night when all the scattered houses on the hill are lit up like tiny specks. The cloud piercing height also gives rise to clear cloudless nights which give individuals an absolutely stunning view of the millions of stars, which is a sight as rare as a shooting star in big cities or towns. ",Hill Station
Hatkoti,3.9,3-Feb,https://upload.wikimedia.org/wikipedia/commons/thumb/3/33/Hatkoti_Town.jpg/960px-Hatkoti_Town.jpg," The Hatkoti Valley is mainly visited by the locals as a day trip from Shimla and is a popular pilgrimage spot, religious symbol as well as a sanctuary for those wishing to make themselves one with nature. ",Hill Station
Emerald Lake,4.3,4-Mar,https://images.unsplash.com/photo-1562524029-acca99f1a6b1?crop=entropy&cs=tinysrgb&fit=max&fm=jpg&ixid=M3w3NDY0NjN8MHwxfHNlYXJjaHwxfHxFbWVyYWxkJTIwTGFrZXxlbnwwfDB8fHwxNzQ2MzAzNDA1fDA&ixlib=rb-4.0.3&q=80&w=1080, Emerald lake is an exquisite lake in the upper plateau region of the Nilgiri hills. It is a part of the silent valley and is beside the Red hill nature resort which is a best picnic place of the region. ,Hill Station
Dolphin'S Nose,3.3,5-Apr,https://images.unsplash.com/photo-1659894143980-5e92a31dca62?crop=entropy&cs=tinysrgb&fit=max&fm=jpg&ixid=M3w3NDY0NjN8MHwxfHNlYXJjaHwxfHxEb2xwaGluJTI3cyUyME5vc2V8ZW58MHwwfHx8MTc0NjMwMzQwOXww&ixlib=rb-4.0.3&q=80&w=1080," This is a unique natural site where a protruding rock looks like a dolphin's nose! Climbing up to the spot might require some effort, but it is totally worth it! From this point, one can catch the breathtaking view of the Catherine falls hundreds of meters below and also of the Coonoor stream meeting the Kotogiri stream. ",Heritage
Rose Garden,3.7,4-Mar,https://images.unsplash.com/photo-1641724502822-fcbde03383a7?crop=entropy&cs=tinysrgb&fit=max&fm=jpg&ixid=M3w3NDY0NjN8MHwxfHNlYXJjaHwxfHxPb3R5JTIwUm9zZSUyMEdhcmRlbnxlbnwwfDB8fHwxNzQ2MzAzNDExfDA&ixlib=rb-4.0.3&q=80&w=1080, Rose garden lies in the heart and soul of Ooty.The construction stays to be magnificent and there are small tunnels made wherein the roses are planted. ,Hill Station
Avalanche Lake,3.5,2-Jan,https://images.unsplash.com/photo-1516737284240-03f64e508c69?crop=entropy&cs=tinysrgb&fit=max&fm=jpg&ixid=M3w3NDY0NjN8MHwxfHNlYXJjaHwxfHxBdmFsYW5jaGUlMjBMYWtlfGVufDB8MHx8fDE3NDYzMDM0MTN8MA&ixlib=rb-4.0.3&q=80&w=1080," The Avalanche Lake in the Nilgiris District of Tamil Nadu is a famous tourist spot. Especially renowned among nature enthusiasts and photographers, the lake is set amidst a captivating landscape which is filled with lovely flowers. The waterfalls that fall down the nearby mountains further add to the beauty of the place.  ",Hill Station
Doddabetta Peak,3.5,2-Jan,https://images.unsplash.com/photo-1526576636352-33c7a1a2df3d?crop=entropy&cs=tinysrgb&fit=max&fm=jpg&ixid=M3w3NDY0NjN8MHwxfHNlYXJjaHwxfHxEb2RkYWJldHRhJTIwUGVha3xlbnwwfDB8fHwxNzQ2MzAzNDE1fDA&ixlib=rb-4.0.3&q=80&w=1080," Dodabetta, literally translating to mean - Big Peak, is located approximately 10 km away from Ooty. It towers to a staggering height of 8650 feet or 2,623 meters above the sea level and is the highest peak in the Nilgiri Hills. A treat to the eyes, this picturesque land is indeed a great sightseeing place.  ",Hill Station
Thread Garden,3.6,3-Feb,https://images.unsplash.com/photo-1681468704359-27cd980d5ce7?crop=entropy&cs=tinysrgb&fit=max&fm=jpg&ixid=M3w3NDY0NjN8MHwxfHNlYXJjaHwxfHxUaHJlYWQlMjBHYXJkZW58ZW58MHwwfHx8MTc0NjMwMzQxOXww&ixlib=rb-4.0.3&q=80&w=1080," The thread garden at Ooty is a popular tourist spot that exhibits some of the most magnificent and exquisite collection of artificial flowers and plants, all made by the expert hands of the skilful artists by using JUST thread. ",Hill Station
Kamraj Sagar Lake,3.3,2-Jan,https://images.unsplash.com/photo-1439066290691-510066268af5?crop=entropy&cs=tinysrgb&fit=max&fm=jpg&ixid=M3w3NDY0NjN8MHwxfHNlYXJjaHwxfHxLYW1yYWolMjBTYWdhciUyMExha2V8ZW58MHwwfHx8MTc0NjMwMzQyMXww&ixlib=rb-4.0.3&q=80&w=1080, Kamraj sagar lake is a dam and is located in the suburbs of Ooty. It is located far away at a distance between the woodlands and thus make an amazing picnic spot. ,Hill Station
Pykara Lake,3.5,3-Feb,https://images.unsplash.com/photo-1711553186791-499afea915d7?crop=entropy&cs=tinysrgb&fit=max&fm=jpg&ixid=M3w3NDY0NjN8MHwxfHNlYXJjaHwxfHxQeWthcmElMjBMYWtlfGVufDB8MHx8fDE3NDYzMDM0MjR8MA&ixlib=rb-4.0.3&q=80&w=1080," Pykara Lake has everything that a person on vacation can ask for, right from ambience and comfort to scenic beauty. Nature lovers, photographers and adventure seekers should definitely not miss out on this unique and fun-filled place.  ",Adventure
Wenlock Downs,4.6,5-Apr,https://images.unsplash.com/photo-1698203582652-11c8f581c069?crop=entropy&cs=tinysrgb&fit=max&fm=jpg&ixid=M3w3NDY0NjN8MHwxfHNlYXJjaHwxfHxXZW5sb2NrJTIwRG93bnN8ZW58MHwwfHx8MTc0NjMwMzQyNnww&ixlib=rb-4.0.3&q=80&w=1080," Wenlock Downs is a famous picnic spot in the outskirts of Ooty. People seeking a spot to escape the polluted environment and the world of concrete often head to this attraction. At Wenlock Downs, they find a vast expanse of lush green meadow over the natural landscape with rolling mountains all covered in dense vegetation.  ",Hill Station
Thunder World,3.7,2-Jan,https://images.unsplash.com/photo-1476304884326-cd2c88572c5f?crop=entropy&cs=tinysrgb&fit=max&fm=jpg&ixid=M3w3NDY0NjN8MHwxfHNlYXJjaHwxfHxUaHVuZGVyJTIwV29ybGR8ZW58MHwwfHx8MTc0NjMwMzQyOHww&ixlib=rb-4.0.3&q=80&w=1080," Thunder World is a themed amusement park in Ooty. Also known as Dinosaur Park, it is famous amongst the young and the old who visit to get a feel of going back into the past and experiencing illusions or witnessing the world of spirits. The park is divided into themed sections – the Jurassic Jungle, the Vortex and the Haunted House.  ",Hill Station
Cairn Hill,4.9,3-Feb,https://images.unsplash.com/photo-1619182709363-7718acd18500?crop=entropy&cs=tinysrgb&fit=max&fm=jpg&ixid=M3w3NDY0NjN8MHwxfHNlYXJjaHwxfHxDYWlybiUyMEhpbGx8ZW58MHwwfHx8MTc0NjMwMzQzMnww&ixlib=rb-4.0.3&q=80&w=1080," Situated in the hill town of Ooty, Cairn Hill is an eco-tourism and a reserved forest site which came into existence in the 1860s and sprawls over a massive area of approx 168 hectares.  ",Hill Station
Adamês Fountain,4.3,2-Jan,https://images.unsplash.com/photo-1541701080588-8f9c226c413a?crop=entropy&cs=tinysrgb&fit=max&fm=jpg&ixid=M3w3NDY0NjN8MHwxfHNlYXJjaHwxfHxBZGFtJUMzJUFBcyUyMEZvdW50YWlufGVufDB8MHx8fDE3NDYzMDM0MzR8MA&ixlib=rb-4.0.3&q=80&w=1080," Adam's Fountain is a gorgeous fountain situated at the Charring Cross junction in Ooty. The fountain was built in 1886 as a memorial to the then Governor of Ooty. The cost of the total construction was between INR 13,000 and INR 14,000 and was collected through public funding. It is a very important tourist landmark in the city. ",Hill Station
Kandal Cross Shrine,4.4,4-Mar,https://images.unsplash.com/photo-1529988885170-6dc8ce34ce6d?crop=entropy&cs=tinysrgb&fit=max&fm=jpg&ixid=M3w3NDY0NjN8MHwxfHNlYXJjaHwxfHxLYW5kYWwlMjBDcm9zcyUyMFNocmluZXxlbnwwfDB8fHwxNzQ2MzAzNDM5fDA&ixlib=rb-4.0.3&q=80&w=1080," Situated on the outskirts of Ooty, Kandal Cross Shrine is a beautiful church popularly known as the Jerusalem of the East. The church houses a life size bronze crucifix and a relic in a small glass case which is believed to be from the original cross that Christ carried. Sacred prayers are offered every Friday. ",Hill Station
Stone House,3.5,5-Apr,https://images.unsplash.com/photo-1603034222368-fc53916f4eed?crop=entropy&cs=tinysrgb&fit=max&fm=jpg&ixid=M3w3NDY0NjN8MHwxfHNlYXJjaHwxfHxTdG9uZSUyMEhvdXNlfGVufDB8MHx8fDE3NDYzMDM0NDF8MA&ixlib=rb-4.0.3&q=80&w=1080," Stone House in Ooty is famous for being the first bungalow in the town. Also known as Kal Bangala in Tamil, it was built in the early 19th century by John Sullivan, an Englishman, the first Collector of Udhagamandalam and the founder of the British Settlement in Ooty. ",Hill Station
Government Museum,3.2,2-Jan,https://images.unsplash.com/photo-1532798210189-ca8e366884b9?crop=entropy&cs=tinysrgb&fit=max&fm=jpg&ixid=M3w3NDY0NjN8MHwxfHNlYXJjaHwxfHxHb3Zlcm5tZW50JTIwTXVzZXVtfGVufDB8MHx8fDE3NDYzMDM0NDN8MA&ixlib=rb-4.0.3&q=80&w=1080," The Government Museum in Ooty was built in 1989 to maintain and promote the culture of Ooty in the form of exhibits and information. The attraction houses an extensive collection of the culture, history, the tribes, tribal objects, sculptures, paintings, handicrafts, nature and the ecology of Udhagamandalam.  ",Hill Station
Pykara Falls,4.8,5-Apr,https://images.unsplash.com/photo-1533811668780-8d4ddf8a31e8?crop=entropy&cs=tinysrgb&fit=max&fm=jpg&ixid=M3w3NDY0NjN8MHwxfHNlYXJjaHwxfHxQeWthcmElMjBGYWxsc3xlbnwwfDB8fHwxNzQ2MzAzNDQ1fDA&ixlib=rb-4.0.3&q=80&w=1080," Pykara Falls are set amidst the backdrop of a lush green forest and are an absolute delight to witness. Pykara is the name of a village which lies at a distance of around 19 kms from Ooty, in the state of Tamil Nadu. It is also the name of a river which runs through the Pykara village, which is sacred to the natives of this land. The Pykara river flows downstream from the mountains, over a series of waterfalls, and these are known as the Pykara falls. ",Hill Station
Katari Falls,3.5,4-Mar,https://upload.wikimedia.org/wikipedia/commons/thumb/f/f5/Ornamental_katar.jpg/600px-Ornamental_katar.jpg," Known to be the third highest waterfalls in the Nilgiris, the mesmerising Katari Falls is situated at  Adikarratti in Ooty, 10 kms from Coonoor. Boasting of a magnificent height of 180 m, the silvery water gushing down to form a pool at the base is also a popular picnic spot in the region.  ",Hill Station
Halashana Falls,4.0,2-Jan,https://upload.wikimedia.org/wikipedia/commons/thumb/4/4f/Nilgiri_Hills_Tamil_Nadu.jpg/600px-Nilgiri_Hills_Tamil_Nadu.jpg, The very beautiful and mesmerising Halashana Waterfalls are located in the Nilgiris near the cities of both Ooty and Coonoor. The silvery water falls down a height of 150 feet above the sea level. The area around the falls is owned by a private estate. ,Hill Station
Honey & Bee Museum,4.3,4-Mar,https://upload.wikimedia.org/wikipedia/commons/thumb/4/4d/Apis_mellifera_Western_honey_bee.jpg/960px-Apis_mellifera_Western_honey_bee.jpg," Honey & Bee Museum is situated on the Sargan Villa Club Road in Ooty and aims to provide in depth knowledge about the anatomy of a bee and the manufacture of honey from its nascent stage. The tour is a very informative one. And while the other things are common to most hill stations, a tour in this museum is unique and among the most unique things to do in Ooty. ",Hill Station
Mukurthi National Park,3.6,2-Jan,https://upload.wikimedia.org/wikipedia/commons/thumb/e/ee/Niltahr.jpg/600px-Niltahr.jpg," The culturally rich South-Indian state - Tamil Nadu – calls out tourists from all around the globe, and there is more than one reason to it. Be it the extravagance of architectural excellence in the form of magnificent temples, the serenity of the scenic beaches and the magical charm of the hill stations, Tamil Nadu is an absolute vacationers’ paradise.  ",Hill Station
Amrapali Museum,3.7,4-Mar,https://upload.wikimedia.org/wikipedia/commons/thumb/7/7f/AMRAPALI_MUSEUM%2C_JAIPUR.jpg/960px-AMRAPALI_MUSEUM%2C_JAIPUR.jpg," Amrapali Museum is one of the popular museums of Jaipur known for showcasing different styles of Indian Jewellery art. It houses a wide collection of Tribal jewellery along with Mughal style, Rajput style and temple jewellery. ",Heritage
Amar Jawan Jyoti,3.8,3-Feb,https://upload.wikimedia.org/wikipedia/commons/thumb/a/a2/India_Gate_020.jpg/960px-India_Gate_020.jpg," The Amar Jawan Jyoti in Jaipur, Rajasthan is a monument located at Jan Path on the Jaipur Nagar Nigam road. Built to commemorate the soldiers and martyrs from Jaipur who served India during wartime, it is known for its flames that never stop burning. ",Heritage
Sisodia Rani Garden,3.3,2-Jan,https://upload.wikimedia.org/wikipedia/commons/thumb/1/18/Rani_Sisodia_Garden.jpg/960px-Rani_Sisodia_Garden.jpg, Sisodia Rani Garden is a royal garden built on the premises of the Sisodia Palace in Jaipur. The step garden has a central water fountain with channels running through it. The best time to explore this garden is in the morning or the evening. ,Heritage
Rambagh Palace,3.3,4-Mar,https://upload.wikimedia.org/wikipedia/commons/thumb/e/ef/Rambagh_Palace_hotel_Jaipur_lobby_courtyard.jpg/960px-Rambagh_Palace_hotel_Jaipur_lobby_courtyard.jpg," Located about 8 kms from the city centre of Jaipur, Rambagh Palace is one among the finest palaces of Jaipur. Once a residence of the Maharaja of Jaipur, today the palace has been converted into a luxury heritage resort with brilliant architecture, lighting and facilities. ",Heritage
Panna Meena Ka Kund,4.9,2-Jan,https://upload.wikimedia.org/wikipedia/commons/thumb/1/1a/Amer_City.jpg/960px-Amer_City.jpg," Panna Meena ka Kund in Jaipur is one of the many famous stepwells that still stand in the western part of India. The historical stepwell is known for its symmetrical staircase on all four sides. The stairs are made in such a manner that you can reach any of them from anywhere, by simply climbing up and down some flights. ",Heritage
Digamber Jain Mandir Sanghiji,3.4,2-Jan,https://upload.wikimedia.org/wikipedia/commons/thumb/b/b4/Sangheji_jain_temple%2Csanganer%2Cjaipur.JPG/960px-Sangheji_jain_temple%2Csanganer%2Cjaipur.JPG," Digamber Jain Mandir Sanghiji is a Jain temple situated 16 kms away from Jaipur in the town of Sanganer. Built of red sandstone, the temple enshrine Adinath- the first Jain tirthankara in the central shrine. Boasting of Shikhara style architecture, the temple has several carvings on the inner walls of the shrine of lotuses, creepers and elephants ",Beach
Kale Hanuman Ji Ka Mandir,3.4,3-Feb,https://upload.wikimedia.org/wikipedia/commons/b/b6/Hanuman_Mandir%2C_Connaught_Place.JPG," The Kale Hanuman Ji Temple, often known as the Kale Hanuman Ji Ka Mandir, is a Hindu temple in the Chandi ki Taksal neighbourhood of Jaipur, Rajasthan. It is known for housing a unique black statue of Lord Hanuman. ",Desert
Chand Pol,3.4,5-Apr,https://upload.wikimedia.org/wikipedia/commons/thumb/4/41/East_facade_Hawa_Mahal_Jaipur_from_ground_level_%28July_2022%29_-_img_01.jpg/960px-East_facade_Hawa_Mahal_Jaipur_from_ground_level_%28July_2022%29_-_img_01.jpg," One of the finest specimens of Rajput architecture in Jaipur, Chand Pol offers spectacular views of the famed old bazaar and glimpses of the Rajasthani culture. ",Heritage
Chand Baori,3.9,5-Apr,https://upload.wikimedia.org/wikipedia/commons/thumb/3/35/Chand_Baori_perspective_panorama_%28July_2022%29.jpg/960px-Chand_Baori_perspective_panorama_%28July_2022%29.jpg, Chand Baori is a major tourist attraction site in Abhaneri village and is a very big step well with flights of steps on the three sides that lead to the water reserve. ,Other
Kanak  Garden,3.5,4-Mar,https://upload.wikimedia.org/wikipedia/commons/thumb/3/3d/ManSagarCompoundSDIM1479-Jaipur.jpg/960px-ManSagarCompoundSDIM1479-Jaipur.jpg," Kanak Vrindavan Garden is a royal garden located on the footsteps of Nahargarh hills near Amber Fort. Divided into eight sections, it boasts of the intricate marble fountain, Parikrama and the exquisite mirror work on the walls of Govind Devji temple built in the premises. The gardens here are often compared with those in Vrindavan where Lord Krishna once lived. ",Hill Station
Samode Palace,3.2,5-Apr,https://upload.wikimedia.org/wikipedia/commons/thumb/9/99/Samode_Lounge.jpg/600px-Samode_Lounge.jpg," At a distance of around 56 kms from Jaipur, Samode Palace is a heritage palace cum hotel. A fusion of Muslim and Rajputana architecture, the palace also houses Sheesh Mahal or Hall of Mirrors. It is also surrounded by beautiful gardens which are a treat to the eyes. ",Heritage
Hari Mahal Palace,4.2,2-Jan,https://upload.wikimedia.org/wikipedia/commons/thumb/8/81/Amar_Mahal_Museum%2C_Jammu.jpg/960px-Amar_Mahal_Museum%2C_Jammu.jpg," Originally a residence of Rajadhiraj Hari Singh of the Achrol family in the 1930s, Hari Mahal Palace has now been partly converted into a heritage luxury hotel. The interesting factor is that half of the palace is still occupied by the members of the royal family. ",Heritage
Rajmahal Palace,5.0,5-Apr,https://upload.wikimedia.org/wikipedia/commons/thumb/b/b5/Raj_Mahal_Jaipur_2019_%281%29.jpg/960px-Raj_Mahal_Jaipur_2019_%281%29.jpg," Built in 1729, Rajmahal Palace is a symbol of love by Maharaja Sawai Jai Singh II for his wife. Briefly occupied by the British, the palace has now been restored and converted into a luxury stay. It still houses some of the ancient relics and royal chandeliers from the bygone era. ",Heritage
Narain Niwas Palace,5.0,4-Mar,https://upload.wikimedia.org/wikipedia/commons/thumb/3/32/Udaipur_Lake_Palace.jpg/960px-Udaipur_Lake_Palace.jpg," Built by Thakur of Kanota, General Amar Singh, Narain Niwas Palace boasts of Anglo Indian style of architecture of the Victorian era. The palace has now been converted into a heritage home to give you a glimpse of the opulent royal lifestyle. ",Heritage
Shahpura Haveli,4.2,4-Mar,https://upload.wikimedia.org/wikipedia/commons/thumb/e/e6/Patwon_ki_haveli_18.jpg/960px-Patwon_ki_haveli_18.jpg," Originally built as a vantage point nearly 300 years ago, Shahpura Haveli was later converted into a magnificent fortress. The palace has now been converted into a heritage home which boasts of Indo-Saracenic style of architecture. It is frequented by celebrities, politicians and other popular artists. ",Heritage
Karla Caves,4.2,2-Jan,https://upload.wikimedia.org/wikipedia/commons/thumb/f/ff/Karla_caves_Chaitya.jpg/960px-Karla_caves_Chaitya.jpg, Karla Caves are ancient Buddhist rock-cut caves and a famous tourist attraction located near Lonavala. It is one of the oldest Buddhist cave shrines in India. These caves houses one of the largest Chaityas (prayer hall with a stupa) in India. Karla Caves is mainly known for the Ekvira Temple located inside. ,Spiritual
Bhaja Caves,4.2,2-Jan,https://upload.wikimedia.org/wikipedia/commons/0/08/The_Bhaje_Caves_05.jpg," The Bhaja caves are a group of 22 rock-cut Buddhist caves, located near Pune. Visited mostly along with the Karla Caves, these caves are believed to have existed since 2nd century BC. It houses a group of 14 majestic stupas. ",Spiritual
Bushi Dam,4.2,4-Mar,https://upload.wikimedia.org/wikipedia/commons/thumb/d/dd/Lonavalamh.jpg/960px-Lonavalamh.jpg," Bhushi Dam is a masonry dam on the Indrayani River and one of the most popular places to visit in Lonavala during the monsoons. Even though swimming is prohibited at the dam due to the inconsistent flow of the water, one can always enjoy on the steps. ",Nature
Rajmachi,3.5,4-Mar,https://upload.wikimedia.org/wikipedia/commons/thumb/d/d5/Rajmachi.jpg/960px-Rajmachi.jpg, Rajmachi is a picturesque village situated close to Lonavala. It is famous for Rajmachi Fort which is a popular trekking spot in the region. It also house two historical forts - Shrivardhan and Manaranjan forts. ,Adventure
Valvan Dam,4.2,4-Mar,https://upload.wikimedia.org/wikipedia/commons/thumb/d/dd/Lonavalamh.jpg/960px-Lonavalamh.jpg, Karla and Bhaja Caves are ancient Buddhist rock-cut caves and a famous tourist attraction located near Lonavala. It is one of the oldest Buddhist cave shrines in India. These caves depict an early phase of the Buddhist architecture.  ,Heritage
Duke'S Nose,3.2,2-Jan,https://upload.wikimedia.org/wikipedia/commons/thumb/d/dd/Lonavalamh.jpg/960px-Lonavalamh.jpg, Duke’s Nose is a popular viewpoint located about 7 kilometres from Lonavala. It is hugely famous for hiking and its picturesque location. It also serves as an ideal picnic spot for tourists exploring Lonavala. ,Other
Tungarli Dam,3.2,2-Jan,https://upload.wikimedia.org/wikipedia/commons/thumb/d/dd/Lonavalamh.jpg/960px-Lonavalamh.jpg, The Tungarli Dam is built alongside Tungarli lake in the region of Rajmachi. The dam helps in the irrigation facilities of the region. One can also camp alongside the lake after an adventurous trekking trip making it a soulful experience. Also enjoy the lush green surroundings on your stay here. ,Adventure
Ryewood Park,3.2,4-Mar,https://upload.wikimedia.org/wikipedia/commons/thumb/d/dd/Lonavalamh.jpg/960px-Lonavalamh.jpg," The Ryewood Park, located close to the Lonavala market, was once a Botanical garden which is now converted into a public park. Marked by well maintained and landscaped lawns and gardens, a children park and countless old species of trees, this one makes up for an ideal picnic spot.  ",Nature
Lionês Point,3.1,2-Jan,https://upload.wikimedia.org/wikipedia/commons/thumb/8/8a/Point_loma_sea_lions_logo.svg/600px-Point_loma_sea_lions_logo.svg.png," Situated between Bhushi dam and Amby valley in Lonavala, Lion's Point is a popular vantage point in the city which offers spectacular panoramic vistas of the adjacent hills and the valley below. The hill top is surrounded by cascading waterfalls, lush green valleys and majestic mountains and is a famous tourist spot in the city. ",Hill Station
Kune Waterfalls,4.3,5-Apr,https://dynamic-media-cdn.tripadvisor.com/media/photo-o/0b/9e/4b/45/kune-waterfall.jpg?w=700&h=-1&s=1," Kune Falls are the 14th highest waterfalls in India located in Lonavala. It is a three-tiered waterfall set amidst the backdrop of Sahayadri mountains. Unfortunately, the road to the Kune Falls is under private and hence visitor entry is restricted. ",Hill Station
Kataldhar Waterfall,4.1,4-Mar,https://upload.wikimedia.org/wikipedia/commons/thumb/2/24/Kataldhar_Waterfall_from_Rajmachi.jpg/960px-Kataldhar_Waterfall_from_Rajmachi.jpg, Kataldhar Waterfalls is situated around 6 kms from Lonavala and is one of the most stunning waterfalls in the region. It is slightly unpopular and not known by many because it is hidden from view and can only be reached through a trek in the valley.  ,Hill Station
Ghangad,3.6,2-Jan,https://upload.wikimedia.org/wikipedia/commons/thumb/2/2f/Ghanagad.jpg/960px-Ghanagad.jpg, Ghangad is a magnificent fortress situated 30 kms from Lonavala. The fort boasts of being atleast 300 years old and was recently restored by the Shivaji Trail group. It is believed that the fort was originally used to confine prisoners and keep a watch on the trade route between Pune and Konkan. ,Heritage
Andharban,4.9,2-Jan,https://upload.wikimedia.org/wikipedia/commons/thumb/d/dd/Lonavalamh.jpg/960px-Lonavalamh.jpg," Andharban, also known as the ‘Dark Forest’ is a popular trekking destination located near the village of Pimpri and is only an hour and a half’s drive away from Lonavala. It offers a descending trail ideal for amateurs and beginners as well. ",Adventure
Kempty Falls,4.3,2-Jan,https://upload.wikimedia.org/wikipedia/commons/thumb/c/c6/Kempty_Falls%2C_May_2024.jpg/960px-Kempty_Falls%2C_May_2024.jpg," Located on the way between Dehradun-Mussoorie roads, Kempty Falls is a beautiful location to take a dip in water falling from an altitude of 40 feet. It is a perfect place to take a short swim or fish.   ",Other
Camel'S Back Road,3.2,4-Mar,https://upload.wikimedia.org/wikipedia/commons/thumb/4/4a/Massourie-cloudy-morning.jpg/960px-Massourie-cloudy-morning.jpg," Located in the heart of Mussoorie, the Camel’s Back Road is one of the most popular attractions of this spectacular hill station. Shaped like a camel's hump, the 4 km stretch is popular trekking spot also offering horse-rides. Tourists also flock here to get a panoramic and unobstructed view of the sunrise and sunset. ",Hill Station
Landour,4.1,2-Jan,https://upload.wikimedia.org/wikipedia/commons/thumb/6/62/Bandarpunch_from_Landour_%285283927315%29.jpg/960px-Bandarpunch_from_Landour_%285283927315%29.jpg," Nestled amidst a canopy of dense Deodar trees, Landour is a quaint town in Uttarakhand located along the lower western Himalayas. It is a small cantonment town that surprisingly derives its name from the Welsh village of Llanddowrer and is teeming with history that dates all the way back to the British-era. Landour’s cozy setting and pristine natural beauty gives off a soothingly positive vibe, ideal for one to rejuvenate their senses. ",Hill Station
Gun Hill,4.2,3-Feb,https://t.eucdn.in/tourism/lg/gun-hill-2740116.webp," Gun Hill is the second highest peak of Mussoorie and one of the most famous destinations. It offers an enchanting view of some of the highest Himalayan ranges namely Bunderpunch, Srikantha, Pithwara and the Gangotri group, along with a picturesque view of the Mussoorie town and the Doon Valley. ",Hill Station
Lal Tibba,4.2,3-Feb,https://upload.wikimedia.org/wikipedia/commons/thumb/4/4a/Massourie-cloudy-morning.jpg/960px-Massourie-cloudy-morning.jpg," Untouched by commercialisation, Lal Tibba is located on the top of Depot Hill in Landour. It is one of the most stunning viewpoints in the region. From the telescope installed here, one can have panoramic view of Nilkantha peak in Badrinath, Kedarnath peak, and Banderpoonch range of three peaks. ",Hill Station
Jharipani Falls,3.2,4-Mar,https://upload.wikimedia.org/wikipedia/commons/thumb/4/4a/Massourie-cloudy-morning.jpg/960px-Massourie-cloudy-morning.jpg," 6 km downhill of Mussoorie is the Jharipani Falls that you can reach within a 30 minute walk. Mussoorie's famous boarding schools, namely, St George's, Wynberg Allen, and Oakgrove are well packed within the estates of Jharipani. ",Hill Station
Mossy Falls,3.0,4-Mar,https://upload.wikimedia.org/wikipedia/commons/thumb/4/4a/Massourie-cloudy-morning.jpg/960px-Massourie-cloudy-morning.jpg," Cosily tucked amidst the tantalizing mountains and the exuberant woods, Mossy Falls is a well-kept secret of the hill town of Mussoorie. Located at a distance of 7 kms from the main city on the Bala Hisar Road, the mesmerising cascade Falls is named after the moss-laden rocks surrounding the gushing waterfalls.  ",Hill Station
Mussoorie,3.0,2-Jan,https://upload.wikimedia.org/wikipedia/commons/thumb/9/9c/Mussoorie%2C_distant_view%2C_1865.jpg/600px-Mussoorie%2C_distant_view%2C_1865.jpg," Situated on little hill-lock slightly above the Kasmanda Palace, Mussoorie Christ Church boasts of being the very first Catholic church in all of the Himalayan region. Built in 1836, the exquisite church is an exemplary example of Gothic architecture which evolved from Romanesque architecture.  ",Hill Station
Benog Wildlife Sanctuary,3.2,4-Mar,https://upload.wikimedia.org/wikipedia/commons/thumb/4/4a/Massourie-cloudy-morning.jpg/960px-Massourie-cloudy-morning.jpg," Famous for its almost-extinct mountain quails, deer, leopards and red-billed blue magpie, the Benog Wildlife Sanctuary is well known to house rare species of birds and offers an excellent trail of pine-clad slopes surrounded by Himalayan peaks for a refreshing walk. ",Hill Station
Char Dukan,4.0,2-Jan,https://upload.wikimedia.org/wikipedia/commons/thumb/6/62/Bandarpunch_from_Landour_%285283927315%29.jpg/960px-Bandarpunch_from_Landour_%285283927315%29.jpg," Set in the scenic hill-station of Mussoorie, concealed from the clamor of the mall road, Char Dukan is an iconic collection of four shops sitting side by side, which have served foodies since time immemorial. Every year, this row of quaint eateries is inundated with ravenous vacationers who, after a tedious walk through Mussoorie, are waiting to pounce on the likes of pancakes, Wai-Wai, Pakoras and shakes. Undoubtedly  the coolest hangout spot in Mussoorie, any trip to the hill-station without a halt at Char Dukan is considered incomplete. ",Hill Station
Kodai Lake,3.6,3-Feb,https://upload.wikimedia.org/wikipedia/commons/thumb/c/c4/Kodaikanal_lake.jpg/960px-Kodaikanal_lake.jpg," Kodaikanal Lake that lays in the heart of Kodaikanal, is a star-shaped man-made lake that is draped on an area of 60 acres. Boating, horse riding, cycling and angling are a few of the adventure activities tourists can appease themselves with, near the lake. ",Adventure
Bear Shola Falls,4.2,5-Apr,https://upload.wikimedia.org/wikipedia/commons/thumb/b/bd/PALANI_HILLS_southern_slopes.jpg/960px-PALANI_HILLS_southern_slopes.jpg," Located at a mere distance of 2 kilometres from the Kodaikanal Lake, the Bear Shola Falls is a popular picnic spot in the region. This cascade is a seasonal attraction that comes to life in its fullest during the monsoons. An interesting legend behind the unique name of this place is that it was a favourite haunt of a bear who used to frequent this water body to drink water, hence imparting it the name Bear Shola Falls.  ",Beach
Pillar Rocks,3.6,2-Jan,https://upload.wikimedia.org/wikipedia/commons/thumb/d/da/Boating_in_Kodaikanal_Lake_with_Mist.jpg/960px-Boating_in_Kodaikanal_Lake_with_Mist.jpg," The famous Pillars Rocks of Kodaikanal are located around 8 km from the lake and are an exquisite picnic spot. Constituting of a beautiful mini garden, the place is so named as it has three vertically positioned boulders reaching up to a height of 400 feet. ",Nature
Thalaiyar Falls,4.2,5-Apr,https://upload.wikimedia.org/wikipedia/commons/thumb/1/1e/Rattail_falls.jpg/960px-Rattail_falls.jpg," Also known as Rat Tail Falls, Thalaiyar Falls is located in the lush green slopes of Palani Hill ranges in the Dindigul District, in Kodaikanal. With a height of 297m, it is the highest waterfall in Tamil Nadu, the sixth highest waterfall in India. There is a view tower in the park at the Dum Dum Rock, from where you can get a beautiful view of the falls and the Manjalar Dam. There is a hiking route near the waterfall. ",Hill Station
Vattakanal,4.7,2-Jan,https://upload.wikimedia.org/wikipedia/commons/thumb/d/da/Boating_in_Kodaikanal_Lake_with_Mist.jpg/960px-Boating_in_Kodaikanal_Lake_with_Mist.jpg," This is the village of Vattakanal, and it’s quite the charming little hill station in the Western Ghats. At a height of about 2011 m and towards the western edge of Tamil Nadu, Vattakanal is a small hamlet at a distance of about 7-8 km from Kodaikanal. In Tamil, ‘vatta’ suggests circle whereas ‘kanal’ translates to the forest. Vattakanal is popular among tourists from Israel and that can be seen in the overall hippie vibe of and the food served in cafes. ",Hill Station
Mannavanur,3.9,4-Mar,https://upload.wikimedia.org/wikipedia/commons/thumb/2/21/Mannavanor_street_scene.JPG/960px-Mannavanor_street_scene.JPG," Mannavanur is a serene farming village in Dindigul District, Tamil Nadu - 35km away from Kodaikanal. This quaint village has terrace farms that are cut into the hill slopes. It offers nature-lovers a chance to experience the farm life, especially spotting rabbits, sheep and other animals. The Mannavanur Lake adds tranquillity to this picturesque town. This is also a stop on many trekking routes in the area.  ",Hill Station
Kodai-Palani ,3.5,3-Feb,https://upload.wikimedia.org/wikipedia/commons/thumb/b/bd/PALANI_HILLS_southern_slopes.jpg/960px-PALANI_HILLS_southern_slopes.jpg," Known as the Princess of Hill Stations, Kodaikanal is a popular destination for those seeking adventure. The town of Kodaikanal is established on a plateau above the southern escarpment of the Upper Palani Hills at a height of 6, 998 ft. ",Hill Station
Bryant Park,3.2,3-Feb,https://upload.wikimedia.org/wikipedia/commons/thumb/a/a6/New-York_-_Bryant_Park.jpg/960px-New-York_-_Bryant_Park.jpg," One of the most popular botanical gardens in Kodaikanal, the Brayant Park is known for its fauna, rafts and hybrids. The best time to visit this marvelous park is during the annual horticulture show that is held during the month of May. ",Cultural
Silver Cascade Falls,3.7,4-Mar,https://upload.wikimedia.org/wikipedia/commons/thumb/0/01/Silver_Cascade_Falls%2C_CO_at_sunrise%2C_June_2013.JPG/960px-Silver_Cascade_Falls%2C_CO_at_sunrise%2C_June_2013.JPG," Just 8 km from Kodaikanal town, is the scenic Silver Cascade Falls, known for its celestial and exquisite flow of silvery waters. It is a delight to see the  pure crystalline water flowing down from a 180 ft tall cliff. ",Nature
Pine Forest,4.0,4-Mar,https://dynamic-media-cdn.tripadvisor.com/media/photo-o/15/57/bc/8a/img-20181029-150326-01.jpg?w=700&h=400&s=1," Situated in the southwest of Kodaikanal, Pine Forest is one of the most famous tourist spots in the city. It showcases the mesmerising nature around which has been preserved to date which is why it is also an important preserved heritage in the town.  ",Heritage
La Salette Church,4.6,2-Jan,https://catholicshrinebasilica.com/wp-content/uploads/1-10-8.webp," The Mother Salette church is one of the oldest churches, about 133 years old. Every year on 14th and 15th August, a grand celebration takes place in the church.  ",Other
Kukkal Caves,3.7,2-Jan,https://www.tamilnadutourism.tn.gov.in/img/pages/large-desktop/kukkal-caves-1681881468_78a739279e3dd500c87b.webp," The now camping site of trekkers was once the earliest settlement of the Paliyan tribals. Situated at the height of 6200 feet above sea level, the Kukkal caves reside on of the highest altitudes in Kodaikanal which is why it receives a yearlong frigid climate along with misty and never-ending rains.  ",Beach
Pambar Falls,4.0,2-Jan,https://upload.wikimedia.org/wikipedia/commons/thumb/b/bd/PALANI_HILLS_southern_slopes.jpg/960px-PALANI_HILLS_southern_slopes.jpg," Also known as the Grand Cascade and situated at a distance of 4 km from the Kodaikanal Bus Station, the Pambar Falls are formed by the town reservoir flowing towards the south and forming the Fairy Falls which further continue to join the Vaigai River. The falls can be reached by following a steep and slippery path from behind the Pambar house.  ",Nature
80 Mile Round,3.1,4-Mar,https://upload.wikimedia.org/wikipedia/commons/9/91/Milestone%2C_Knightsbridge%2C_London_-_geograph.org.uk_-_1590514.jpg," 80 Mile Round is an exciting trekking route which begins at the Berijam Lake and lasts at the Poombaral Village of Kodaikanal. If you are an adventure lover, then 80 Mile Round is the perfect place for you to experience the adrenaline rush in your body.  ",Adventure
Upper Lake View,5.0,2-Jan,https://upload.wikimedia.org/wikipedia/commons/thumb/8/8e/Upperklamathlake.jpg/960px-Upperklamathlake.jpg," Situated 3.2 km away from the Coakers Walk, Upper Lake View is a famous tourist attraction in Kodaikanal and one which is worth visiting. After you reach here, you will get an appealing view of the star-shaped lake situated here and the surrounding lush greenery which looks stunning.  ",Nature
Dolmen Circle,4.7,3-Feb,https://upload.wikimedia.org/wikipedia/commons/thumb/0/08/Macro%2C_Liquid_drop_on_Feather%2C_70-300mm-Coupler_%26_reverse_Lens-213.jpg/960px-Macro%2C_Liquid_drop_on_Feather%2C_70-300mm-Coupler_%26_reverse_Lens-213.jpg," Dolmen Circle is one of the most popular tourist attractions in Kodaikanal which promises a unique experience to all its visitors. Situated at a distance of 18 km from Berijam Lake and 8 km from Kodaikanal Lake, the Dolmen Circle boasts about its pre-historic remains which can date back to 5,000 BC.  ",Nature
Perumal Peak,3.2,4-Mar,https://upload.wikimedia.org/wikipedia/commons/thumb/f/ff/Anna_Salai%2C_Kodaikanal.JPG/960px-Anna_Salai%2C_Kodaikanal.JPG," Perumal Peak which is situated at the height of 2,440 meters is the highest peak of the Perumalai Hills. Nestled in the majestic Western Ghats, it is a place that is worth trekking.  Situated around 18 km from Kodaikanal, Perumal Peak provides stunning views of the surrounding Western Ghats and the Nilgiri Hills. ",Hill Station
Poombarai,3.6,5-Apr,https://upload.wikimedia.org/wikipedia/commons/thumb/5/50/Poomparai_village.jpg/960px-Poomparai_village.jpg," Poombarai is a tiny village that is famous for its production of garlic. It is comfortably nestled among terraced fields and lush greenery. It stands at the height of 1,920 m in the Palani Hills and offers a picturesque view of the surroundings. You get to see colourful houses laid out in neverending greenery. Poombarai is as tranquil as it is mesmerising, and makes for a fantastic addition to any Kodaikanal trip.  ",Hill Station
Panch Pulla,4.1,4-Mar,https://upload.wikimedia.org/wikipedia/commons/thumb/6/66/02017_0119_Kardamom%2C_Winter_in_den_Beskiden.jpg/960px-02017_0119_Kardamom%2C_Winter_in_den_Beskiden.jpg," Surrounded by a cover of green pine and deodar trees, Panchpula is a popular picnic spot in Dalhousie, located at a distance of 3.5 km from Gandhi Chowk in Dalhousie. It is best known for Saptdhara Waterfall, the starting point of the Ganji Pahari trek and activities like Ziplining, and Burma Bridge. ",Adventure
Khajjiar,4.4,4-Mar,https://upload.wikimedia.org/wikipedia/commons/6/61/Nature_of_Khajjiar_%28cropped%29.jpg," This small town, very nearby to Dalhousie is also known as the 'Mini Switzerland' or the 'Switzerland of India'. ",Urban
Satdhara Falls,4.4,2-Jan,https://upload.wikimedia.org/wikipedia/commons/thumb/9/91/Chitrakot_waterfalls.JPG/960px-Chitrakot_waterfalls.JPG," Satdhara Falls are one of the most popular sightseeing attractions of Dalhousie. Perched at an altitude of 2036 masl, the place has derived its name from the seven beautiful springs believed to have therapeutic value. The water in these springs contains mica, having several medicinal properties that cure diseases and ailments. ",Beach
Chamera Lake,3.3,5-Apr,https://upload.wikimedia.org/wikipedia/commons/thumb/c/cc/Pir_Panjal_%26_Chamera_Lake.jpg/960px-Pir_Panjal_%26_Chamera_Lake.jpg," Located near Dalhousie in the Chamba District of Himachal Pradesh, the Chamba Lake is the man-made reservoir for the Chamba Dam.  It is a popular picnic spot and boating location. One can explore the lake on a speed boat or a rowboat and indulge in activities like kayaking & canoeing. ",Hill Station
Ganji Pahari,4.2,5-Apr,https://upload.wikimedia.org/wikipedia/commons/thumb/6/6b/Dialects_Of_Punjabi.jpg/600px-Dialects_Of_Punjabi.jpg," Ganji Pahari is a scenic hill located near Dalhousie. The 1-2 hour trek to Ganji Pahari starts from Panchpula (about 3.5 km). The name Ganji Pahari was derived from its salient feature which is the complete absence of flora on the hill -'Ganji' meaning Bald in the local language, and 'Pahari' meaning Hill.  During winters, the same terrain is covered in a thick coat of snow. ",Hill Station
Dainkund Peak,3.3,5-Apr,https://upload.wikimedia.org/wikipedia/commons/6/61/Nature_of_Khajjiar_%28cropped%29.jpg," Being the highest point in Dalhousie at an elevation of 2755 masl, the peak offers a bird’s eye view of the astonishing verdant valleys and mountains. For nature fanatics seeking a serene and calm place, Dainkund Peak is worth exploring ",Hill Station
Paragliding At,4.8,4-Mar,https://upload.wikimedia.org/wikipedia/commons/6/61/Nature_of_Khajjiar_%28cropped%29.jpg," Paragliding is another one of the exciting activities and things to do in Dalhousie. The favourable months for paragliding are months of September to November and January and June, when the weather conditions are most ideal. Most of these activities are held at Khajjiar and you should definitely experience it when in the hill town. ",Hill Station
Subhash Baoli,3.3,5-Apr,https://upload.wikimedia.org/wikipedia/commons/thumb/2/2a/Delhi_fort.jpg/960px-Delhi_fort.jpg," Named after the famous freedom fighter Subhash Chandra Bose, this is a perennial spring which has medicinal properties and believed to have cured the freedom fighter of his ill health. ",Other
Bhuri Singh Museum,4.0,5-Apr,https://upload.wikimedia.org/wikipedia/commons/thumb/7/70/Chamba_from_across_the_river%2C_Himachal_Pradesh.jpg/960px-Chamba_from_across_the_river%2C_Himachal_Pradesh.jpg," Named after the erstwhile sovereign of Chamba, the Bhuri Singh Museum is known to preserve its cultural heritage. Founded in 1908, the museum is located at the heart of Chamba and has a vast collection of inherited art. Possessing over 8500 antiques, objects related to archaeology, anthropology, craft and culture, Bhuri Singh Museum is an eloquent testimony to the past of Chamba.  ",Heritage
Bee Falls,3.6,5-Apr,https://upload.wikimedia.org/wikipedia/commons/thumb/b/b4/Pachmarhi_valley_Madhya_Pradesh_INDIA.jpg/960px-Pachmarhi_valley_Madhya_Pradesh_INDIA.jpg," A beautiful waterfall which provides drinking water to the entire Pachmarhi, Bee falls provide a picturesque view. ",Nature
Jata Shankar Caves,3.5,5-Apr,https://upload.wikimedia.org/wikipedia/commons/thumb/7/73/Jatashankar_temple_in_mountains_of_pachmarhi.jpg/960px-Jatashankar_temple_in_mountains_of_pachmarhi.jpg, The Jata Shankar Caves in Pachmarhi are considered sacred as they are popularly believed to be the place where Lord Shiva concealed himself from the wrath of Bhasmasur. ,Other
Pandava Caves,3.6,3-Feb,https://upload.wikimedia.org/wikipedia/commons/thumb/8/8d/Rock_cut_caves_at_Dhanadibbalu_01.jpg/960px-Rock_cut_caves_at_Dhanadibbalu_01.jpg, These caves are believed to provide shelter to the Pandavas during their exile period. It is now a protected monument and tourists flock from all over India to see this place. ,Heritage
Dhoopgarh,3.5,2-Jan,https://upload.wikimedia.org/wikipedia/commons/thumb/4/44/Dhupgarh%2C_the_highest_mountain_peak_of_Madhya_Pradesh_gives_a_spectacular_view_of_the_sunset.jpg/960px-Dhupgarh%2C_the_highest_mountain_peak_of_Madhya_Pradesh_gives_a_spectacular_view_of_the_sunset.jpg," The highest point in the Satpura range, Dhoopgarh hilltop is a beautiful spot to see marvelous sunsets and sunrises. However, this point can only be reached by trekking. The trekking route is relatively tough as it passes through some waterfalls and valleys. ",Hill Station
Handi Khoh,3.2,4-Mar,https://upload.wikimedia.org/wikipedia/commons/thumb/b/b4/Pachmarhi_valley_Madhya_Pradesh_INDIA.jpg/960px-Pachmarhi_valley_Madhya_Pradesh_INDIA.jpg," One of the most beautiful ravines in Central India, Handi Khoh has a 300 feet high precipice in the middle of a dense forest. The place has a mythological history and is believed to be closely associated with Lord Shiva. ",Wildlife
Duchess Falls,3.2,2-Jan,https://upload.wikimedia.org/wikipedia/commons/5/50/Duchess_of_Malfi_title_page.jpg," One of the most beautiful cascades in Pachmarhi, the Duchess Falls crash over a hundred meters creating a majestic roar. The beautiful waterfalls bifurcate into three different cascades and a tourist has to travel for 4km to reach the base of the first cataract. ",Nature
Satpura National Park,4.2,3-Feb,https://upload.wikimedia.org/wikipedia/commons/thumb/4/4e/Amazing_Landscape_%40Satpura_Tiger_Reserve.jpg/960px-Amazing_Landscape_%40Satpura_Tiger_Reserve.jpg," The Satpura National Park is an exclusive and pristine landscape that has been preserved primarily for the protection of flora and fauna. It is the perfect place for all those who are tired of the conventional sanctuaries and wildlife parks and want to have a unique experience, away from the usual hustle bustle of the city.  ",Wildlife
Apsara Vihar,3.0,2-Jan,https://upload.wikimedia.org/wikipedia/commons/thumb/b/b4/Pachmarhi_valley_Madhya_Pradesh_INDIA.jpg/960px-Pachmarhi_valley_Madhya_Pradesh_INDIA.jpg," Deep inside the jungle of Pachmarhi, Apsara Vihar is a lovely, serene waterfall, cascading from 30 feet height and forming a pool of cold water below. This is one of the most popular haunts for travellers and picnickers to take a break from the monotony and spend some time splashing in the water and taking in the ambience of the place. ",Wildlife
Bade Mahadev,3.8,2-Jan,https://upload.wikimedia.org/wikipedia/commons/thumb/2/27/Dam_and_nature.jpg/960px-Dam_and_nature.jpg," In the lap of the rugged nature, the Bada Mahadev cave of Pachmarhi is a shrine for Lord Shiva, with idols of Brahma, Vishnu and Ganesh as well. The 60 ft tall cave is believed to be the place where Lord Vishnu killed Demon Bhasmasura. Natural water streams inside the cave forms a holy pool, bathing in which is supposed to wash off one's sins. ",Nature
Reechgarh,4.9,4-Mar,https://upload.wikimedia.org/wikipedia/commons/thumb/b/b4/Pachmarhi_valley_Madhya_Pradesh_INDIA.jpg/960px-Pachmarhi_valley_Madhya_Pradesh_INDIA.jpg," Reechgarh is a huge cave hidden within the folds of the hill of Pachmarhi, which gets its name from a local legend. The myth says that once a giant bear (reech in Hindi) used to live in this cave. The climb up to the cave is covered with lush greenery, and the caves act as natural air conditioners with cool wind blowing through them. ",Hill Station
Bison Lodge,3.7,5-Apr,https://upload.wikimedia.org/wikipedia/commons/thumb/4/4f/Oldtimerscabin3.jpg/960px-Oldtimerscabin3.jpg," Bison Lodge once used to be the resident of British man Captain Forsyth, who came across Pachmarhi in 1857 while leading his troop and settled down here. The lodge now caters to tourists visiting the forests of Satpura hills, while the Museum is a grand display of pictures, models and samples of the flora and fauna of the place. ",Hill Station
Gupt Mahadev,4.1,5-Apr,https://upload.wikimedia.org/wikipedia/commons/thumb/b/b4/Pachmarhi_valley_Madhya_Pradesh_INDIA.jpg/960px-Pachmarhi_valley_Madhya_Pradesh_INDIA.jpg," Gupt Mahadev is quite an interesting and mysterious spot near Pachmarhi where spirituality meets adventure.The cave is narrow and meandering, and one has to walk sideways through the 40 feet winding pathways to reach the centre of the Shiva shrine where the lingam is worshipped. ",Adventure
Kashi,4.4,5-Apr,https://upload.wikimedia.org/wikipedia/commons/thumb/f/ff/Kashi_Vishwanath.jpg/600px-Kashi_Vishwanath.jpg," Kashi Vishwanath Temple is regarded as one of the most popular Hindu temple dedicated to Lord Shiva. Located in the heart of Varanasi, the temple is a core of faith for millions of Hindus.  ",Spiritual
Dashashwamedh Ghat,3.6,3-Feb,https://upload.wikimedia.org/wikipedia/commons/thumb/a/ad/Dasaswamedh_ghat-varanasi_india-andres_larin.jpg/960px-Dasaswamedh_ghat-varanasi_india-andres_larin.jpg," As the name suggests, it is believed that this is the place where Lord Brahma performed the Dasa Ashwamedha sacrifice. This ghat is a religious spot and many rituals are performed here. ",Spiritual
Sankat Mochan,3.6,2-Jan,https://upload.wikimedia.org/wikipedia/commons/thumb/2/24/Sankat_Mochan_temple_entrance%2C_Varanasi_-_IRCTC_2017_%281%29.jpg/960px-Sankat_Mochan_temple_entrance%2C_Varanasi_-_IRCTC_2017_%281%29.jpg, The Sankat Mochan Hanuman Temple is situated by the River Assi and was built in the 1900s by the freedom fighter Pandit Madan Mohan Malviya. It is dedicated to Lord Rama and Hanuman. ,Spiritual
Assi Ghat,4.3,5-Apr,https://upload.wikimedia.org/wikipedia/commons/thumb/c/c2/Assi_Ghat_Varanasi_morning_Aarti.jpg/960px-Assi_Ghat_Varanasi_morning_Aarti.jpg, The Asi Ghat is placed at the confluence of the Rivers Assi and Ganga and is famous for the large Shiva Lingam installed under a peepal tree. It has immense religious importance and has been mentioned in the Puranas and in various legends as well. ,Spiritual
Vishwanath Gali,3.4,4-Mar,https://upload.wikimedia.org/wikipedia/commons/thumb/f/ff/Kashi_Vishwanath.jpg/600px-Kashi_Vishwanath.jpg," Vishwanath Gali is famous for street shopping in Varanasi. A variety of items are sold in the bustling gali at affordable rates. One can easily find modern or traditional apparel, household items, home decor items, brass idols of deities, etc. The Gali is also well known for local snacks and sweets. ",Cultural
Kedar Ghat,4.6,5-Apr,https://upload.wikimedia.org/wikipedia/commons/thumb/0/0d/Namo_Ghat.jpg/960px-Namo_Ghat.jpg, Kedar Ghat is one of the oldest Ghats in Varanasi and is considered cleaner for bathing in the holy River Ganga and offering prayers to Lord Shiva at the Kedareshwar Temple. It is often visited for the beautiful surroundings and the spiritual vibe. ,Spiritual
Batuk Bhairav Mandir,3.2,2-Jan,https://upload.wikimedia.org/wikipedia/commons/thumb/7/75/Kaal_Bhairav_and_Swet_Bhairav.jpg/960px-Kaal_Bhairav_and_Swet_Bhairav.jpg," Famous for being a place of worship for Aghoris and Tantriks, Batuk Bhairav Mandir is considered to be of immense religious importance. The temple is dedicated to Batuk Bhairav who was an incarnation of Lord Shiva. An interesting feature of the temple is the sacred Akhand Deep which is believed to be burning for ages. The oil from this lamp is said to have healing powers. ",Spiritual
Gyan Vapi Well,5.0,2-Jan,https://upload.wikimedia.org/wikipedia/commons/thumb/3/3d/Kashi-gyanvapi_%281%29.jpg/960px-Kashi-gyanvapi_%281%29.jpg," Gyan Vapi Well is a sacred well for the Hindu community located inside the premise of Kashi Vishwanath Temple. The water of the well was considered to be holier than the water of River Ganga before it was polluted by the offerings made by the pilgrims. It is said that when Aurangzeb attacked the old temple, the temple priest threw the Shivalinga in the well and jumped in it to protect it. ",Spiritual
Bharat Mata Mandir,4.0,3-Feb,https://upload.wikimedia.org/wikipedia/commons/thumb/2/2f/Bharat_Mata_Mandir_Varanasi_India_-_panoramio_%283%29.jpg/960px-Bharat_Mata_Mandir_Varanasi_India_-_panoramio_%283%29.jpg," Bharat Mata Mandir is a unique shrine dedicated to our country, Mother India. The temple does not have any deity, but a relief map of the country carved in marble. The temple was the brainchild of Babu Shiv Prasad Gupta, a freedom fighter. It was built in 1936 and inaugurated by Mahatma Gandhi and has ever since been the only one dedicated to a country in the World. ",Spiritual
Alamgir Mosque,4.1,4-Mar,https://upload.wikimedia.org/wikipedia/commons/thumb/0/0c/Alamgir_Mosque_by_the_Ganges_ghats%2C_Varanasi.jpg/600px-Alamgir_Mosque_by_the_Ganges_ghats%2C_Varanasi.jpg," Alamgir Mosque is a 17th century structure built by Mughal Emperor, Aurangzeb, on a land which once had a Shiva Temple and was demolished by him. The mosque is an architecturally stunning building built according to the Indo-Islamic style with beautiful minarets and high domes. ",Heritage
Shivala Ghat,3.1,3-Feb,https://upload.wikimedia.org/wikipedia/commons/thumb/2/22/Early_morning_holy_bathing_at_Shivala_Ghat..JPG/960px-Early_morning_holy_bathing_at_Shivala_Ghat..JPG," Shivala Ghat is quite famous religiously and historically too. There are a number of historic monuments around the Ghat. The mansion of the King of Nepal, King Sanjay Vikram is situated right next to the Ghat, also the Chet Singh Fortress. The view of the river from the Ghat is worth a visit. ",Heritage
Manmandir Ghat,4.1,3-Feb,https://upload.wikimedia.org/wikipedia/commons/thumb/0/0e/Varanasi%2C_India%2C_Ghats%2C_Cremation_ceremony_in_progress.jpg/960px-Varanasi%2C_India%2C_Ghats%2C_Cremation_ceremony_in_progress.jpg, Manmandir Ghat was built by Maharaja Mann Singh in the early 17th century. The Ghat is famous for a palace built by the Maharaja and an Observatory built in 1710 by Savai Jaisingh II. On the northern side of the Ghat is a stone balcony from where visitors can get a beautiful view of River Ganga. ,Heritage
Bharat Kala Bhavan Museum,4.9,5-Apr,https://upload.wikimedia.org/wikipedia/commons/thumb/4/48/Bharat_Kala_Bhavan_Museum%2C_Banaras_Hindu_University%2C_Varanasi.jpg/960px-Bharat_Kala_Bhavan_Museum%2C_Banaras_Hindu_University%2C_Varanasi.jpg," An archaeological and art museum, Bharat Kala Bhavan Museum exhibits a beautiful collection of sculptures, artefacts, paintings, jewellery, pottery, textiles, etc. ranging between the 1st and the 15th century. The total artefacts on display are over 100,000 including their rare collection of miniature paintings and manuscripts. ",Heritage
Manikarnika Ghat,4.7,3-Feb,https://upload.wikimedia.org/wikipedia/commons/thumb/9/95/Manikarnika_Ghat%2C_Varanasi%2C_Uttar_Pradesh%2C_India_%282011%29_5.jpg/960px-Manikarnika_Ghat%2C_Varanasi%2C_Uttar_Pradesh%2C_India_%282011%29_5.jpg," Considered as a gateway to the next life, Manikarnika Ghat is a highly sacred riverfront in India. It is believed that spending the last few days of life at the Ghat and completing the rituals of cremation here ensure a painless passing and also a way to attain freedom from the endless cycle of birth and death. ",Nature
St Maryês Church,4.1,5-Apr,https://upload.wikimedia.org/wikipedia/commons/thumb/0/0f/Iroquois_County_Illinois_Incorporated_and_Unincorporated_areas_Beaverville_Highlighted.svg/600px-Iroquois_County_Illinois_Incorporated_and_Unincorporated_areas_Beaverville_Highlighted.svg.png," St. Maryês Church is a 200-year-old architectural marvel, the oldest church in the town and the oldest standing garrison church in the southern part of Asia. It was established in 1810 by Reverend George Weatly and was an important church for the European and British community residing in Varanasi. ",Other
Devdari Waterfall,4.6,4-Mar,https://upload.wikimedia.org/wikipedia/commons/thumb/b/be/KohiraDamKaimurBihar.jpg/960px-KohiraDamKaimurBihar.jpg," At a distance of 65 kms from Varanasi in Chandauli, Uttar Pradesh, Devdari Waterfalls is a beautiful spot with cascading silvery water amidst lush green surroundings. Falling down a height of 58 metres, the waterfalls are a popular spot of tourism and attracts a large tourist influx. ",Nature
Itimad-Ud-Daula'S Tomb,3.5,2-Jan,https://upload.wikimedia.org/wikipedia/commons/thumb/c/c9/I%27tim%C4%81d-ud-Daulah%2C_Agra.jpg/960px-I%27tim%C4%81d-ud-Daulah%2C_Agra.jpg," This tomb nestled on the bank of the river Yamuna was built by Queen Noor Jahan for her parents in the middle of the Persian Garden. It was constructed using yellow marble, with black and white marble inlay, and was hence called the Baby Taj. ",Nature
Mehtab Bagh,3.6,2-Jan,https://upload.wikimedia.org/wikipedia/commons/thumb/8/8d/Mehtab_Bagh_facing_Taj_Mahal.JPG/960px-Mehtab_Bagh_facing_Taj_Mahal.JPG," Located just north to the glorious wonder called the Taj Mahal and overlooking the Agra Fort and Yamuna river on the opposite side, Mehtab Bagh is a rare retreat of natural bliss and one of the most scenic spots in Agra.  ",Heritage
Akbar'S Tomb,4.0,2-Jan,https://upload.wikimedia.org/wikipedia/commons/thumb/6/60/Akbar%27s_Tomb_in_Sikandra_15.jpg/960px-Akbar%27s_Tomb_in_Sikandra_15.jpg," The Tomb of Akbar is an important and iconic Mughal architectural masterpiece, built in 1605 and 1613. It is located at Sikandra, in the suburbs of Agra, on the Mathura road (NH2), 8 km west of the city core. About a km away from the tomb, lies Mariam's Tomb, the tomb of Mariam-uz-Zamani, wife of the Mughal Emperor Akbar and the mother of Jahangir. ",Heritage
Chini Ka Rauza,3.3,4-Mar,https://upload.wikimedia.org/wikipedia/commons/thumb/6/6c/Chini_ki_Rauza_4.jpg/960px-Chini_ki_Rauza_4.jpg," Dedicated to the memory of the Prime Minister of the court, during the reign of the Mughal Emperor Shah Jahan, Chini ka Rauza is a funerary monument situated on the eastern bank of the Yamuna river in Agra.  ",Heritage
Anguri Bagh,3.5,4-Mar,https://upload.wikimedia.org/wikipedia/commons/thumb/7/7e/Agra_03-2016_10_Agra_Fort.jpg/960px-Agra_03-2016_10_Agra_Fort.jpg," Centrally situated in the premises of Khas Mahal, Anguri Bagh was built by Mughal Emperor Shah Jahan in 1637. As the name suggests, Khas Mahal (or Aramgah- i - Muqaddasa) was constructed for the emperor as his exalted place of leisure and rest.  ",Heritage
Taj Museum,3.4,2-Jan,https://upload.wikimedia.org/wikipedia/commons/thumb/6/6e/Taj_Mahal_2%2C_Agra%2C_India.jpg/960px-Taj_Mahal_2%2C_Agra%2C_India.jpg," Located inside the Taj Mahal complex, the museum was established in 1982 on the western ends of the Taj Gardens. The tiny but terrific depository is a double-storeyed building with a quadrangle projection outside.  ",Heritage
Toorji Ka Jhalra,4.0,2-Jan,https://upload.wikimedia.org/wikipedia/commons/thumb/9/99/Mehrangarh_Fort_sanhita.jpg/960px-Mehrangarh_Fort_sanhita.jpg," Toorji Ka Jhalra, commonly called the stepwell of Jodhpur, is an intricate design of stepwell, one of the few remaining structures depicting the traditional water management systems of Jodhpur. This 18th-century stepwell with intricate carvings is a popular spot for photos. ",Cultural
Mandore Garden,4.5,2-Jan,https://upload.wikimedia.org/wikipedia/commons/thumb/6/6c/Temples_at_Mandor_%284571805346%29.jpg/960px-Temples_at_Mandor_%284571805346%29.jpg," Famous royal cenotaphs, Mandore Garden is located just 9 kilometres away from Jodhpur in Mandore which was once the ruling seat of the Pratihara dynasty. The garden is a part of the more massive Mehrangarh Fort, and also houses the famous Hall of Heroes and the temple of Three Hundred Million Gods. The garden also has a Government Museum, which is full of artefacts and old relics.  ",Beach
Balsamand Lake,4.1,4-Mar,https://dynamic-media-cdn.tripadvisor.com/media/photo-o/11/9e/2c/a5/the-lake.jpg?w=1200&h=-1&s=1," Balsamand Lake is famous for being the site of the Bal Samand Lake Palace, a heritage hotel. Surrounded by lush gardens, it contains a large variety of trees like mango, papaya, pomegranate, etc. It is a popular spot for a sunset view and a lakeside picnic. ",Heritage
Sardar Market,4.1,3-Feb,https://upload.wikimedia.org/wikipedia/commons/f/f2/Sardar_patel_%28cropped%29.jpg," This is the most famous shopping zone of Jodhpur and attracts customers from all parts of the world. The marketplace is abundant with all sorts of products such as local fabric, clay figurines, silver jewellery, grains, spices, marble, pottery, vegetables, and many more products.  ",Urban
Sheesh Mahal,3.7,4-Mar,https://upload.wikimedia.org/wikipedia/commons/thumb/c/ce/Sheesh_Mahal_Arches.jpg/960px-Sheesh_Mahal_Arches.jpg," The Sheesh Mahal in the Mehrangarh Fort of Jodhpur, known as the Glass Palace of Jodhpur, is a marvellous piece of historic architecture is decked from ceiling to floor with fanciful mirror work. It is said to be the bedchamber of Maharaja Ajit Singh between the 17th and 18th centuries. ",Heritage
Sardar,3.1,2-Jan,https://upload.wikimedia.org/wikipedia/commons/thumb/7/74/Sardar_Government_museum_Jodhpur.jpg/960px-Sardar_Government_museum_Jodhpur.jpg," The Jodhpur Government Museum lies in the centre of Umaid Bagh. One can find a variety of weapons, textiles, miniature paintings, inscriptions, sculptures, metallic objects, arts and crafts at the government museum that help understand the life led by the past generations of Jodhpur. ",Heritage
Ranisar Padamsar,3.0,5-Apr,https://upload.wikimedia.org/wikipedia/commons/thumb/e/eb/India_Rajasthan_locator_map.svg/960px-India_Rajasthan_locator_map.svg.png, The Ranisar and Padamsar lakes are two artificial lakes situated at the rear of the Mehrangarh Fort in Jodhpur. They were constructed on the orders of two different queens of Jodhpur as a consistent water source for the residents of the city. ,Heritage
Rai Ka Baag Palace,4.5,2-Jan,https://upload.wikimedia.org/wikipedia/commons/5/54/Malwa_India_closeup_1823.png," Constructed in 1663 by the queen of Maharaja Jaswant Singh- I, Hadiji, Rai ka Baag Palace is one of the popular tourist attractions of Jodhpur. The palace is octagonal in shape and currently it houses the income tax office of Jodhpur ",Heritage
Nagaur Fair,3.8,4-Mar,https://upload.wikimedia.org/wikipedia/commons/thumb/0/08/Nagaur_Fort.JPG/960px-Nagaur_Fort.JPG," Nagaur Fair is conducted in the town named 'Nagaur' and is primarily known as a Cattle Fair. This fair is all about the trading of animals, wherein the animals are presented with colorful accessories upon them. The Nagaur Fair is an eight-day affair, which takes place between the months of January and February. ",Other
Kaylana Lake,4.0,2-Jan,https://upload.wikimedia.org/wikipedia/commons/thumb/8/8a/Kaylana.JPG/960px-Kaylana.JPG, Kaylana Lake is a massive manmade lake on the outskirts of Jodhpur city. It serves as the primary resource for drinking water for the citizens of Jodhpur and other neighbouring settlements. It also serves as an excellent viewpoint for sunsets. The Siberian Crane can also be spotted here during winter.  ,Nature
Phool Mahal,3.8,3-Feb,https://upload.wikimedia.org/wikipedia/commons/thumb/f/fd/Panka_%28fan%29_over_the_Idol_of_Yogmaya_in_the_sanctum.JPG/960px-Panka_%28fan%29_over_the_Idol_of_Yogmaya_in_the_sanctum.JPG," The Phool Mahal is the most lavish hall present in the Mehrangarh Fort. It served as a pleasure dome for male members of the royal family. The idea of the design was to make it look like a beautiful flower, thus the name 'Phool Mahal'. The hall is decked with gold, with the ceiling being inlaid with gold filigree.  ",Heritage
Hanwant Mahal,3.4,2-Jan,https://upload.wikimedia.org/wikipedia/commons/thumb/3/36/British_Indian_Empire_1909_Imperial_Gazetteer_of_India.jpg/960px-British_Indian_Empire_1909_Imperial_Gazetteer_of_India.jpg," Situated in close vicinity to Umaid Bhawan Palace in Jodhpur, Hanwant Palace is a five-star luxury hotel that provides a royal dining experience. Spread over three storeys, the Mahal also conducts dinners in the beautiful garden on the other side of the hotel adorned with flower beds and fountains. ",Heritage
Marwar Festival,4.0,2-Jan,https://upload.wikimedia.org/wikipedia/commons/thumb/d/df/Flag_of_Jodhpur.svg/600px-Flag_of_Jodhpur.svg.png," The Marwar Festival is a music and dance festival centred around the Marwar region. It is held at Mehrangarh Fort and Umaid Bhawan Palace. The festival also has other events like - Puppet shows, Horse Polo, Camel Tattoo show and much more! This festival takes place over the course of two days between September and October. ",Heritage
St. Mary'S Basilica,3.7,3-Feb,https://upload.wikimedia.org/wikipedia/commons/thumb/d/dd/St.Mary%27s_Basilica.jpg/960px-St.Mary%27s_Basilica.jpg," St. Mary's Basilica is the oldest church in Bangalore and is the only church in the state that has been elevated to the status of a minor basilica. It is famous for the festivities it holds during the St. Mary's Feast, in September each year. ",Other
Chunchi Falls,3.7,3-Feb,https://upload.wikimedia.org/wikipedia/commons/thumb/9/93/Tippagondanahalli-dam.jpg/960px-Tippagondanahalli-dam.jpg," Chunchi Falls is a 50-ft high waterfall fed by the river Arkavati. It is a popular day trip from Bangalore, perfect for a family picnic. There is a watchtower on the way to falls offering a stunning view. Swimming is prohibited in the falls. ",Nature
Go-Karting,3.7,4-Mar,https://upload.wikimedia.org/wikipedia/commons/thumb/a/a9/Kosmic_TS28.JPG/960px-Kosmic_TS28.JPG," Go-karting is the most breathtaking activities available at many places in Bangalore, which can be enjoyed with family and friends.   ",Other
Sankey Tank,3.0,2-Jan,https://upload.wikimedia.org/wikipedia/commons/thumb/0/02/Sankey_Tank.jpg/960px-Sankey_Tank.jpg," Sankey Tank is a manmade lake, spread across an area of 37.5 acres near Vyalikaval, Malleshwaram and Sadashivanagar. The Maurya Sankey Boat Club offers guests a wide variety of boat rides, for example, rowboats, pedal boats and motorboats.  ",Urban
Siddara Betta,4.0,5-Apr,https://upload.wikimedia.org/wikipedia/commons/thumb/5/57/India-locator-map-blank.svg/960px-India-locator-map-blank.svg.png," Siddara Betta is a popular tourist attraction in the Tumkur district of Karnataka immersed in rocky boulders, temples and caves with an elevation of 1700 feet. The hillock is popular amongst trekkers and spiritual seekers alike, with one of the main attractions of the hill being the Lord Shiva temple enclosed in a cave that sees a fair number of devotees throughout the year.  ",Hill Station
Go Quad Biking,3.6,2-Jan,https://upload.wikimedia.org/wikipedia/commons/thumb/0/08/Four_wheeler.jpg/960px-Four_wheeler.jpg," Quad Biking in Bangalore can be experienced either near Kanakpura Road or near Nandi Hills with the help of a company Dirt Mania. These Quad Bike Rides can cost somewhere from INR 500 to 5000 depending upon the Track, Trail and the length.  ",Hill Station
Bilikal Rangaswamy Betta,4.7,5-Apr,https://upload.wikimedia.org/wikipedia/commons/thumb/b/b3/Bilikal_Rangaswamy_Temple.png/960px-Bilikal_Rangaswamy_Temple.png, Bilikal Rangaswamy Betta is almost 16 kilometres from the town of Kanakapura is a great trekking destination for a day trek. It is one of the highest hills in the neighbouring area and also houses a temple devoted to Lord Rangaswamy that is constructed under a large white granite monolith. ,Hill Station
Avalabetta,3.9,4-Mar,https://upload.wikimedia.org/wikipedia/commons/thumb/d/d2/Vidhana_Soudha_sunset.jpg/960px-Vidhana_Soudha_sunset.jpg," Avalabetta often called as “Nandi Hills without the crowd” is a perfect place to relish the same scenic beauty as the Nandi Hills but without the commotion. Standing on the top of the hill, you can witness the magical view of lush green trees and variegated rocky terrain which is spread out profusely.   ",Hill Station
Skandagiri,3.9,4-Mar,https://upload.wikimedia.org/wikipedia/commons/thumb/a/a8/Skandagiri.jpg/960px-Skandagiri.jpg," If you thought that trekking is an activity only to be done in the morning, you are certainly wrong. Skandagiri, a hilltown near Bangalore, gives you the opportunity to trek and explore the hills in the night while the moon is casting its light. Skandagiri, also known as Kalavara Durga or Kalavara Betta is at an elevation of 1450 meters surrounded by the Nandi Hills. The hill has a ruined fort on the way which makes the night trek even more interesting by adding the element of horror. And the best part is that you can spend the night at the hilltop under the star. Not to forget the bonfire that is especially lit for the trekkers to sit around and enjoy the warmth.  ",Hill Station
Bananthimari Betta,3.6,5-Apr,https://upload.wikimedia.org/wikipedia/commons/thumb/5/57/India-locator-map-blank.svg/960px-India-locator-map-blank.svg.png," Located at a distance of 3 kms from the town of Kanakapura near Bangalore, Bananthimari Betta is a twin hillock surrounded by lush green fields with patches of flowers and rocky surface in turns. The beautiful valley in between is laden with an emerald velvetine grass cover and through it flows the most quaint and beautiful stream ever.  ",Hill Station
Kanakapura,4.4,3-Feb,https://upload.wikimedia.org/wikipedia/commons/thumb/e/e3/Kanakapura_Bus_Station.jpg/960px-Kanakapura_Bus_Station.jpg, In the state of Karnataka a beautiful city is nestled amongst trees and rivers which is great for a weekend getaway. Kanakapura is rich in heritage and culture. This place is a hidden gem bountiful in greenery and waterfalls. A few days in this wonderful and picturesque place will leave you rejuvenate. ,Heritage
Wagah Border,4.4,2-Jan,https://upload.wikimedia.org/wikipedia/commons/thumb/8/8a/Wagah_border_ceremony2.jpg/960px-Wagah_border_ceremony2.jpg," Located at a distance of 28 km from Amritsar, the Wagah Border marks the boundaries between Indian and Pakistani borders, running along the Grand Trunk Road. The Wagah Border Ceremony or the Beating Retreat Ceremony, held every day before sunset, is the prime attraction. This ceremony includes the closing of the international gates and lowering the flags of both countries.  ",Other
Jallianwala Bagh,4.4,4-Mar,https://upload.wikimedia.org/wikipedia/commons/thumb/b/b5/Jallianwala_Bagh%2C_Amritsar_01.jpg/960px-Jallianwala_Bagh%2C_Amritsar_01.jpg," Jallianwala Bagh is a public garden that houses a memorial of national importance that was established by the government of India in 1951 to commemorate the massacre of peaceful celebrators by British forces on April 13, 1919.  Thousands of innocent people were killed on the orders of General Dyer as they gathered for a peaceful celebration of Baisakhi. ",Beach
Partition Museum,3.0,5-Apr,https://upload.wikimedia.org/wikipedia/commons/thumb/0/01/Amritsar_9125.jpg/960px-Amritsar_9125.jpg," The Partition Museum, the first-ever museum in the entire world to focus on the stories and trauma of the millions who had to suffer from the bloody consequences of a ruthless partition; was recently opened up at Town Hall in Amritsar.  ",Heritage
Harike Wetland And Bird Sanctuary,4.5,3-Feb,https://upload.wikimedia.org/wikipedia/commons/thumb/a/a3/Harike.jpg/960px-Harike.jpg," Harike Wetland & Bird Sanctuary is the largest wetland in North India. This man-made wetland spreads into Tarn Taran Sahib, Ferozepur and Kapurthala in Punjab, making it a famous destination for bird watchers and nature enthusiasts. Tourists can spot up to 7 species of turtles including the endangered Testudines turtle. The previously extinct Indus dolphin was recently seen at Harike Wetland. ",Wildlife
Maharaja Ranjit Singh Museum,3.3,2-Jan,https://upload.wikimedia.org/wikipedia/commons/thumb/b/ba/Oval-shaped_tondo_portrait_painting_of_Maharaja_Ranjit_Singh%2C_Lucknow%2C_Awadh%2C_ca.1810%E2%80%9320_%28detail%29.jpg/960px-Oval-shaped_tondo_portrait_painting_of_Maharaja_Ranjit_Singh%2C_Lucknow%2C_Awadh%2C_ca.1810%E2%80%9320_%28detail%29.jpg," Summer palace turned into museum, Maharaja Ranjit Singh Museum is a lovely building which archives the Royal Heritage of Maharaja Ranjit Singh such as arms and armour, outstanding paintings and century old coins and manuscripts.  ",Heritage
Guru Ke Mahal,3.3,5-Apr,https://upload.wikimedia.org/wikipedia/commons/thumb/9/95/1_Sri_Kesgarh_Takhat_Anandpur_Sahib_Khalsa_birthplace_Punjab_India.jpg/960px-1_Sri_Kesgarh_Takhat_Anandpur_Sahib_Khalsa_birthplace_Punjab_India.jpg," Housing the Granth Sahib and their gurus, Guru Ke Mahal was founded by Guru Ram Das in 1573 as a little cottage that went on to shelter the great gurus of the Sikhs. Gurudwara Guru Ke Mahal is a humble hut situated at the main street of Guru Bazaar near the Golden Temple in the holy city of Ramdaspur (now known as Amritsar). ",Spiritual
Akal Takht,4.0,4-Mar,https://upload.wikimedia.org/wikipedia/commons/1/15/AkalTakhtGoldenTempleComplex.jpg," Akal Takht (Throne of the Immortal) is the highest political institution of the Sikhs, founded by Guru Hargobind in 1606. Akal Takht is located in the front of the causeway leading to the Golden Temple, Amritsar.  ",Spiritual
Gurudwara Mata Kaulan,3.3,3-Feb,https://upload.wikimedia.org/wikipedia/commons/thumb/5/51/Women_in_Sikh_Empire-era_Amritsar%2C_19th_century_painting.jpg/600px-Women_in_Sikh_Empire-era_Amritsar%2C_19th_century_painting.jpg," Gurudwara Mata Kaulan is located on the edge of Kaulan reservoir, is named after Kaulan, a believer who was severely punished by the patriarchs, yet it failed to dissuade her. ",Spiritual
Dukh Bhanjani Ber Tree,3.9,3-Feb,https://upload.wikimedia.org/wikipedia/commons/thumb/9/94/The_Golden_Temple_of_Amrithsar_7.jpg/960px-The_Golden_Temple_of_Amrithsar_7.jpg, Dukh Bhanjani Ber Tree which means reliever of pains and afflictions is considered the most sacred tree in Amritsar. It is located inside the Golden Temple complex. Visitors to the Golden Temple take a dip in the holy water next to the tree believing that doing so would cure them of their pain and afflictions. ,Spiritual
Khair-Ud-Din Masjid,3.3,5-Apr,https://upload.wikimedia.org/wikipedia/commons/thumb/e/e6/Asaf_Jah_I.jpg/600px-Asaf_Jah_I.jpg," Famous for its architecture, Khair-ud-Din Masjid was established by Mohd. Khairuddin. It was the place from where the great call for waging war against the looting British was announced by Tootie-e-Hind, Shah Attaullah Bukhari. ",Heritage
Goindwal Baoli,4.8,4-Mar,https://upload.wikimedia.org/wikipedia/commons/thumb/c/c9/Gurudwara_Goindwal_Sahib.jpg/960px-Gurudwara_Goindwal_Sahib.jpg," Goindwal Baoli is a step-well, constructed in the 16th century by Guru Amar Das. The Baoli (open-well) is located on the banks of the River Beas and is an important Sikh centre, and is one of the first Sikh pilgrimage sites.  ",Spiritual
Gurudwara Baba Atal Rai,3.8,4-Mar,https://upload.wikimedia.org/wikipedia/commons/thumb/5/5e/Baba_Deep_Singh_fresco_from_Gurdwara_Baba_Atal%2C_Amritsar.jpg/600px-Baba_Deep_Singh_fresco_from_Gurdwara_Baba_Atal%2C_Amritsar.jpg," Gurudwara Baba Atal Rai is a gurudwara dedicated to Baba Atal Rai, son of Guru Har Gobind Singh who passed away at the young age of nine. The 9 storey building was then built in his memory where each storey was symbolic of a year in Atal Rai’s life.  ",Spiritual
Gurudwara Baba Deep Singh Ji,5.0,4-Mar,https://upload.wikimedia.org/wikipedia/commons/thumb/5/5e/Baba_Deep_Singh_fresco_from_Gurdwara_Baba_Atal%2C_Amritsar.jpg/600px-Baba_Deep_Singh_fresco_from_Gurdwara_Baba_Atal%2C_Amritsar.jpg," Located in Amritsar outside the Chatiwind gate is Gurudwara Baba Shaheed Deep Singh Ji, honouring the valour and martyrdom of Baba Deep Singh Ji, which is why it is also known as the Shahidan Sahib. He was specially renowned for his contribution during 1757 when he fought the Afghani troops led by Ahmed Shah Abdali, from attacking, invading, and blowing up the Golden Temple. He fought bravely alongside thousands of others but was fatally wounded during the fight. ",Beach
Gurudwara Goindwal Sahib,3.9,4-Mar,https://upload.wikimedia.org/wikipedia/commons/thumb/d/d3/Golden_temple_india.jpg/960px-Golden_temple_india.jpg," Located in the Tarn Taran district of Punjab on the banks of river Beas is Gurdwara Goindwal Sahib which is another famous Sikh site. It is known as the 1st Sikh pilgrimage site and is where the 3rd Sikh Guru, Sri Guru Amar Das Ji, lived and preached for 33 years. It is also where he coined the idea of langar or community kitchen and where he built a baoli or well from where people of all caste, colour, creed and religion could drink from. ",Spiritual
Qutub Minar,3.7,2-Jan,https://upload.wikimedia.org/wikipedia/commons/thumb/3/3c/Qutb_Minar_2022.jpg/960px-Qutb_Minar_2022.jpg," Qutub Minar is a minaret or a victory tower located in the Qutub complex, a UNESCO World Heritage Site in Delhi's Mehrauli area. With a height of 72.5 metres (238 ft), Qutub Minar is the second tallest monument of Delhi. The surrounding Qutub complex has lush green lawns which are popular picnic spot. ",Heritage
Humayun'S Tomb,4.5,2-Jan,https://upload.wikimedia.org/wikipedia/commons/thumb/d/d2/Tomb_of_Humayun%2C_Delhi.jpg/960px-Tomb_of_Humayun%2C_Delhi.jpg," Humayun's tomb is the final resting place of the Mughal Emperor Humayun. Located in the Nizamuddin East area of Delhi, it is the first garden-tomb in India. This UNESCO World Heritage Site is known for the stunning typical Mughal architecture with Persian influences. ",Heritage
Sen Ki Baoli,3.8,3-Feb,https://upload.wikimedia.org/wikipedia/commons/thumb/c/cc/Agrasen_ki_Baoli%2C_New_Delhi%2C_India_-_20070127.jpg/960px-Agrasen_ki_Baoli%2C_New_Delhi%2C_India_-_20070127.jpg," A protected monument under the Archaeological Survey of India, Agrasen ki Baoli is a 60 meter long and 15 meter wide historical step well on Halley Road, New Delhi. It is an ancient water reservoir having 103 stone steps. It is one of the most visited places in Delhi having a serene atmosphere. ",Heritage
Sunder Nursery,3.2,3-Feb,https://upload.wikimedia.org/wikipedia/commons/thumb/0/0d/Sunder_Nursery_Sep-2019.jpg/960px-Sunder_Nursery_Sep-2019.jpg," Sunder Nursery (also known as Central Park) is a park complex situated adjacent to Humayun's Tomb, Built in the 16th century, the park was originally known as Azim Bagh. Sprawling over a whopping 90 acres of land, the park is home to 300 types of trees. ",Other
Garden Of Five Senses,3.0,5-Apr,https://upload.wikimedia.org/wikipedia/commons/thumb/d/d0/Sun_clock_inside_the_Garden_of_Five_Senses.jpg/960px-Sun_clock_inside_the_Garden_of_Five_Senses.jpg," Located in the poised Said-ul-Ajaib, the Garden of Five Senses is designed to stimulate your senses of touch, sight, smell, sound and taste and is a paradise for nature’s lovers. It is spread across 20 acres and has various themed parks, Mughal baghs, pools of water lilies, solar energy park, themed decor and many other attractions. ",Heritage
Lodhi Garden,3.8,5-Apr,https://upload.wikimedia.org/wikipedia/commons/thumb/2/2b/Lodi_Gardens_is_popular_for_exercise_and_walking_enthusiasts.jpg/960px-Lodi_Gardens_is_popular_for_exercise_and_walking_enthusiasts.jpg," Lodhi Gardens is a city park placed in New Delhi, spanning over 90 acres. It is a luscious garden that houses the tombs of Sayyid ruler Mohammed Shah and Lodhi King Sikandar Lodhi. It is situated between Khan Market and Safdarjung's Tomb on Lodhi Road and is a favorite spot for morning walks for the Delhiites. ",Nature
Gurudwara Bangla Sahib,3.9,5-Apr,https://upload.wikimedia.org/wikipedia/commons/thumb/4/49/Front_view_of_Gurudwara_Bangla_Sahib%2C_Delhi.jpg/960px-Front_view_of_Gurudwara_Bangla_Sahib%2C_Delhi.jpg," Gurudwara Bangla Sahib is one of the most important Sikh gurdwara, aka Sikh house of worship, in Delhi, India and known for its association with the eighth Sikh Guru, Guru Har Krishan, as well as the pool inside its complex, known as the 'Sarovar.' It was first built as a small temple by Sikh General Sardar Bhagel Singh in 1783, who supervised the construction of nine Sikh shrines in Delhi in the same year, during the reign of Mughal Emperor, Shah Alam II. ",Heritage
Nizamuddin Dargah,3.8,4-Mar,https://upload.wikimedia.org/wikipedia/commons/thumb/5/59/Nizamuddin_Dargah_and_Jamaat_Khana_Masjid%2C_Delhi.jpg/960px-Nizamuddin_Dargah_and_Jamaat_Khana_Masjid%2C_Delhi.jpg," This is the holy shrine of Muslim Sufi Saint Nizamuddin Chisti. The tombs of many other people from the Mughal era are present in the same area, which surround a tank. Known to be one of the top-visited places in Delhi, a vibe of spirituality and serenity seems to be omnipresent at the Hazrat Nizamuddin Dargah, where you can find throngs of devotees even in the later hours of the evening. ",Heritage
Jantar Mantar,4.3,2-Jan,https://upload.wikimedia.org/wikipedia/commons/thumb/3/3f/Jantar_Mantar_at_Jaipur.jpg/960px-Jantar_Mantar_at_Jaipur.jpg," Located in New Delhi, the Jantar Mantar was one of the five sites built by Maharaja Jai Singh II of Jaipur. The site consists of 13 architectural astronomy instruments. The main purpose of the observatory was to compile the astronomical tables and to predict the movement and timings of the sun, moon and planets.  ",Other
Mehr Archaeological Park,3.8,5-Apr,https://upload.wikimedia.org/wikipedia/commons/thumb/5/5c/Ruins_of_Sir_Thomas_Metcalfe%27s_Dilkusha_with_Qutub_Minar_in_the_background_02.jpg/960px-Ruins_of_Sir_Thomas_Metcalfe%27s_Dilkusha_with_Qutub_Minar_in_the_background_02.jpg," The Mehrauli Archaeological Park is a 200-acre archaeological site home to more than 100 magnificent monuments, and tombs from the 10th century to the British era. Some prominent monuments here are tombs of Balban and Quli Khan, Jamali Kamali mosque, and Rajon ki Baoli among others. ",Heritage
Rashtrapati Bhavan,4.4,3-Feb,https://upload.wikimedia.org/wikipedia/commons/thumb/d/d8/Rashtrapati_Bhavan_1.jpg/960px-Rashtrapati_Bhavan_1.jpg, Rashtrapati Bhawan is a famous monument of the British Empire which was said to be the palace of the Viceroy of India. It is now the home of the President of India. It is considered to be the best-known monument in India next to Taj Mahal and Qutub Minar.  ,Heritage
Jama Masjid,4.4,4-Mar,https://upload.wikimedia.org/wikipedia/commons/thumb/a/a4/Jama_Masjid_-_In_the_Noon.jpg/960px-Jama_Masjid_-_In_the_Noon.jpg," Jama Masjid is the largest mosque in India built by Mughal Emperor Shah Jahan. The mosque hosts thousands of pilgrims each year on the holy occasion of Eid to offer special Namaz in the morning. Non-Muslims are not allowed inside the Masjid during Namaz offerings. One of the top attractions and best places to visit in Delhi, Jama Masjid gets a lot of tourist crowd other than the religious crowd. ",Beach
Birla Mandir,4.8,2-Jan,https://upload.wikimedia.org/wikipedia/commons/thumb/3/37/Laxminarayan_Temple_in_New_Delhi_03-2016.jpg/960px-Laxminarayan_Temple_in_New_Delhi_03-2016.jpg," The Birla Mandir or Birla Temple popularly known as the Laxminarayan Temple is a temple dedicated to Laxminarayan. It is located at Connaught Place, New Delhi, and was built by the Birla family, which is why it is known as the Birla temple. Built-in the early 1900s and spread over a whopping 7.5 acres, the temple houses many shrines, fountains, and gardens along with sculptures and carvings.   ",Spiritual
Teen Murti Bhavan ,3.3,3-Feb,https://upload.wikimedia.org/wikipedia/commons/thumb/b/b5/Teen_murti_bhawan_22.jpg/960px-Teen_murti_bhawan_22.jpg," Once served as the home of Pt. Jawaharlal Nehru for 16 years, today, the Teen Murti Bhavan houses various institutions like the Nehru Memorial Museum and Library and the office of Jawaharlal Nehru Memorial Fund. One of the four Nehru Planetariums is also located within the grounds of the house. ",Heritage
Rajpath,3.8,4-Mar,https://upload.wikimedia.org/wikipedia/commons/thumb/1/17/India_Gate_from_Rajpath.jpg/960px-India_Gate_from_Rajpath.jpg," Running from Rashtrapati Bhavan on Raisina Hill, all the way through Vijay Chowk and India Gate to the National Stadium, Rajpath is a long ceremonial boulevard in New Delhi. Considered to be one of the most important roads in India, it is where the annual Republic Day parade takes place on 26 January. While Rajpath stands for the King's Road, Janpath, which stands for People's Road, also crosses the road. Running in the east-west direction, the avenue is lined on both sides by huge lawns, canals and many rows of trees. ",Hill Station
Quwwat-Ul-Islam Mosque,4.7,3-Feb,https://upload.wikimedia.org/wikipedia/commons/thumb/3/31/Qutb_minar_ruins.jpg/960px-Qutb_minar_ruins.jpg," Located within the Qutub Minar complex at Mehrauli in Delhi, Quwwat-ul-Islam Mosque (translating to ‘Might of Islam’) was built by the Mamluk ruler Qutub-ud-din Aibak. Yet another feather in the cap of Delhi, the monument is the first mosque to be built in the city after the Islamic conquest of India and is known as a celebration of the Muslim Rule.  ",Heritage
Nicholson Cemetery,4.2,5-Apr,https://upload.wikimedia.org/wikipedia/commons/thumb/e/ed/Nicholson_Cemetery_01.jpg/960px-Nicholson_Cemetery_01.jpg," Situated in the heart of the city in Kashmere Gate area of New Delhi, Nicholson Cemetery (also known as Lothian Cemetery) is an ancient Christian cemetery named after the Brigadier-General John Nicholson, a Victorian era military officer who played a crucial role during the Indian Rebellion of 1857.  ",Other
Iron Pillar,3.2,5-Apr,https://upload.wikimedia.org/wikipedia/commons/thumb/3/3f/QtubIronPillar.JPG/960px-QtubIronPillar.JPG," Iron Pillar is one of the many mysterious monuments of wonder present in Delhi- the capital of India. Located within the Qutub Minar complex in Mehrauli area of New Delhi, the Iron Pillar has been posing as one of the foremost metallurgical curiosities of the world due to its prowess to not exhibit a speck of rust despite being thousands of years old.  ",Beach
Gadisar Lake,4.3,4-Mar,https://upload.wikimedia.org/wikipedia/commons/thumb/8/81/Main_entrance_of_Gadisar_Lake.jpg/960px-Main_entrance_of_Gadisar_Lake.jpg," Built in the 14th century, it was once the source of drinking water for the entire town of Bikaner. Now it has developed as a tourist spot with many temples and shrines surrounding the lake. Gadisar Lake offers scenic and picturesque views of the lake and the adjacent fort. ",Heritage
Patwon Ki Haveli,4.1,5-Apr,https://upload.wikimedia.org/wikipedia/commons/thumb/e/e6/Patwon_ki_haveli_18.jpg/960px-Patwon_ki_haveli_18.jpg," Dipped in an enchanting shade of yellow, Patwon ki Haveli grabs the attention of every visitor. It is a cluster of 5 Haveli which was believed to be built by Patwa, a wealthy trader who constructed the stories for each of his 5 sons. Locals also refer to the haveli as Kothari’s Patwa Haveli.  ",Desert
Sam Sand Dunes,4.2,3-Feb,https://upload.wikimedia.org/wikipedia/commons/thumb/2/2e/Erosioenparamo.jpg/960px-Erosioenparamo.jpg," One of the most popular attractions in Jaisalmer, Sam Sand Dunes are among the best and most authentic in India. The best time to visit these dunes is either sunset (around 4-7 pm) or sunrise (4-6 am). There are many other activities which one may enjoy as camel safari and jeep safari. ",Beach
Nathmal Ki Haveli,3.8,2-Jan,https://upload.wikimedia.org/wikipedia/commons/thumb/e/e6/Patwon_ki_haveli_18.jpg/960px-Patwon_ki_haveli_18.jpg," Nathmal ki Haveli is an ornate architecture in the heart of Jaisalmer. It was commissioned to serve as the residence of the then prime minister Diwan Mohata Nathmal. The haveli is built of yellow sandstone. Thus when the sun rays fall on these structures, they radiate like gold.  ",Beach
Indo-Pak Border,3.5,2-Jan,https://upload.wikimedia.org/wikipedia/commons/thumb/8/82/India-Pakistan_Border_at_Night.jpg/960px-India-Pakistan_Border_at_Night.jpg, Visiting the Indo-Pak Border is one of the most exotic things to do in Jaisalmer. The area is situated near the Tanot Mata temple and can be visited by prior permission and permits from the Indian Military Forces. ,Desert
Bada Bagh,3.8,4-Mar,https://upload.wikimedia.org/wikipedia/commons/thumb/b/ba/Resting_places.jpg/960px-Resting_places.jpg," Bada Bagh is primarily a cenotaph adjoining a garden, located about 6 kms north of Jaisalmer, on the way to Ramgarh. The set of royal cenotaphs are basically chhatris of the Maharajas which once ruled the Jaisalmer state. The gardens are now largely neglected, but the hill with the cenotaphs is still quite an interesting sight in the middle of the sand dunes. ",Hill Station
Windmill Park,3.3,3-Feb,https://upload.wikimedia.org/wikipedia/commons/thumb/8/8e/The_Three_Horseshoes%2C_Southall_-_DSC07008.JPG/960px-The_Three_Horseshoes%2C_Southall_-_DSC07008.JPG," India's largest operational onshore wind mill farm, Jaisalmer Wind Mill Park is located in Rajasthan near the Yamuna River between the Vindyha Mountains and the Himalayas. ",Hill Station
Dune Bashing,3.1,2-Jan,https://upload.wikimedia.org/wikipedia/commons/thumb/3/39/Landy4no.jpg/600px-Landy4no.jpg," Dune Bashing is one of the most exclusive and unique things to do in Jaisalmer. If you have an adventure streak, this is one activity you should definitely try. You will literally feel your adrenaline rush up when you are rafting through the pits and falls of the majestic golden desert even when you are safely seated in the car with seat belts fastened to you. ",Beach
Desert Culture Centre And Museum,3.3,4-Mar,https://upload.wikimedia.org/wikipedia/commons/thumb/d/d0/Nk%27Mip_DCC_1.jpg/960px-Nk%27Mip_DCC_1.jpg," Knowledge bank of rich cultural heritage, craftsmanship and artistic talents of Jaisalmer, the museum displays varied collections of traditional instruments, rich collections of ancient and medieval coins, any kinds of utensils and other artifacts and admirable textiles. ",Heritage
Mandir Palace,3.1,4-Mar,https://upload.wikimedia.org/wikipedia/commons/thumb/4/42/JagMandir.jpg/960px-JagMandir.jpg," The Mandir Palace a two-century-old architecture is the finest heritage hotels in the city of Jaisalmer. The hotel offers an ambiance of medieval charm with a glimpse of modern amenities. It is adorned with exquisite stone carvings, ornate balconies, canopies that represent the craftsmanship in its purest form. ",Heritage
Lodhruva,3.0,4-Mar,https://upload.wikimedia.org/wikipedia/commons/thumb/4/4e/Lodurva_Temples.jpg/960px-Lodurva_Temples.jpg," 16 km north-west of Jaisalmer is Lodhruva the ancient capital city of Bhatti dynasty of the 12th century. The old capital of Bhatti Rajput was once a flourishing city. Although the town was ransacked by Muslim invaders, the prominent attraction of the city is its architectural ruins. ",Heritage
Surya Gate,3.0,2-Jan,https://upload.wikimedia.org/wikipedia/commons/thumb/4/47/Konarka_Temple.jpg/960px-Konarka_Temple.jpg," The Surya Gate is one of the four entry gates to the 12th century, Jaisalmer Fort. The fort on the Trikuta hill has four successive gates Akai, Surya, Ganesh and Hawa through which the visitors need to pass through. ",Hill Station
Tazia Tower,3.0,5-Apr,https://upload.wikimedia.org/wikipedia/commons/thumb/f/fd/Chhota_imambara_Lucknow.jpg/960px-Chhota_imambara_Lucknow.jpg," Tazia Tower is a unique Rajputana architecture of Rajasthan. Situated in the Badal Complex, the building has five storeys each of which tells a different story. Tazia in Urdu means float that's taken during the procession of Muharram.  ",Heritage
Nakki Lake,4.3,4-Mar,https://upload.wikimedia.org/wikipedia/commons/thumb/d/d3/Nakki_Lake_during_daytime.JPG/960px-Nakki_Lake_during_daytime.JPG, The beautiful Nakki lake is surrounded by hills on all sides and boating here is a blissful experience. This is the only artificial lake in India to be created at a height of more than 1200m from sea level. ,Hill Station
Guru Shikhar,4.2,4-Mar,https://upload.wikimedia.org/wikipedia/commons/thumb/8/8a/Arbuda_Mountains.JPG/960px-Arbuda_Mountains.JPG," This is the highest peak of the Aravali range with an altitude of about 1,722m above sea level. The trek to the top of the mountain is adventurous and fun. ",Hill Station
Toad Rock,3.2,3-Feb,https://upload.wikimedia.org/wikipedia/commons/thumb/e/e7/Toad_the_Wet_Sprocket_2014.jpg/960px-Toad_the_Wet_Sprocket_2014.jpg," Known as The mascot of Mount Abu, Toad Rock is one of the most frequented point in the itinerary of all visitors. To see the panoramic beauty of the surrounding lake and greenish hilly regions you can climb up the rock and capture the breathtaking scenery. ",Hill Station
Dilwara Temples,4.4,5-Apr,https://upload.wikimedia.org/wikipedia/commons/8/81/Delwada.jpg," The Dilwara temples, located about 3 kms from Mount Abu, were mainly built by Vastupal and Tejpal, between the 11th and 13th centuries AD. Surrounded by lush greenery and located on a height above the surrounding areas, these temples are world famous for their stunning use of marble - many visitors consider these to be architecturally superior to even the Taj Mahal. Everything from the doors to the ceilings and the pillars are extremely intricately designed - at one point, the marble ceiling is so finely that it's actually translucent. ",Spiritual
Trevors Tank,3.2,4-Mar,https://upload.wikimedia.org/wikipedia/commons/thumb/0/02/Trevor_Lawrence_SEP2022_%28cropped%29.jpg/600px-Trevor_Lawrence_SEP2022_%28cropped%29.jpg, Trevor's Tank is a man-made crocodile breeding site and wildlife sanctuary. It is a popular picnic spot with picturesque views. A jungle safari is available up to a certain point from where you can walk and explore the pond housing the crocodiles.  ,Wildlife
Bazaars,3.2,3-Feb,https://upload.wikimedia.org/wikipedia/commons/thumb/b/bc/Abu-Ghazala.jpg/600px-Abu-Ghazala.jpg," The summer capital of the Rajputana rulers has marvellous shopping markets which serve as an authentic local experience. Every traveller can find various kinds of goods such as Rajasthani crafts, paintings, leather goods along with a few Gujarati artworks and many other accessories and apparels.  ",Desert
Shankar Math,4.8,3-Feb,https://upload.wikimedia.org/wikipedia/commons/thumb/7/78/Barisal_Launch_Terninal.jpg/960px-Barisal_Launch_Terninal.jpg, Shankar Math is a Lord Shiva temple in Mount Abu. It is known for the 9ft tall Shiva Linga made of black stone which gives it the impression of Lord Shiva's dreadlocks. Devotees believe his third eye self-manifested on this Shiva Linga making Shankar Math highly revered. The Shiva Linga is automatically bathed by rainwater during the monsoon. ,Spiritual
Mount Abu,4.4,5-Apr,https://upload.wikimedia.org/wikipedia/commons/thumb/6/6b/Mount_Abu.jpg/960px-Mount_Abu.jpg," The Government Museum in Mount Abu is a popular tourist attraction, located within the Raj Bhawan premises. It houses a rich collection of artefacts depicting the tribal life of the region. There are also brass artefacts and Jan bronze carvings on display.  ",Heritage
Champa Cave,4.8,5-Apr,https://upload.wikimedia.org/wikipedia/commons/thumb/b/b1/TabonCaves.JPG/960px-TabonCaves.JPG, Champa Cave is a historical site in Mount Abu popular for trekking. It is located between Nakki Lake and Toad Road. Champaa Cave holds historical significance as Swami Vivekanand stayed and meditated here for. a few weeks in 1891. The cave site has picturesque surroundings with stunning views. ,Adventure
Market,4.6,3-Feb,https://upload.wikimedia.org/wikipedia/commons/thumb/0/09/Thar_Khuri.jpg/960px-Thar_Khuri.jpg," Nakki Lake Market is Mount Abu's main shopping market. It spreads across the road leading to the popular Nakki Lake with tiny shops and stalls. The market is known for local Rajasthani handicrafts like bandhaani clothes, cotton and silk Jaipur quilts, handmade dolls, handbags, paintings and leather goods. ",Desert
Banasura Dam,4.3,4-Mar,https://upload.wikimedia.org/wikipedia/commons/thumb/f/f0/Banasurasagar_Main_Dam.jpg/960px-Banasurasagar_Main_Dam.jpg," Lying in the lap of the Banasura hills in the Wayanad district is the picturesque Banasura Sagar dam. Banasura Dam is the largest earthen dam in the country and the second-largest in Asia. The view of the sprawling reservoir from the top of the dam is breathtaking. Adventures like speed boating are readily available, and a trek up to the Banasura Peak is filled with streams, diverse flora, fauna, lush tropical green and majestic waterfalls. An earthen dam, also known as an embankment dam is created by placing mounds of clay, sand, rock or soil. The view of Banasura Lake from the top of the hill is mesmerising. ",Hill Station
Chembra Peak,4.2,4-Mar,https://upload.wikimedia.org/wikipedia/commons/thumb/a/af/Chembra.jpg/960px-Chembra.jpg," With a height 2100 m, the Chembara peak is an attractive destination for Campers and Mountaineers. Many guided expeditions are conducted to the tallest summit of Wayanad. ",Hill Station
Soochipara Falls,4.2,4-Mar,https://upload.wikimedia.org/wikipedia/commons/thumb/f/fd/Soochipara_Falls%2C_Wayanad_Kerala%2C_2013_%28Landscape%29.jpeg/960px-Soochipara_Falls%2C_Wayanad_Kerala%2C_2013_%28Landscape%29.jpeg," Soochipara Falls is a three-tiered waterfall, which cascades at its best between the months of June and January. The site is also popular with rock climbers apart from picnickers. ",Nature
Vythiri,4.4,4-Mar,https://upload.wikimedia.org/wikipedia/commons/thumb/7/7d/Kerala_Veterinary_and_Animal_Sciences_University_05918.JPG/960px-Kerala_Veterinary_and_Animal_Sciences_University_05918.JPG," Vythiri is a small town located in the Wayanad district, surrounded by lush rainforest. It is known for its spice plantations and indigenous tribal communities. It is a tourist favourite for adventure sports, trekking, and relaxing amidst the serene beauty of the town. Vythiri receives the highest rainfall in the district and is recorded as receiving the second-highest amount of rain in the world. The months of June-September receive the highest rainfalls. Because of its height, at 700 meters above sea level, this is one of the colder regions in Wayanad and is an all-weather destination. Vythiri houses the Pookot lake; wherein one can enjoy a relaxing boat ride and kayaking. Trekking a tourist favourite till the top of Lakkidi, a village 5 kms from Vythiri, from where one can enjoy the breathtakingly stunning view of the valley below. ",Hill Station
Kuruva Dweep,3.5,4-Mar,https://upload.wikimedia.org/wikipedia/commons/thumb/3/32/Kuruvadweep_.jpg/960px-Kuruvadweep_.jpg, Situated on the tributaries of river Kabani is the Kuruva Island surrounded by a picturesque view of enchanting evergreen forests. The site is popular among those seeking a quiet get-away from the hustle bustle of the cities. ,Wildlife
Pookot Lake,3.6,5-Apr,https://upload.wikimedia.org/wikipedia/en/thumb/0/0d/PookodeLake.jpg/600px-PookodeLake.jpg, Lying just 3 km south of Vythiri is a natural fresh water lake unspoiled by human habitation and activities. The Pookode lake tourist resort is famous for its aquarium and green house. Visitors can enjoy a boat ride in its calm waters. Kayaking in the lake is another sought after activity. ,Nature
Kanthanpara Waterfall,4.9,5-Apr,https://upload.wikimedia.org/wikipedia/commons/thumb/9/93/Wayanad_-_Kanthanpara_Waterfalls_-_2.jpg/960px-Wayanad_-_Kanthanpara_Waterfalls_-_2.jpg," Located in between two lush green tea estates, Kanthanpara Waterfall is a mesmerizing attraction. The walking trails leading up to the waterfall are perfect for nature walks and the picturesque location makes it ideal for camping. The beauty of the attraction is irresistible and offers a quick escape from the busy lifestyle. ",Adventure
Chain Tree,3.2,4-Mar,https://upload.wikimedia.org/wikipedia/commons/5/53/Laburnum_anagyroides2.jpg," Chain Tree is a popular Ficus, which has many myths associated with it. According to one of the legends, the road up was built by a foreign engineer but the route was given to him by a local tribal youth who was shot to death by the engineer. ",Other
Pakshipathalam Bird Sanctuary,4.2,4-Mar,https://upload.wikimedia.org/wikipedia/commons/thumb/a/a6/Munikal_Caves.JPG/960px-Munikal_Caves.JPG," Pakshipathalam Bird Sanctuary is a nature lover and bird watcher's paradise. They have a stunning population of birds thriving in the natural habitat preserved within the sanctuary. The sanctuary is a favourite amongst campers as well. Some rare species of birds and plants are also found here. Other than the well-preserved natural terrain of the sanctuary, there are also some rock-cut caves that one can explore. ",Wildlife
Lakkidi Viewpoint,3.8,3-Feb,https://upload.wikimedia.org/wikipedia/commons/thumb/6/6e/View_point_of_Thamarassery_Churam.jpg/960px-View_point_of_Thamarassery_Churam.jpg," Lakkidi Viewpoint is a high altitude offering a bird's eye view of the city. Located 32 kilometres from Wayanad, at an elevation of 700 mts, the region mostly stays misty and offers a beautiful view of the hairpin turns down the hill. The thrill of driving up to the point is an experience in itself. One should visit Lakkidi View Point for sunrise and sunset to get the best views. The viewpoint is also a popular picnic spot which is often referred to as the 'Gateway to Wayanad'. ",Hill Station
Banasura Hill,3.9,3-Feb,https://upload.wikimedia.org/wikipedia/commons/thumb/6/67/DR0069DSC_9221.jpg/960px-DR0069DSC_9221.jpg," One of the tallest mountains in the region, Banasura Hill is a part of the Western Ghats of India having an altitude of over 2000 metres. The hill has a wide variety of flora and fauna and offers a beautiful atmosphere for nature walks and trekking. The Kurichiya tribe, a tribe expert in bow and arrow, have their settlements at the foothills. ",Hill Station
Meenmutty,4.6,2-Jan,https://upload.wikimedia.org/wikipedia/commons/thumb/f/ff/Meenmutty_Falls_Wayanad.JPG/960px-Meenmutty_Falls_Wayanad.JPG," Located 29 km away from Kalpetta in Wayanad district, Meenmutty waterfalls is considered as one of the largest waterfalls in Kalpetta region and second largest in Kerala. It is also one of the most thrilling and beautiful natural attraction in Wayanad. Nestled away in the lap of a jungle trek, the cascading waterfall Meenmutty makes up for a dazzling view. The frothy water of this mighty waterfall flow in three tiers and is located near the Neyyar Reservoir area. The experience of climbing through the rocks to reach this enchanting destination is one of a kind and makes this place a popular tourist location.  ",Beach
Pallikunnu Church,5.0,4-Mar,https://upload.wikimedia.org/wikipedia/commons/thumb/b/be/Pallikkunnu_Church.jpg/960px-Pallikkunnu_Church.jpg," One of the most popular and sought after pilgrimage centre in north Kerala, Pallikkunnu Church is also referred to as 'Our Lady of Lourdes'. Situated about 19 km away from Kalpetta, this Latin Catholic Church was conceived by a famous priest Fr.Jefreno in the year 1908.   The Church is a Latin-catholic church and an important religious centre for Christians in Northern Kerala. A significant event of the year is Pallikunnu Church festival, which goes on for about 16-days. Festival is from 2nd February to 19th February, 10th and 11th day as being one of the most important ones. People from all around Kerala, visit the festival because of its grand celebration. The most exciting feature of the church is that it has several rituals and practices parallel to Hindu Temples. Best time to visit Church is in February, during the Pallikunnu Church Festival. There is no entry fee, and the church is open from 7 AM to 7 PM for visitors. ",Beach
Tour The Ramoji Film City,4.2,5-Apr,https://upload.wikimedia.org/wikipedia/commons/thumb/d/d1/Ramoji_Film_City.jpg/960px-Ramoji_Film_City.jpg," Located on the outskirts of Hyderabad, Ramoji Film City is certified as the World's largest Film Studio Complex by the Guinness Book of World Records. It is the most famous attraction in Hyderabad. The highlights are the film city tour, Sahas Adventure and holiday carnivals. ",Adventure
Charminar,4.3,5-Apr,https://upload.wikimedia.org/wikipedia/commons/thumb/7/71/Charminar_Hyderabad_1.jpg/960px-Charminar_Hyderabad_1.jpg," An identifying feature of the city, Charminar is the most prominent landmark of Hyderabad. It was erected by Quli Qutub Shah to signify the founding of Hyderabad. Everyone coming to the city, definitely visits the Charminar. It is also famous for the market that sprawls around it and is called 'Laad' or 'Chudi' Bazaar. ",Other
Chowmahalla Palace,4.2,3-Feb,https://upload.wikimedia.org/wikipedia/commons/thumb/c/ce/Chowmahalla_Palace_01.jpg/960px-Chowmahalla_Palace_01.jpg," The Chowmahalla Palace of Hyderabad once served as the official residence of the Nizams of Hyderabad during their reign still retains some of its past splendour. The architecture of the palace is an imposing sight to behold. The facade itself is a delicate artwork of domes, arches, windows and meticulously carved out designs. ",Heritage
Statue Of Equality,4.3,4-Mar,https://upload.wikimedia.org/wikipedia/commons/thumb/7/72/Statue_of_Equality_%28Ramanuja%29.jpg/960px-Statue_of_Equality_%28Ramanuja%29.jpg," The Statue of Equality is the second tallest sitting statue in the world at its height of 216 ft. Located in Muchintal, Hyderabad, it is a statue of Sri Bhagavad Ramanujacharya, who worked relentlessly to promote equality. It was built to commemorate his 1000th birthday. The highlights are the dancing water show with light and music and the dynamic fountain show (Leela Jala Neerjanam) held daily. ",Other
Taramati Baradari,3.4,2-Jan,https://upload.wikimedia.org/wikipedia/commons/thumb/9/9e/Taramati-Baradari.jpg/960px-Taramati-Baradari.jpg," Taramati Baradari is an ancient sarai (resting place) built during the reign of Ibrahim Quli Qutub Shah. The building is now a cultural complex which has an open-air auditorium for 1600 people, air-cooled theatre which can accommodate 500 people, a banquet hall and a multi-cuisine restaurant. ",Food
Jala Vihar,3.9,5-Apr,https://upload.wikimedia.org/wikipedia/commons/thumb/0/03/Tehri_Dam_India.jpg/960px-Tehri_Dam_India.jpg," Sprawling over an area of 12.5 acres adjacent to Hussain Lake, Jalvihar is the largest water amusement park in Hyderabad.  It also has rain dance, indoor game zone, dry rides and an enormous food court. ",Cultural
Salar Jung Museum,3.7,3-Feb,https://upload.wikimedia.org/wikipedia/commons/thumb/a/ac/Salar_Jung_Museum%2C_Hyderabad%2C_India.jpg/960px-Salar_Jung_Museum%2C_Hyderabad%2C_India.jpg," The Salar Jung Museum is located at Darushifa, on the southern bank of the Musi River, in Hyderabad. This is one of the three national museums in the country. The collection of museum was sourced from the property of Salar Jung Family and it has a myriad collection of paintings, sculptures, carvings, manuscripts etc.  ",Heritage
Qutub Shahi Tombs,3.7,3-Feb,https://upload.wikimedia.org/wikipedia/commons/thumb/0/08/Qutb_Shahi_Tomb_5.jpg/960px-Qutb_Shahi_Tomb_5.jpg," Located in the Ibrahim Bagh, Qutub Shahi Tombs are a group of small and big mosques and tombs built by the rulers of the Qutub Shah dynasty. The tombs are all built on a raised platform and have a dome-shaped structure. The little tombs are single-storeyed while the bigger ones are double storeyed. ",Heritage
Hyderabad,3.9,2-Jan,https://upload.wikimedia.org/wikipedia/commons/thumb/f/f9/%E0%A6%95%E0%A7%8B%E0%A6%9F%E0%A6%B2%E0%A6%BE_%E0%A6%AC%E0%A6%BF%E0%A6%9C%E0%A6%AF%E0%A6%BC_%E0%A6%AD%E0%A6%BE%E0%A6%B8%E0%A7%8D%E0%A6%95%E0%A6%B0_%E0%A6%B0%E0%A7%87%E0%A6%A1%E0%A7%8D%E0%A6%A1%E0%A6%BF_%E0%A6%89%E0%A6%A6%E0%A7%8D%E0%A6%AD%E0%A6%BF%E0%A6%A6_%E0%A6%89%E0%A6%A6%E0%A7%8D%E0%A6%AF%E0%A6%BE%E0%A6%A8%2C_%E0%A6%B9%E0%A6%BE%E0%A6%AF%E0%A6%BC%E0%A6%A6%E0%A7%8D%E0%A6%B0%E0%A6%BE%E0%A6%AC%E0%A6%BE%E0%A6%A6%E0%A7%87%E0%A6%B0_%E0%A6%AA%E0%A7%8D%E0%A6%B0%E0%A6%AC%E0%A7%87%E0%A6%B6%E0%A6%A6%E0%A7%8D%E0%A6%AC%E0%A6%BE%E0%A6%B0.jpg/960px-thumbnail.jpg," Situated in the Hi-Tech city, around 16 kms from the city centre of Hyderabad, Hyderabad Botanical Garden is a major attraction of the city. The park boasts of a rich variety of plants, shrubs, trees, flowering plants and medicinal herbs. In addition to that, several meandering water ways and fountains add to the charm of the place. ",Nature
Taj Falaknuma Palace,4.4,4-Mar,https://upload.wikimedia.org/wikipedia/commons/thumb/f/f3/Falaknuma_Palace_01.jpg/960px-Falaknuma_Palace_01.jpg," Taj Falaknuma Palace is perched around 2000 metres above the city of Hyderabad. Once the royal residence of Nizam- probably the richest man in the world, the palace has now been converted into a five-star luxury heritage hotel.  ",Heritage
Necklace Road,4.7,4-Mar,https://upload.wikimedia.org/wikipedia/commons/thumb/1/17/Hussain_Sagar_Map.svg/960px-Hussain_Sagar_Map.svg.png," Necklace Road is a long boulevard that encircles Hyderabad’s Tank Bund, resembling a glittering necklace. Tank Bund consists of the beautiful Hussain Sagar Lake with a giant monolithic statue of Gautama Buddha. Lined with beautiful green gardens, eat streets and local shopping, it is a popular picnic spot. ",Urban
Shilparamam Uppal,3.6,4-Mar,https://upload.wikimedia.org/wikipedia/commons/thumb/d/db/Entrance_of_Shilparamam%2C_Jubileehills.jpg/960px-Entrance_of_Shilparamam%2C_Jubileehills.jpg," Shilparamam Uppal, also called Mini Shilparamam, is a handicraft flea market and a village themed entertainment park. Spanning nearly 8 acres on the banks of river Musi in Hyderabad, it is a centre of the arts. It has handicraft and handloom stalls, and many photo spots such as an artificial waterfall and a food court.  ",Cultural
Tank Bund,3.9,3-Feb,https://upload.wikimedia.org/wikipedia/commons/thumb/a/a0/Tanks_in_bund.jpg/960px-Tanks_in_bund.jpg," Tank Bund is a road that stretches between Hyderabad and Secunderabad, connecting the two major cities. It borders the Hussain Sagar Lake on one end which contains the famous monolith of Gautam Buddha in the middle. The view of the lake is breathtaking at night when the statue lights up. It is popular for night drives and the many parks and gardens that border Tank Bund makes for popular picnic spots. ",Nature
Sanjeevaiah Park,4.9,3-Feb,https://upload.wikimedia.org/wikipedia/commons/thumb/4/4f/Caribbean_Trumpet_Tree_%28Tabebuia_aurea%29_in_Hyderabad_W_IMG_7091.jpg/960px-Caribbean_Trumpet_Tree_%28Tabebuia_aurea%29_in_Hyderabad_W_IMG_7091.jpg," Spread over 92 acres on land on the banks of Hussain Sagar Lake, Sanjeevaiah Park is dedicated to the former President of India Dr Neelam Sanjeeva Reddy. Replete with lush green trees, flowering shrubs, fountains and glossy grass lawns, the park is the perfect place to rewind and rejuvenate from the daily routined life. ",Nature
Purani Haveli,3.7,4-Mar,https://upload.wikimedia.org/wikipedia/commons/thumb/b/bb/Purani_haveli.JPG/960px-Purani_haveli.JPG," Originally built to serve as the home to the Peshwa of Mohammed Quli Qutub Shah, Mir Momen, Purani Haveli is converted into a museum known for its remarkable exhibits of artwork and talent. It houses a fascinating collection of items gifted to Mir Osman Ali Khan, the seventh Nizam of Hyderabad. ",Heritage
Amaravathi,3.2,5-Apr,https://upload.wikimedia.org/wikipedia/commons/thumb/d/db/Highcourt_of_AP.jpg/960px-Highcourt_of_AP.jpg, It is famous for its Amareswara temple dedicated to Lord Shiva. The temple is one of the famous Pancharamas. ,Spiritual
Paigah Tombs,4.2,5-Apr,https://upload.wikimedia.org/wikipedia/commons/thumb/2/28/Paigah_Tombs.jpg/960px-Paigah_Tombs.jpg," Located in the suburbs of Pisal Banda in Hyderabad, Paigah Tombs are a group of tombs of the Paigah royal family. Although now in a derelict and dilapidated state, the Paigah Tombs still boast of striking architecture and marvellously carved marble panels. ",Heritage
Himayat Sagar Lake,3.1,4-Mar,https://upload.wikimedia.org/wikipedia/commons/thumb/1/1e/Himayat_Sagar.jpg/960px-Himayat_Sagar.jpg," Himayat Sagar Lake is named after one of the last Princes of Hyderabad, Himayat Ali Khan. It is an artificial lake and lies parallel to Osman Sagar Lake. The scenic beauty of the lake cannot be overstated. Along with people, it also attracts a wide variety of birds. It is a perfect location to hike and explore nature. The road encircling the lake is perfect for a drive with a view of the sunrise or the sunset.  ",Adventure
Aurobindo Ashram,3.8,3-Feb,https://upload.wikimedia.org/wikipedia/commons/f/f3/The-Mothers-Symbol.png," The Sri Aurobindo Ashram, a spiritual community or ashram located in Pondicherry, is the outcome of a small community of disciples who had gathered around Sri Aurobindo after he retired from politics and settled in Pondicherry in 1910. On 24 November 1926, after a major spiritual realization, Sri Aurobindo withdrew from public view in order to continue his spiritual work. At this time he handed over the full responsibility for the inner and outer lives of the spiritual aspirants and the ashram to his spiritual collaborator, the Mother earlier known as Mirra Alfassa. This date is therefore generally known as the founding-day of the ashram. ",Spiritual
Auroville,4.5,5-Apr,https://upload.wikimedia.org/wikipedia/commons/thumb/c/c1/Town_Hall_of_Auroville.jpg/960px-Town_Hall_of_Auroville.jpg," Auroville is one of those towns which appear to come to life right out of fiction. In the union territory of Pondicherry, this township runs on the principles of peace, harmony, sustainable living and 'divine consciousness' which was the philosophy of the Mother of Sri Aurobindo Society, Mirra Alfassa. This universal township was inaugurated on 28 February 1968 with the agenda that it will be a place with people willing enough to make this a hub of uninterrupted education and progress, regardless of their caste, creed, nationality or race. Called the city of dawn, this place is the epitome of tranquility and proves as the perfect escape for the ones in search of peace. ",Beach
Chidambaram,3.3,5-Apr,https://upload.wikimedia.org/wikipedia/commons/thumb/2/21/Chidambaram_Temple.jpg/960px-Chidambaram_Temple.jpg, Chidambaram is a highly revered temple town located about 58 km from Pondicherry. The town is known for its several ancient shrines and historic buildings. ,Spiritual
The Statue Of Dupleix,3.3,4-Mar,https://upload.wikimedia.org/wikipedia/commons/b/bc/Joseph_Francois_Dupleix.jpg," Commissioned in the year 1870, this 3 meter high statue was established to honour Francois Dupleix, who governed Pondicherry till 1754. This statue situated at the Place du Republique is built over amazing granite columns. ",Other
Aayi Mandapam,3.2,4-Mar,https://upload.wikimedia.org/wikipedia/commons/thumb/1/1e/Puducherry_Park_Monument.JPG/960px-Puducherry_Park_Monument.JPG," Standing sturdy at the centre of the Bharathi Park in Pondicherry, Aayi Mandapam or Park Monument is a pearly white edifice built during the reign of Napolean III, Emperor of France. The monument was built in the honour of the female courtesan Ayi who tore down her own house to build a water reservoir for the city.  ",Heritage
Meeran Mosque,3.3,4-Mar,https://upload.wikimedia.org/wikipedia/commons/thumb/1/1b/20160130_Sri_Lanka_4297_crop_Galle_sRGB_%2825744937786%29.jpg/960px-20160130_Sri_Lanka_4297_crop_Galle_sRGB_%2825744937786%29.jpg," One of the most revered religious spot by Muslims; Meeran Mosque was built about three hundred and fifty years ago. In fact, it serves as the oldest mosque in Pondicherry with a distinct type of architecture. ",Heritage
Cluny Embroidery Centre,4.1,4-Mar,https://upload.wikimedia.org/wikipedia/commons/thumb/2/2d/Dragv%C3%A6rk.jpg/960px-Dragv%C3%A6rk.jpg," Housed in an 18th century heritage bungalow on the Rue Romain Rolland Street, Cluny Embroidery Centre is a wonderful venture started by a local convent to provide employment to underprivileged women. The building was supposedly donated by a French woman to help the poor women in need and is currently run by Catholic nuns.  ",Heritage
Ananda Ranga Pillai Mansion,4.5,3-Feb,https://upload.wikimedia.org/wikipedia/commons/0/08/Ananda_Ranga_Pillai.png," Located on the Ranga Pillai Street, opposite the Grand Bazaar, Ananda Ranga Pillai is one of the most ancient heritage buildings of Pondicherry. Built in 1735, the house was named after the courtier Ananda Ranga Pillai, of the French Governor- Joseph Francois Dupleix.  ",Heritage
Ganesh Garden,3.9,4-Mar,https://upload.wikimedia.org/wikipedia/commons/thumb/7/78/Lalbaugh_Ganesha.jpg/960px-Lalbaugh_Ganesha.jpg," Located on the Ramarajda Street in Pondicherry, Ganesh Garden is a quaint little botanical garden maintained by a French couple. Housed in a residential building, the garden cum nursery has a plethora bushes and shrubberies from medicinal plants to flowering plants. The place has been kept and groomed impressively and is a must visit for gardening enthusiasts. ",Nature
Mahatma Gandhi Statue,3.3,5-Apr,https://upload.wikimedia.org/wikipedia/commons/thumb/3/31/New_Gandhi_statue_Patna_01.JPG/960px-New_Gandhi_statue_Patna_01.JPG," The four-meter high statue of Mahatma Gandhi is surrounded by eight granite pillars, which were supposedly brought from Gingee, a fort some 70 km from Pondicherry. The statue is placed in the middle of a garden situated at Dumas Street and attracts tourists in large number. ",Heritage
Quiet Beach,4.4,3-Feb,https://upload.wikimedia.org/wikipedia/commons/thumb/f/ff/Tybee_Island_Light_Station.JPG/960px-Tybee_Island_Light_Station.JPG," As the name suggests, Quiet Beach in Pondicherry is a calm and serene location that is a hidden gem for most. With clear water, golden sand and big waves, it is perfect for a relaxing day of picnicking, sunbathing, collecting pretty shells, building sandcastles and more. ",Beach
Mahe Beach,4.5,4-Mar,https://upload.wikimedia.org/wikipedia/commons/thumb/e/e8/Seychelles_003.JPG/960px-Seychelles_003.JPG," Located close to Kannur, Mahe Beach in Pondicherry is a quiet and clean beach that also forms Kerala's northern coast. Lined with tall palm trees, the beach is a must-visit during the early hours of the morning to witness the gorgeous sunrise while walking on the white sand along the blue waters. Not only is it ideal for swimming but also for beach sports like volleyball; for those looking to relax, the view of the sunset here is absolutely spectacular. There are restaurants around that serve delicious food and shops that sell souvenirs. ",Beach
Khajuraho,3.5,4-Mar,https://upload.wikimedia.org/wikipedia/commons/thumb/c/c8/Khajuraho_Group_of_Monuments_4.jpg/960px-Khajuraho_Group_of_Monuments_4.jpg," Archaeological Museum is located near the Western Group of Temples in Khajuraho and was originally known as the Jardine Museum. Housing over 2000 items, the museum has relics from the 10th and 12th century temples of Hinduism and Jainism. ",Heritage
Raneh Falls,4.4,3-Feb,https://upload.wikimedia.org/wikipedia/commons/thumb/a/a9/Raneh_Falls.jpg/960px-Raneh_Falls.jpg," Located at a distance of 20 kms from Khajuraho, Raneh Falls are mesmerising natural waterfalls over river Ken. The river has carved a deep canyon in the valley made of crystalline granite in shares of red, pink and grey. There are several small and big waterfalls emerging from this gorge, collectively called as Raneh Falls. ",Hill Station
Beni Sagar Dam,4.0,2-Jan,https://upload.wikimedia.org/wikipedia/commons/2/22/Lal_Bahadur_Shastri_%28from_stamp%29.jpg," Located on the outskirts of Khajuraho city, Beni Sagar Dam has been built over River Khudar and is a masterpiece of magnificence. It also facilitates recreation activities like boasting, fishing, angling etc. and is popular for day picnic and leisure. The damalso offers spectacular views of the sunrise and sunset. ",Nature
Dhubela Museum,4.2,2-Jan,https://upload.wikimedia.org/wikipedia/commons/thumb/3/34/Chhatarsal_Palace.jpg/960px-Chhatarsal_Palace.jpg," Also known as Maharaja Chhatrasal Museum, Dhubela Museum is located in Dhubela, 62 kms from Khajuraho. Boasting of a serene setting on the banks of Dhubela lake and housed in the premises of Maharaja Chhatrasal Palace, the museum displays an extensive collection of sculptures, arms, armoury, miniature paintings etc., spread over 8 galleries. ",Heritage
Jain Museum,3.7,3-Feb,https://upload.wikimedia.org/wikipedia/commons/8/87/Palitana.jpg," Located in the Jain Temples Complex, Jain Museum is a circular building housing huge statues and sculptures of Jain tirthankaras and yakshis. The entrance gate is flanked by the mythical creatures - Makara Torana. ",Heritage
Breezy Beach,3.6,4-Mar,https://upload.wikimedia.org/wikipedia/commons/thumb/4/40/Breezy_Point_shopping_jeh.JPG/960px-Breezy_Point_shopping_jeh.JPG," Breezy Beach lays in the remote and serene neighbourhood of Valmiki Nagar in Chennai. Being smaller and less polluted, its a perfect getaway for anyone looking for a peaceful evening. ",Beach
Arignar Anna Zoological Park,4.2,4-Mar,https://upload.wikimedia.org/wikipedia/commons/thumb/c/c4/Arignar_Anna_Zoological_park_27.jpg/960px-Arignar_Anna_Zoological_park_27.jpg," Arignar Anna Zoological Park aka Vandalur Zoo, is a zoological garden located in Vandalur is spread over an area of 602 hectares, including a rescue and rehabilitation centre. The zoo shelters about 3000 species of flora and fauna across twelve hundred acres including 46 endangered species, in its 160 enclosures. ",Nature
Valluvar Kottam,4.2,2-Jan,https://upload.wikimedia.org/wikipedia/commons/thumb/8/85/Valluvar_Kottam_Edit1.JPG/960px-Valluvar_Kottam_Edit1.JPG," Valluvar Kottam is an auditorium, with a gigantic capacity to hold 4,000 people, built in remembrance of the poet-saint, Tiruvalluvar. Verses of the poet Tiruvalluvar are embellished on the pillars in and around the auditorium. ",Other
Ashta,4.2,3-Feb,https://upload.wikimedia.org/wikipedia/commons/thumb/d/de/Main_entrance_of_Ashtalakshmi_temple_in_Hyderabad_01.jpg/960px-Main_entrance_of_Ashtalakshmi_temple_in_Hyderabad_01.jpg," The Chennai Ashtalakshmi temple is situated in Besant Nagar, on the shores of the Bay of Bengal. That stretch of beach is known as the Elliot's beach. The temple was constructed on the express wishes of Sri Mahaa Periyavaal of Kanchi Mutt, Sri Chandrasekara Saraswati Swamigal. (br) The temple's architecture is unique, with the deities installed in four levels.  ",Beach
Trek The Koli Hills,4.0,5-Apr,https://upload.wikimedia.org/wikipedia/commons/thumb/f/f5/Sinhagad.jpg/960px-Sinhagad.jpg," With an ominous name which means ‘Mountain of Death’, Kolli Hills or Kolli Malai are a mountain range located in the Namakkal district of Tamil Nadu. It is relatively untouched by commercial tourism and therefore has retained most of its natural magnificence.  ",Hill Station
Elliot'S Beach,4.2,3-Feb,https://upload.wikimedia.org/wikipedia/commons/thumb/5/52/Elliots_Beach_at_Besant_Nagar%2C_Chennai.JPG/960px-Elliots_Beach_at_Besant_Nagar%2C_Chennai.JPG," A beach showcasing beauty, calmness, serenity and everything that signifies nature at its best, the Elliot's beach cannot be forgotten by anyone who has visited it once. ",Beach
Vivekananda House,3.2,2-Jan,https://upload.wikimedia.org/wikipedia/commons/thumb/3/39/Vivekanandar_Illam.jpg/960px-Vivekanandar_Illam.jpg," Vivekananda House also popularly known as The Ice House, is a shrine and pilgrimage centre for the admirers and followers of Swami Vivekananda. It is in this house that Swami Vivekananda stayed for six weeks in 1900. ",Spiritual
Akkarai Beach,3.2,4-Mar,https://upload.wikimedia.org/wikipedia/commons/thumb/2/26/Ravikiran_33A.jpg/960px-Ravikiran_33A.jpg," The sandy coastline begins from Ennore in the north extending south into Uthandi, leaving one to choose from more than just Marina and Elliot's beach. ",Beach
Santhome Cathedral Basilica,3.2,2-Jan,https://upload.wikimedia.org/wikipedia/commons/thumb/a/aa/Santhome_Basilica.jpg/960px-Santhome_Basilica.jpg," Santhome Cathedral is a historical and ancient pilgrim centre, which was built during the 14th to the 15th century A D by the then reigning, Portuguese. ",Heritage
Madras War Cemetery,3.3,4-Mar,https://upload.wikimedia.org/wikipedia/commons/thumb/5/58/War_Memorial_Madras.jpg/960px-War_Memorial_Madras.jpg, The Madras War Cemetery houses the last remains of around 855 martyrs who laid down their precious lives at the battlefronts in the devastating Second World War and also a Memorial stone for 1000 more who died fighting in the Great War before that. ,Other
Madras Crocodile Bank Trust,5.0,4-Mar,https://upload.wikimedia.org/wikipedia/commons/e/e4/Madras_crocologo.png," The Madras Crocodile Bank is not to be confused with a zoo. Yes, you can certainly take a look at the reptiles in captivity. But unlike a zoo, this has a much more in-depth operation through ex-situ and in-situ conservation. Right now, it is home to around 17 croc subspecies and some other reptiles like frogs, lizards, snakes and turtles as well. ",Other
Shirdi,5.0,3-Feb,https://upload.wikimedia.org/wikipedia/commons/d/df/Shirdi_Sai_Baba_3.jpg, Shirdi Sai Baba temple in Chennai is among the most visited and respected places of worship In Tamil Nadu as well as India. Sai Baba is recognised as one of those spiritual reformers who does not have ties to any particular god of any religion but is a figure of worship himself. So there are no religious restrictions imposed upon those who visit the temple. ,Spiritual
Prakasam Salai,3.2,2-Jan,https://upload.wikimedia.org/wikipedia/commons/thumb/6/65/Broadway%2C_Chennai.JPG/960px-Broadway%2C_Chennai.JPG," Built in 1795,a milestone in the history of Chennai, located Opposite Parry's Corner, Prakasam Salai is an impressive stylish building in Indo-Saracenic style with eminence in red bricks. ",Other
Thousand Lights Mosque,4.8,3-Feb,https://upload.wikimedia.org/wikipedia/commons/thumb/3/31/Thousand_Lights_Mosque_%286708375421%29.jpg/960px-Thousand_Lights_Mosque_%286708375421%29.jpg," The Thousand Lights Mosque of Royapettah, Chennai is among the most esteemed mosques of the city as well as the state of Tamil Nadu. Built in the early 19th century by the Wallajah family of the Carnatic rulers, it is till date a popular gathering place for the daily prayers and festive occasions like Muharram.  ",Beach
Santhome Church,3.2,4-Mar,https://upload.wikimedia.org/wikipedia/commons/thumb/a/aa/Santhome_Basilica.jpg/960px-Santhome_Basilica.jpg," San Thome Church is among the only three in the world that house the tombs of one of Christ's original disciples. If you visit this church, you will be stepping into a historical tale that will take you back a couple of centuries. The museum inside displays souvenirs of the great saint and his legend. ",Heritage
Mylapore,4.0,5-Apr,https://upload.wikimedia.org/wikipedia/commons/thumb/f/f1/Mylapore_Theppam_Festival.jpg/960px-Mylapore_Theppam_Festival.jpg," Mylapore is one of the oldest and culturally enriched neighbourhoods, located in the southern part of Chennai. It is very much traditionalist to its core and boasts many temples, churches and historical monuments.  ",Heritage
Thiruvanmiyur Beach,4.7,5-Apr,https://upload.wikimedia.org/wikipedia/commons/thumb/2/28/Thiruvanmiyur_Station.JPG/960px-Thiruvanmiyur_Station.JPG," Located in the neighbourhood of Thiruvanmiyur in Chennai, Thiruvanmiyur Beach is one of the isolated and peaceful beaches of the city. Popular for beautiful sunrise and sunset views, the beach is mostly frequented by nature lovers, romantic couples or solitude seekers. ",Beach
Santhome Beach,4.2,4-Mar,https://upload.wikimedia.org/wikipedia/commons/thumb/d/d2/Santhome_Church_side_view.jpg/960px-Santhome_Church_side_view.jpg," The southern part of the Marina Beach is known as the Santhome Beach. With immaculate clean sands, azure blue waters and gorgeous sweeping views of the sea, Santhome Beach is a one among the most visited beaches of the sea. You can also find several eateries and sports activities at the beach.  ",Beach
Pebble Beach,4.5,2-Jan,https://upload.wikimedia.org/wikipedia/commons/thumb/9/90/Lone_Cypress.jpg/960px-Lone_Cypress.jpg," Situated at a distance of 1 km from Thiruvanmiyur in Chennai, Pebble Beach is a comparatively smaller beach. Due to its location, it receives relatively lesser number of visitors. However, the beach offers extremely peaceful and serene and you can visit it to spend some time in solitude. ",Beach
Dera Baba Banda,3.3,3-Feb,https://upload.wikimedia.org/wikipedia/commons/thumb/9/9b/Possible_depiction_of_Banda_Singh_Bahadur_from_an_illustrated_folio_of_%E2%80%98Tawarikh-i_Jahandar_Shah%E2%80%99%2C_Awadh_or_Lucknow%2C_ca.1770.jpg/960px-Possible_depiction_of_Banda_Singh_Bahadur_from_an_illustrated_folio_of_%E2%80%98Tawarikh-i_Jahandar_Shah%E2%80%99%2C_Awadh_or_Lucknow%2C_ca.1770.jpg, Dere Baba Banda is a 300-year old Gurudwara and a major pilgrimage points for Sikhs. It is renowned for housing the ashes of Baba Banda Bahadur who was the commanding soldier of Guru Gobind Singh's army. The Gurudwara also houses his arrow and a huge sword used by him during wars. ,Spiritual
Har Ki Pauri,4.3,5-Apr,https://upload.wikimedia.org/wikipedia/commons/thumb/0/0f/Evening_view_of_Har-ki-Pauri%2C_Haridwar.jpg/600px-Evening_view_of_Har-ki-Pauri%2C_Haridwar.jpg," Regarded as one of the most sacred Ghats in Haridwar and India, Har Ki Pauri is a revered landmark and is visited by devotees and visitors in large numbers seeking the blessings of the Holy Ganga by offering their prayers.  A dip in the river Ganges here is believed to wash away one's sins. ",Spiritual
Shanti Kunj,4.0,5-Apr,https://upload.wikimedia.org/wikipedia/commons/thumb/7/76/Open_Hand_monument%2C_Chandigarh.jpg/960px-Open_Hand_monument%2C_Chandigarh.jpg," Shantikunj is a world-renowned ashram and the headquarter of All World Gayatri Pariwar (AWGP) located in Haridwar. The Shantikunj ashram has Yagya shala, Gayatri Mata Temple, Akhand Deep, Devatma Himalaya Temple, temples of ancient Rishis and an Exhibition of Divine Culture.  ",Spiritual
Sapt Rishi Ashram,3.7,5-Apr,https://upload.wikimedia.org/wikipedia/commons/thumb/0/00/Ganga_aarti_haridwar_01.jpg/960px-Ganga_aarti_haridwar_01.jpg," Famous for having hosted 7 great sages- Kashyapa, Vashishta, Atri, Vishwamitra, Jamadagi, Bharadwaja and Gautam, this ashram is well known for its tranquil atmosphere ideal for meditation. It is also believed that Ganga split herself into seven currents at this spot. ",Spiritual
Ma Anandamayi Ashram,3.5,2-Jan,https://upload.wikimedia.org/wikipedia/commons/8/8d/Sri_Anandamayi_Ma.jpg," Located in Kankhal in Haridwar, Ma Anandamayi Ashram is a spiritual centre and ashram dedicated to Sri Ma Anandamayi who was a prominent Bengali mystic and a spiritual personality. The ashram has a mausoleum or a Samadhi which houses the grave of Ma Anandamayi. The complex houses several buildings meant for meditation, yoga and similar activities. ",Spiritual
Pawan Dham,3.9,4-Mar,https://upload.wikimedia.org/wikipedia/commons/thumb/6/6d/Pawan_Hans_VT-PHA_taking_off.JPG/960px-Pawan_Hans_VT-PHA_taking_off.JPG," Pawan Dham, an ancient temple in Haridwar located at Bhagirathi Nagar, Bhupatwala, is a non-profit organization and a revered site among Hindu pilgrims. The major highlight of the temple is the gorgeous idol of Lord Krishna preaching the Bhagavad Geeta to Arjun. The stunning interiors and divine atmosphere of Pawan Dham attract devotees. ",Spiritual
Pentagon Mall,3.5,5-Apr,https://upload.wikimedia.org/wikipedia/commons/thumb/1/18/2016-01-01_16_22_38_Interior_of_The_Fashion_Centre_at_Pentagon_City_in_Pentagon_City%2C_Arlington_County%2C_Virginia.jpg/960px-2016-01-01_16_22_38_Interior_of_The_Fashion_Centre_at_Pentagon_City_in_Pentagon_City%2C_Arlington_County%2C_Virginia.jpg," The Pentagon Mall in Haridwar, Uttarakhand is located in the SIDCUL compound and is an entertainment and shopping centre that offers a touch of modernity in this holy city. With a number of retail outlets, gaming zones and entertainment options, the mall is a great place to spend some time with friends or family. ",Hill Station
Bhimgoda Tank,4.8,4-Mar,https://upload.wikimedia.org/wikipedia/commons/thumb/1/11/Haridwar_Ganga_6.JPG/960px-Haridwar_Ganga_6.JPG, Bhimgoda Tank is a sacred water tank situated near Birla Ghat in Haridwar. The tank is named after Bhima - one of the five Pandava brothers. The tank is refurbished with the water of the Ganges and is surrounded by well-groomed lush gardens. The locale is also beautified with water fountains and flower beds and hence is a popular tourist spot. ,Nature
Adbhut Mandir,5.0,5-Apr,https://upload.wikimedia.org/wikipedia/commons/thumb/4/4b/Sita_in_exile.jpg/960px-Sita_in_exile.jpg," Located in Haripur Kalan in Haridwar, Adbhut Mandir is a revered Hindu temple dedicated to Lord Shiva and Goddess Parvati. With a backdrop of green hills, blue mountains and the cascading river, the temple offers peace and calm like no other place. It is visited by tourists and devotees alike. ",Hill Station
Swami Vivekanand Park,3.7,4-Mar,https://upload.wikimedia.org/wikipedia/commons/thumb/0/0b/Swami_Vivekananda-1893-09-signed.jpg/600px-Swami_Vivekananda-1893-09-signed.jpg, Swami Vivekanand Park is one of the few amusement parks in Haridwar located near Har ki Pauri. A massive statue of Swami Vivekananda and Lord Shiva are the main highlights which are visible even from a distance. This park is ideal for day picnics and jogging activities. ,Other
Vishnu Ghat,3.7,4-Mar,https://upload.wikimedia.org/wikipedia/commons/thumb/9/95/Manikarnika_Ghat%2C_Varanasi%2C_Uttar_Pradesh%2C_India_%282011%29_5.jpg/960px-Manikarnika_Ghat%2C_Varanasi%2C_Uttar_Pradesh%2C_India_%282011%29_5.jpg," Haridwar is the land of ghats and Vishnu Ghat is among the most serene and tranquil ghats of the city. Situated quite close to Hari ki Pauri, this ghat is comparatively less crowded and is visited mostly by Vaishnavites for the Vishnu Ghat is named after Lord Vishnu. Being one of the cleanest ghats in Haridwar, people often come to this ghat to take a dip in the holy River Ganga and absolve their sins. ",Spiritual
Prem Nagar Ashram,3.9,5-Apr,https://upload.wikimedia.org/wikipedia/commons/thumb/3/3c/MANAV_DHARAM_LOGO.jpg/960px-MANAV_DHARAM_LOGO.jpg," Located at a distance of 3 km from Haridwar, Prem Nagar Ashram is an epitome and a manifestation of serenity that was also a retreat for a lot of saints and sages for a lot of years. It was built in 1943 by Yogiraj Satgurudev Shri Hans Ji Maharaj and was later developed by his wife Jagat Janani Shri Mata Ji and his son Shri Satpal Ji Maharaj. Built on the banks of the river Ganges, the ashram is nothing but beautiful. ",Spiritual
Jai Ram Ashram,3.3,5-Apr,https://upload.wikimedia.org/wikipedia/commons/5/5b/Shri_Neem_Karoli_Baba.png," Situated at Bhimgoda in Haridwar, Jai Ram Ashram was founded by Adi Guru Sri Jai Ram Maharaj in 1891. The ashram has gained fame in the short term owing to the services it provides. The well-maintained gardens with colourful fountains and blooming flowers add to the beauty of the ashram.  ",Spiritual
Birla Ghat,4.6,5-Apr,https://upload.wikimedia.org/wikipedia/commons/thumb/8/8e/Tulsi_Ghat.jpg/960px-Tulsi_Ghat.jpg," One of the ancient ghats in Haridwar, the Birla Ghat is a pristine and tranquil site, situated adjacent to Vishnu Ghat. Situated on the banks of the pious River Ganga, there is a flight of stairs that lead towards the holy water, enabling the devotees to take a dip and absolve their sins, as is believed by many. Security barriers are installed near the flight of stairs to prevent people from drowning while bathing in the Ganga River's strong water current. ",Spiritual
Gau Ghat,4.4,5-Apr,https://upload.wikimedia.org/wikipedia/commons/thumb/c/c3/Evening_lights_by_the_Pushkar_Lake%2C_Pushkar.jpg/960px-Evening_lights_by_the_Pushkar_Lake%2C_Pushkar.jpg," Gau Ghat is located on the southern part of Subhash Ghat and is relatively less crowded. The ashes of Mahatma Gandhi, Indira Gandhi and Jawaharlal Nehru were cremated at this ghat. It is a common belief among Hindus that killing a cow is a sin equal to killing a Brahman. Devotees visit Gau Ghat to cleanse themselves of the sin of killing a cow, hence the name. ",Other
Neel Dhara Pakshi Vihar,3.5,4-Mar,https://upload.wikimedia.org/wikipedia/commons/thumb/0/00/Ganga_aarti_haridwar_01.jpg/960px-Ganga_aarti_haridwar_01.jpg," Neel Dhara Pakshi Vihar is situated at Bhimgoda Barrage in Haridwar and has a rich flora and fauna. A popular tourist spot, the site offers rare bird watching opportunities and a panoramic view of the Shivaliks in the backdrop. The place is famous for its unrealistically beautiful locales and is a must visit if you are in the area. ",Other
Kumbh Mela,4.5,3-Feb,https://upload.wikimedia.org/wikipedia/commons/thumb/6/60/Laser_show%2C_Mahakumbh_2025_-_Prayagraj.jpg/960px-Laser_show%2C_Mahakumbh_2025_-_Prayagraj.jpg," Haridwar in Uttarakhand is an important pilgrimage town for the Hindus. The place is a perfect escape from the cacophony of urban life and a beautiful amalgamation of old and new, replete with beauty, culture, history and spirituality. Haridwar is known as the ‘Abode of God’ because of its serenity and scenic beauty by the River Ganga. The most famous fair in the world - Kumbh Mela is celebrated here once in twelve years. It’s a sight that should never be missed.  ",Hill Station
Beach,4.3,5-Apr,https://upload.wikimedia.org/wikipedia/commons/thumb/f/ff/Muttom_Fishing_Village.JPG/960px-Muttom_Fishing_Village.JPG," Located in the southernmost part of India, Kanyakumari beach with its beautiful hue-changing beaches, the confluence of three water bodies: Bay of Bengal, Indian Ocean, and the Arabian Sea. Miraculously, here you can see that the water of three seas does not mix, you can distinguish between the turquoise blue, deep blue, and sea green waters of the three seas, though the colors keep changing with the season and the day's weather. ",Beach
Vivekananda Rock Memorial,4.5,3-Feb,https://upload.wikimedia.org/wikipedia/commons/thumb/b/b6/RockMemorial.jpg/960px-RockMemorial.jpg," Vivekananda Rock Memorial is a well-known tourist monument placed in Vavathurai, Kanyakumari, India. The memorial stands on one of the two rocks, about 500 metres away from India's southern most tip. It was constructed in honour of Swami Vivekananda who is said to have attained enlightenment on this rock.  ",Heritage
Thiruvalluvar Statue,4.3,3-Feb,https://upload.wikimedia.org/wikipedia/commons/thumb/d/d7/Thiruvalluvar_Statue_at_Kanyakumari_02.jpg/960px-Thiruvalluvar_Statue_at_Kanyakumari_02.jpg," Dedicated to the accomplished philosopher and poet Thiruvalluvar, this beautiful statue finds itself on a small island near Kanyakumari. Thiruvalluvar was the author of a legendary work in the world of Literature, Tirukkural, the classic Tamil text. In his devotion, the work for the statue started in 1990 and continued till 1999, during the year in which the figure finally got completed.  ",Island
Padmanabhapuram Palace,4.3,4-Mar,https://upload.wikimedia.org/wikipedia/commons/thumb/e/e3/Padmanabhapuram_main_entrance.jpg/960px-Padmanabhapuram_main_entrance.jpg, Padmanabhapuram Palace is one of the most exquisite palaces of India that symbolize the rich and diverse cultural heritage of India that has been around for many centuries aptly. ,Heritage
Courtallam Falls,3.3,5-Apr,https://upload.wikimedia.org/wikipedia/commons/thumb/f/f5/Courtallam.jpg/960px-Courtallam.jpg," Set in the midst of a Panchayat town in the Tirunelveli district of Tamil Nadu, the Courtallam falls are renowned in the state for its enormity as well as ferocity. At an elevation of 160 metres (520 feet), the cascade towers above its green surroundings and magnificent hillside. ",Hill Station
Chitharal Jain Monuments,3.3,3-Feb,https://upload.wikimedia.org/wikipedia/commons/thumb/f/f5/Chitharal_jain_temple1_%28cropped%29.jpg/960px-Chitharal_jain_temple1_%28cropped%29.jpg, Chitharal Jain monuments and temples are an effigy to the diversity of the culture and the religions existing in harmony in India. Sitharal Jain Monuments are one of these culturally rich monuments. ,Heritage
Gandhi Mandapam,3.3,4-Mar,https://upload.wikimedia.org/wikipedia/commons/thumb/3/3e/Gandhi_Mandapam%2C_Chennai.jpg/960px-Gandhi_Mandapam%2C_Chennai.jpg, Gandhi Mandapam is built near the famous Anna University. Gandhi Mandapam is one of the greatest monuments that you can look at when you go to India. The Gandhi Mandapam was erected to honor the world famous Indian leader Mahatma Gandhi. ,Heritage
Mathur Aqueduct,3.3,3-Feb,https://upload.wikimedia.org/wikipedia/commons/thumb/c/cf/Mathur_aqueduct.jpg/960px-Mathur_aqueduct.jpg," Also known as the Mathoor Hanging Trough, the Mathoor Aqueduct is amongst the longest and tallest trough bridges that can be found all across the continent. This trough bridge gets its name from Mathoor, which is a small village located near the aqueduct.  ",Urban
Sothavilai Beach,3.4,4-Mar,https://upload.wikimedia.org/wikipedia/commons/thumb/c/c9/Chothavilai_Beach.JPG/960px-Chothavilai_Beach.JPG," The Sothavilai Beach is one of the most famous beaches that can be found in the entire district of Kanyakumari. The beach stretches to over 4 kilometres, which makes it one of the longest natural beaches in the entire state, and the views that this attraction offers cannot be put into words.  ",Beach
Shaniwar Wada,4.3,5-Apr,https://upload.wikimedia.org/wikipedia/commons/thumb/d/d1/Shaniwar_wada_%28pune%29.jpg/960px-Shaniwar_wada_%28pune%29.jpg," Standing tall in its full glory, Shaniwar Wada was once a stately mansion. Built as a dwelling for Peshwas, its foundation was laid by Bajirao I in year 1730 AD. Today it gives a chance to peak into its great past.  ",Other
Aga Khan Palace,4.4,5-Apr,https://upload.wikimedia.org/wikipedia/commons/thumb/c/cd/Pune_Palace.jpg/960px-Pune_Palace.jpg," Aga Khan Palace is well known both for its architectural excellence as well as its historical significance. Spread over a vast land of 19 acres, the palace is now the headquarters of the Gandhi National memorial society. Here, making khadi is still one of the prime activities. ",Heritage
Katraj Snake Park,4.2,4-Mar,https://upload.wikimedia.org/wikipedia/commons/thumb/7/7a/Rajiv_Gandhi_zoo_entrance.png/960px-Rajiv_Gandhi_zoo_entrance.png, It has a temple and many rare species of snakes. A brown Palm Civet & a King Cobra are its main attractions. One can also chance upon birds & turtles in the area ,Spiritual
Mulshi Lake And Dam,3.5,5-Apr,https://upload.wikimedia.org/wikipedia/commons/thumb/f/f1/Khadakwasla_Dam_image.JPG/960px-Khadakwasla_Dam_image.JPG," Mulshi lake is formed in the catchment area of Mulshi dam. Known for its scenic beauty due to Sahyadri ranges, Koraigadh and Dhangad fort, it is a perfect gateway for nature lovers. ",Heritage
Lal Mahal,4.3,5-Apr,https://upload.wikimedia.org/wikipedia/commons/thumb/3/32/Lal_Mahal_Shiw_Chitr_Shrushti.JPG/960px-Lal_Mahal_Shiw_Chitr_Shrushti.JPG," Lal Mahal located near Shaniwar Wada in Pune is a historic landmark of the 16th century. From being a childhood home for Chhatrapati Shivaji to taking Shaistekhan head-on, this red coloured structure is an architectural marvel. ",Other
Rajgad Trek,3.5,4-Mar,https://upload.wikimedia.org/wikipedia/commons/thumb/4/49/Suvela_machi%2CRajgad_fort%2C_Maharashtra%2CIndia_July2015.jpg/960px-Suvela_machi%2CRajgad_fort%2C_Maharashtra%2CIndia_July2015.jpg, Rajgad trek is a moderate level trek that begins at the Gunjavane Village in Pune District and ends at the Rajgad Fort. It is a favourite trekking trail among intermediate level trekkers who are looking for a great location to satisfy their urge for the thrill.  ,Adventure
Rajiv Gandhi Zoological Park,4.5,5-Apr,https://upload.wikimedia.org/wikipedia/commons/thumb/7/7a/Rajiv_Gandhi_zoo_entrance.png/960px-Rajiv_Gandhi_zoo_entrance.png, Rajiv Gandhi Zoological Park is a famous tourist attraction in Pune. The zoo expands over an area of 130 acres and is a preferred attraction for picnics and outings.  ,Other
Mahatma Phule Museum,3.2,3-Feb,https://upload.wikimedia.org/wikipedia/commons/thumb/4/4f/Mahatma_Phule_Museum.jpg/960px-Mahatma_Phule_Museum.jpg," Mahatma Phule Museum was originally the residence of the Maratha social activist and a prominent promoter of women’s rights- Mahatma Jyotiba Phule. However, in 1890, the residence was transformed into a museum. The highlight is the taxidermy of animals including elephants, sea fish etc. ",Beach
Shinde'S Chatri,3.3,2-Jan,https://upload.wikimedia.org/wikipedia/commons/thumb/9/95/Mahadji_Shinde_Chattri.jpg/960px-Mahadji_Shinde_Chattri.jpg," Built in the memory of the Maratha nobel, Shri Mahadju Shinde, the Chatri is situated in Wanowri near Pune. ",Other
Rasalgad,3.5,5-Apr,https://upload.wikimedia.org/wikipedia/commons/thumb/6/68/Rasalgad1.jpg/960px-Rasalgad1.jpg, Rasalgad is a fort that will reintroduce to the lost charms and intrigues of an era long forgotten. ,Heritage
Baner Pashan Biodiversity Park,3.2,3-Feb,https://upload.wikimedia.org/wikipedia/commons/thumb/6/6d/Pashan_skyline.jpg/960px-Pashan_skyline.jpg, Baner Pashan Biodiversity Park is the 200 hectare park built to protect the biodiversity around two suburbs of Pune- Baner and Pashan. The park also spreads to the gorgeous looking Baner hill and is a top tourist spot of the city.  ,Hill Station
Panshet Dam,3.3,5-Apr,https://upload.wikimedia.org/wikipedia/commons/thumb/c/cd/Panshet_Dam.JPG/960px-Panshet_Dam.JPG," Panshet Dam is one of the most popular and picturesque getaway from Pune. Also known as Tanajisagar Dam, it is built on the Ambi River. Enveloped in lush greenery and dotted by enchanting waterfalls, it offers a variety of fun activities and water adventure sports. ",Adventure
Saras Baug,3.8,3-Feb,https://upload.wikimedia.org/wikipedia/commons/thumb/d/dd/Saras_Bagh%2CPune%2CIndia.JPG/960px-Saras_Bagh%2CPune%2CIndia.JPG," Saras Baug is considered to be one of the most pretty parks in the city of Pune. The charming garden was build atop the ground of a dried up lake. Boasting of blooming flowers and lush greenery all around, the park also has a tiny pond full of lotus flowers. ",Nature
Empress Garden,3.9,2-Jan,https://upload.wikimedia.org/wikipedia/commons/thumb/5/51/Jos%C3%A9phine_de_Beauharnais_vers_1809_Gros.jpg/960px-Jos%C3%A9phine_de_Beauharnais_vers_1809_Gros.jpg," The Empress Botanical Garden is named after Queen Victoria back when she held the sceptre. Once a favourite among the British officials and thus also named Soldier's Garden, the place is now a sprawling greenery of 39 acres with hundreds of rare species in trees and flowers.  ",Nature
Taljai Hills,4.1,2-Jan,https://upload.wikimedia.org/wikipedia/commons/thumb/d/dc/Taljai.JPG/960px-Taljai.JPG," Located in the heart of the city of Pune, Taljai Hills or Taljai Tekadi is one of the most popular trekking and picnic spots that attracts a lot of locals as well as tourist influx. The spot is basically a hilltop that has been named after the temple that is situated at the entrance of the forest leading to the hill. It is presided over by the local deity Taljai. The place is especially popular among avid bird watchers as you can find a lot of peacocks, and other migratory birds. Taljai Hills look extra ravishing and lively during the monsoons when a lot of people come here to visit. ",Hill Station
Purandar ,3.5,4-Mar,https://upload.wikimedia.org/wikipedia/commons/thumb/d/d5/Purandar_Fort_-_AB.jpg/960px-Purandar_Fort_-_AB.jpg, Purandar is a fort in the Pune district of Maharashtra. Purandar and Vajragad are twin forts. Purandar is the larger of the two and is situated at a  height of 4472 feet from the sea level. The top of the fort presents a very scenic view of its twin fort Vajragad.  ,Beach
Hadsar ,3.5,4-Mar,https://upload.wikimedia.org/wikipedia/commons/thumb/6/6a/Manimaheshlake.jpg/960px-Manimaheshlake.jpg, Hadsar is a hill fort in the state of Maharashtra. It is situated at an elevation of 3200 feet from the ground in the district of Pune. Within the fort there are massive tunnel like entrances built in the Mughal style. ,Hill Station
Korigad ,3.5,4-Mar,https://upload.wikimedia.org/wikipedia/commons/thumb/b/b8/Korigad_from_Lonavla.JPG/960px-Korigad_from_Lonavla.JPG," Located approximately 20km to the south of Lonavla near the city of Pune, Korigad is one of the hill forts famous among trekkers in Pune. It is estimated that the fort was built in the early 1500s. In fact, the city's first planned township- Aamby Valley is located on the eastern and southern foothills of Korigad.  The fort is so named as it is dedicated to Goddess Koraidevi, whose temple is situated at the peak of the fort. ",Hill Station
Bhigwan,4.8,4-Mar,https://upload.wikimedia.org/wikipedia/commons/thumb/7/7b/Phoenicopterus_roseus_-Bhigwan%2C_Maharashtra%2C_India_-four-8.jpg/600px-Phoenicopterus_roseus_-Bhigwan%2C_Maharashtra%2C_India_-four-8.jpg," Also known as “Bharatpur of Maharashtra”, Bhigwan is located near Pune. It is a perfect weekend getaway for bird and animal lovers. This place will let you relax and enjoy some peaceful time away from the hustle bustle of the city. Bhigwan has three wildlife sanctuaries and you will be able to spot a myriad variety of flora and fauna. The beauty of this place is simply mesmerizing. ",Wildlife
Dehu,3.7,2-Jan,https://upload.wikimedia.org/wikipedia/commons/thumb/5/5b/Gatha_temple.JPG/960px-Gatha_temple.JPG," Dehu Gatha temple is one of the largest temples and is located near Pune. At the entrance of the temple lies the statue of Sant Tukaram Maharaj. What attracts people the most are the carvings of all Gathas ie legends/storis of Sant Tukaram on the walls of the temple which are very easy to read. It is said that one must read at least 3 Gathas on visiting the temple. The temple is located on Indrayani River's bank. Also, there is a place on the river where these Gathas floats which should not be missed out. ",Spiritual
Rohida ,3.5,2-Jan,https://upload.wikimedia.org/wikipedia/commons/thumb/e/e1/Rohida_Fort.jpg/600px-Rohida_Fort.jpg," Rohida, or Vichitragad as it is also known, is a Fort nearest to Pune, a destination which is a must on every trekker's to-do list. The windy, beautiful and spectacular fort is located in the Western Ghats near Bhor Village around 61km away from the city of Pune. The fort was built during the Yadava rule and was one of the 23 forts handed over by Marathas to the Mughals in the Treaty of Purandar. The base village of the trek is Bajarwadi, around 7km away from Bhor. Stay and food arrangements can be found at Bajarwadi and Khanapur villages. You can also stay at the top of the fort at Rohidmalla. ",Adventure
Peshwa Udyan,4.8,4-Mar,https://upload.wikimedia.org/wikipedia/commons/e/e8/Bajirao_I_painting.jpg," Maintained by Pune Municipal Corporation, Peshwa Udyan is a zoological park in the city which boasts of lush greenery, umpteen trees, variety of shrubs and herbs. Besides, it also facilitates boasting and has a mini toy-train for kids. ",Other
Kerala Kathakali Centre,3.2,5-Apr,https://upload.wikimedia.org/wikipedia/commons/thumb/2/2c/Kathakali_-Play_with_Kaurava.jpg/960px-Kathakali_-Play_with_Kaurava.jpg, This centre at Fort Cochin has seen many a dance performances! The amount of effort put in by the dancers is commendable. ,Heritage
Mattancherry Palace,4.6,5-Apr,https://upload.wikimedia.org/wikipedia/commons/thumb/1/12/Mattancherry_Palace_DSC_0899.JPG/960px-Mattancherry_Palace_DSC_0899.JPG, The Mattancherry Palace is a Portuguese palace popularly known as the Dutch Palace. It is now a museum displaying paraphernalia belonging to the rajas of Kochi. The four separate wings of the Mattancherry Palace surround a central courtyard which has a temple as well.  ,Heritage
Cherai Beach,3.7,2-Jan,https://upload.wikimedia.org/wikipedia/commons/thumb/1/13/Sunrise_at_Cherai_Beach.jpg/960px-Sunrise_at_Cherai_Beach.jpg," Located on the north end of the Vypeen Island, the Cherai Beach offers a beautiful sunset point. The beach is also popular for its golden sand, palm trees and wide expanse of blue water. ",Beach
Jewish Synagogue,3.6,2-Jan,https://upload.wikimedia.org/wikipedia/commons/thumb/c/c7/Eldridge_Street_Synagogue_%2842773%29.jpg/960px-Eldridge_Street_Synagogue_%2842773%29.jpg," Amongst the 7 synagogues located in his area, this Jewish synagogue is the only one which is in operation today. It was built in 1568 and is also called the Cochin Jewish Synagogue or Mattencherry Synagogue. Cameras and handbags are not allowed inside. ",Other
Bolgatty Palace,4.2,2-Jan,https://upload.wikimedia.org/wikipedia/commons/thumb/9/97/Bolgatty_Palace_Hotel_by_Augustus.jpg/960px-Bolgatty_Palace_Hotel_by_Augustus.jpg," One of the oldest Dutch Palaces outside Holland, the Bolgatty Palace is situated on the Bolgatty Island. It was built in the year 1744 and was the official residence of the then Governor of Kochi. ",Heritage
Hill Palace,3.7,2-Jan,https://upload.wikimedia.org/wikipedia/commons/thumb/3/32/Hill_Palace_Cochin_%2824176740822%29.jpg/960px-Hill_Palace_Cochin_%2824176740822%29.jpg," Located near Tripunithura, this is the largest archaeological museum in Kerala. It was built in the year 1865 and today houses an archaeological museum, heritage museum, a deer park, a pre-historic park and a children's park. ",Beach
Santa Cruz Basilica,4.3,2-Jan,https://upload.wikimedia.org/wikipedia/commons/thumb/b/bf/Kathedralbasilika_Santa_Cruz_2018-04-04a.jpg/960px-Kathedralbasilika_Santa_Cruz_2018-04-04a.jpg," Constructed in the year 1505, this Catholic Church located in Fort Kochi is famous for its Gothic style of architecture and Portuguese interiors. ",Heritage
Willingdon Island,4.2,4-Mar,https://upload.wikimedia.org/wikipedia/commons/thumb/3/38/Cochin_Port_Trust.jpg/960px-Cochin_Port_Trust.jpg," The Willingdon Island is one of the largest human-made islands in India which is named after Lord Willingdon, the British Viceroy of India. This beautiful island provides various links between Kochi port and other national and international ports ",Island
Kashi,3.3,4-Mar,https://upload.wikimedia.org/wikipedia/commons/thumb/c/cd/Abul_Kalam_Azad.JPG/960px-Abul_Kalam_Azad.JPG," Kashi Art Cafe is one of the most beautiful cafe in Kochi catering to foodies and art lovers alike. Popular for its very delicious breakfast, the place also runs a side art gallery exhibiting works of a single artist for a single month. Very famous among the foreign tourists, the place boasts of perfect non-vegetarian food and perfect vibes. Visiting here is one of the topmost things to do in Kochi. ",Food
Antique Museum,3.1,5-Apr,https://upload.wikimedia.org/wikipedia/commons/thumb/7/7b/Fachada_principal_del_Museo_Arquol%C3%B3gico_Provincial_de_Alicante.jpg/960px-Fachada_principal_del_Museo_Arquol%C3%B3gico_Provincial_de_Alicante.jpg," A branch of the Fine Art Emporium of Kochi, the Antique Museum Kochi is situated in Mattancherry’s Jew Town. It is maintained by the government and is ideal for people who are interested in antiques as the museum is home to over 1,000 valuable items that date back centuries. ",Heritage
Veeranpuzha Lake And,4.2,2-Jan,https://upload.wikimedia.org/wikipedia/commons/thumb/e/ee/House_Boat_DSW.jpg/960px-House_Boat_DSW.jpg," Veeranpuzha is a beautiful lake in Kochi along with a series of brackish lagoons and lakes lying parallel to the Malabar coast, which form beautiful backwaters. ",Beach
Subhash Park,4.6,4-Mar,https://upload.wikimedia.org/wikipedia/commons/1/1b/Subhash_Ghai_at_IFFI_2024.jpg," Popularly known as Subhash Park, the Subhash Chandra Bose Park is situated along Marine Drive in Kochi, Kerala. The park, which overlooks the serene backwaters of Vembanad Lake and Kochi Harbour on one side and a bunch of trees on the other, is an excellent place for people to come and relax. ",Beach
Mangalavanam Bird Sanctuary,3.2,2-Jan,https://upload.wikimedia.org/wikipedia/commons/thumb/c/c9/Mangalavanam.JPG/960px-Mangalavanam.JPG," Located in Kochi city-centre, this bird sanctuary is home to a shallow lake surrounded by thick mangrove vegetation that draws a variety of migratory and resident birds every year. ",Wildlife
Pierce Leslie Bungalow,3.2,4-Mar,https://upload.wikimedia.org/wikipedia/commons/thumb/4/4e/LEE_AVENUE_HISTORIC_DISTRICT%3B_LEE_COUNTY.jpg/960px-LEE_AVENUE_HISTORIC_DISTRICT%3B_LEE_COUNTY.jpg, Pierce Leslie Bungalow is a colonial mansion established as offices of Pierce Leslie and Co. Established in the year 1862; the coffee merchants drew inspiration from Portuguese and Dutch architecture. ,Heritage
Veeranpuzha Beach,3.4,3-Feb,https://upload.wikimedia.org/wikipedia/commons/1/18/Veeranpuzha_buildings.jpg," Veeranpuzha Beach is one of the popular beaches in Kochi. With beautiful blue waters and golden sandy shores, the beach is lined with green vegetation. The proximity of fishing villages from the beach ensures the activity of fisherfolks at work all day long at the shores. You can visit Veeranpuzha to watch the fishermen at work, or to have a glimpse of the laid back rural vibe, or to witness the beautiful sunset and sunrise, or just to soak in the natural environment. ",Beach
Andhakaranazhi Beach,4.6,4-Mar,https://upload.wikimedia.org/wikipedia/commons/thumb/d/d7/Andhakaranazhy_%280%29.jpg/960px-Andhakaranazhy_%280%29.jpg," Located at a distance of 30 kms from Kochi, Andhakaranazhi Beach is an extension of the tiny village of Andhakaranazhi. The virgin beach is still noncommercialized and unexploited from tourism and a well-kept secret of the city. Also its distance from the city makes it a perfect serene spot from the pell-mell of the city. You can find fishermen at work and their huge nets strewn all over the shores. Visit this to experience nature in its raw form with immaculate sands, clean waters and beautiful coastline. ",Beach
Puthenthode Beach,4.0,3-Feb,https://upload.wikimedia.org/wikipedia/commons/thumb/4/43/Ockhi_2017-12-02_Suomi_NPP.jpg/960px-Ockhi_2017-12-02_Suomi_NPP.jpg," Located at a distance of 12 kms from Kochi in Chellanam, Puthenthode Beach is a relatively newly made beach. Slightly smaller in area than the other beaches with only half a km in length, it is popular for its peaceful vibe and calm environs.  ",Beach
Munambam Beach,4.3,3-Feb,https://upload.wikimedia.org/wikipedia/commons/thumb/5/50/Munambam.jpeg/960px-Munambam.jpeg," Also known as Muziris Beach, Munambam Beach is situated 4 kms north of Cherai Beach. Covered in Chinese fishing nets of the village fisherfolks, the beach boasts of calm sands merging into the indigo waters of the Arabian Sea. The beach also has an adjacent playground for the kids. ",Beach
Indo Portuguese Museum,4.5,3-Feb,https://upload.wikimedia.org/wikipedia/en/thumb/c/c9/Indo_Portuguese_Museum.jpg/960px-Indo_Portuguese_Museum.jpg," The Indo- Portuguese museums in Kochi is an attractive site to view old artefacts, architectural relics and antique pieces of the bygone era. It echoes the colonial past of Kerala and helps acquaint people with the things of social, cultural and political importance. The museum is thus, one of the favourite spots of tourists who visit this place. ",Beach
Paniyeli Poru,4.7,4-Mar,https://upload.wikimedia.org/wikipedia/commons/thumb/6/63/Paniyeli_Poru_-_%E0%B4%AA%E0%B4%BE%E0%B4%A3%E0%B4%BF%E0%B4%AF%E0%B5%87%E0%B4%B2%E0%B4%BF_%E0%B4%AA%E0%B5%8B%E0%B4%B0%E0%B5%8D_04.jpg/960px-Paniyeli_Poru_-_%E0%B4%AA%E0%B4%BE%E0%B4%A3%E0%B4%BF%E0%B4%AF%E0%B5%87%E0%B4%B2%E0%B4%BF_%E0%B4%AA%E0%B5%8B%E0%B4%B0%E0%B5%8D_04.jpg," Located in the Ernakulam region of Kerala, Paniyeli Poru is a distraction in the flow of the Periyar River due to rock formations. The bottleneck pressure results in a small waterfall like formation that has been developed into a tourist spot. ",Beach
Panangad,3.2,2-Jan,https://upload.wikimedia.org/wikipedia/commons/thumb/0/00/Panangad_%284001780114%29.jpg/960px-Panangad_%284001780114%29.jpg, Panangad is a small suburban village in Kochi Kerala that is only 7.5 km from Vytilla Junction. The suburban hamlet lies on the outskirts of the city and is home to a lot of fisher folk. The village is mostly known for KUFOS- KKerala University of Fisheries and Ocean Studies which is the first Fisheries University in India that is headquartered here. ,Beach
Sabarmati Riverfront,4.2,2-Jan,https://upload.wikimedia.org/wikipedia/commons/thumb/d/d0/Sabarmati_1_Madhur.jpg/960px-Sabarmati_1_Madhur.jpg," Sabarmati Riverfront is a waterfront developed on the banks of river Sabarmati in Ahmedabad. Started with an objective for sustainable development and environmental improvement, the pace has now become a major tourist attraction owing to its lush green promenades, beautiful parks and plazas and an all-around soothing ambience. ",Nature
Statue Of Unity,3.0,4-Mar,https://upload.wikimedia.org/wikipedia/commons/thumb/0/07/Statue_of_Unity.jpg/960px-Statue_of_Unity.jpg," Statue of Unity is a memorial to The Iron Man of India, Sardar Vallabhbhai Patel. The Bronze statue stands 182 metres tall and is the 'Tallest statue in the World'. The statue of Unity is located in Gujrat, by the banks of River Narmada on the River Island of Sadhu Bet overlooking the Narmada Dam (Sardar Sarovar Dam) from 3.2 km away. ",Island
Rani Ki Vav,4.6,4-Mar,https://upload.wikimedia.org/wikipedia/commons/thumb/a/a5/Rani_ki_vav_02.jpg/960px-Rani_ki_vav_02.jpg," Rani Ki Vav or 'Queen's Stepwell' is a distinctive form of water storage system located in the small town of Gujarat called Patan, on the banks of River Saraswati. The 900-year-old structure listed as a UNESCO World Heritage Site is displayed prominently in the new ₹ 100 currency note issued by the Reserve Bank of India. ",Heritage
Adalaj Step Well,3.0,4-Mar,https://upload.wikimedia.org/wikipedia/commons/thumb/e/e8/Adalaj_ki_Vav_Gujarat_240A1370_72.jpg/960px-Adalaj_ki_Vav_Gujarat_240A1370_72.jpg," Adalaj Stepwell is a magnificent structure built brilliantly to curb water crisis in and around Adalaj Village. The stepwell is located at a distance of 3 to 4 kilometres to the south-west of Gandhinagar, the capital city of Gujarat. The Adalaj Stepwell was built in 1498 and is one of the many step wells built in India to provide access to groundwater. The entire architecture is an excellent illustration of the intelligence of the engineers and architects India had even at that time. Walk in, and you will witness a sudden yet soothing drop in temperature. Breathe in the tranquillity, absorb the beauty of the intricate carvings, make a silent wish and rest for a while before you proceed with your plan for the day. ",Heritage
Modhera,4.0,2-Jan,https://upload.wikimedia.org/wikipedia/commons/thumb/7/73/Surya_mandhir.jpg/960px-Surya_mandhir.jpg," The Sun Temple in Modhera is a Hindu tempe built by the Chalukya dynasty. Built on the banks of river Pushpavati, the temple is dedicated to the solar deity Surya. It is now a historical site and no worshipped is performed at the temple. It is currently maintained by Archaeological Survey of India. ",Heritage
Hathisingh,3.5,4-Mar,https://upload.wikimedia.org/wikipedia/commons/thumb/9/99/Sheth_Hutheesinh_Temple.jpg/960px-Sheth_Hutheesinh_Temple.jpg," Dedicated to the 15th Tirthankara of Jains, Dharmanath, this two-storied white marble structure provides a delightful experience and the tiled courtyard is another unique aspect of the temple. ",Spiritual
Night Market,3.2,3-Feb,https://upload.wikimedia.org/wikipedia/commons/thumb/9/9a/Waves_of_paratroops_land_in_Holland.jpg/960px-Waves_of_paratroops_land_in_Holland.jpg, One of the most famous gardens of Ahmedabad the Law Garden becomes a favorite place for shopaholics with vendors and shopkeepers bustling on the scene. ,Nature
Sidi Saiyyed Mosque,4.2,2-Jan,https://upload.wikimedia.org/wikipedia/commons/thumb/3/31/Sidi_Saiyyed_Mosque%2C_Ahmedabad.jpg/960px-Sidi_Saiyyed_Mosque%2C_Ahmedabad.jpg," Built by Sidi Saeed or Sidi Saiyyed in 1573, as the name suggests, the Sidi Saiyyed Mosque, is one of the most famous mosques of Ahmedabad. The mosque is said to be built in the last year of the existence of the Sultanate of Gujarat. The intricately carved lattice stone window, in front of the mosque is known as the Sidi Saiyyed Jali, the unofficial symbol of city of Ahmedabad.  ",Other
Sardar Vallabhai Patel,3.4,3-Feb,https://upload.wikimedia.org/wikipedia/commons/thumb/e/e9/Sardar_Vallabhai_Patel_Police_Museum.jpg/960px-Sardar_Vallabhai_Patel_Police_Museum.jpg," Situated in the premises of Moti Shahi Mahal at Shahibaug in Ahmedabad, Sardar Vallabhai Patel National Museum is a museum and a memorial dedicated to the 1st Deputy Prime Minister of India - Sardar Vallabhai Patel. The museum has exhibitions in English, Hindi and Gujarati. ",Heritage
Jhulta Minar,3.7,4-Mar,https://upload.wikimedia.org/wikipedia/commons/thumb/2/2b/Shaking_Minarets.jpg/600px-Shaking_Minarets.jpg," Located in Ahmedabad, Jhuta Minar is one of the most intriguing architectural wonders that the world has ever seen. They are still an unsolvable mystery. What makes the minarets unique is if one of the minarets is shaken then the other minaret shakes within a few seconds, while the connecting passage doesn't transmit any movements or vibrations. Many architects and historians have tried to understand the physics and logic behind the unrelated movements of the minarets. It is these movements that have led to its name, Jhulta Minar which translates to swinging minaret. ",Other
Alpha One Mall,3.6,2-Jan,https://upload.wikimedia.org/wikipedia/commons/thumb/5/54/Aerial_View_of_Mall_of_Amritsar.jpg/960px-Aerial_View_of_Mall_of_Amritsar.jpg," One of the largest multiplexes in Ahmedabad, Alpha One mall houses three anchor stores, a food-court and a movie hall. ",Urban
Lal Darwaza,3.2,5-Apr,https://upload.wikimedia.org/wikipedia/commons/thumb/e/e5/1lal_darwaza_bonala_pandaga_Hyderabad.jpg/600px-1lal_darwaza_bonala_pandaga_Hyderabad.jpg," With lots of hawkers selling various items from clothes to electronics items, Lal Darwaza is crowded yet one of the most famous markets of Ahmedabad. ",Other
Law Garden,3.7,3-Feb,https://upload.wikimedia.org/wikipedia/commons/thumb/4/44/Law_Garden%2C_Ahmedabad_-_India_%284050720558%29.jpg/960px-Law_Garden%2C_Ahmedabad_-_India_%284050720558%29.jpg," Law Garden in Ahmedabad is one of the most popular parks which is also a usual venue of cultural activities like Music concerts, dance festivals and the like. ",Cultural
Gujarat Science City,3.1,5-Apr,https://upload.wikimedia.org/wikipedia/commons/thumb/5/5f/Gujarat_science_city5.jpg/960px-Gujarat_science_city5.jpg," Located on the Science City Road in Ahmedabad, Gujarat Science City is a remarkable initiative taken up by the Government of Gujarat to spread general awareness and a scientific temperament especially among the youth of the country. Spread over 107 hectares of land, the centre also holds frequent talk shows and workshops for students and science enthusiasts. ",Other
Shree Camp Hanuman Mandir,3.4,2-Jan,https://upload.wikimedia.org/wikipedia/commons/thumb/1/1f/Camp_Hanuman_Ji.jpg/600px-Camp_Hanuman_Ji.jpg," Situated in Shahibaug in Ahmedabad, Shree Camp Hanuman Mandir is one of the largest Hanuman temples in India. Believed to have been established by Pandit Gajanan Prasad at least a 100 years ago, the temple is still managed by the descendents of the Pandit family. Tuesdays and Saturdays are the most auspicious days of the week for the devotees. ",Spiritual
Parimal Garden,3.5,4-Mar,https://upload.wikimedia.org/wikipedia/commons/thumb/1/13/Arbour_with_fountain_Parimal_Garden.jpg/960px-Arbour_with_fountain_Parimal_Garden.jpg," Located on the Parimal Cross Road in Ambavadi, Parimal Garden is a beautiful well-maintained garden in the heart of Ahmedabad. Replete with swings and dotted with stone benches, the park is popular among both adults and kids alike. Mostly used for morning and evening walks, the garden also has routine laughing clubs for the elderly. ",Nature
Lothal,4.8,3-Feb,https://upload.wikimedia.org/wikipedia/commons/thumb/3/30/The_drainage_system_at_Lothal_2.JPG/960px-The_drainage_system_at_Lothal_2.JPG," If you are a history buff and ever so curious to peek into the lives of the older generations, you really need to visit Lothal because this is a place that ties the past and present together. Located at a distance of around 85 kms from the city of Ahmedabad, on the banks of the ancient mythical river Saraswati (which has now dried up), Lothal is a popular Indus Valley Site and a 4500 years old city discovered in 1954.  Even though the place is not as thriving as it once used to be, the magic of the ruins are enough to tell you the colourful tales about the lives of the people who were inhabitants of this place. This place is full of surprises and holds a great deal of historical significance. Lothal was not only amongst one of the early successful civilization but was also a hub of industrialisation adjoining different nations. Due to its fascinating excavations and dramatic discovery, Lothal is popular among geologists, historians and archaeologists. ",Hill Station
Sarkhej Roza,4.8,4-Mar,https://upload.wikimedia.org/wikipedia/commons/thumb/9/90/Sarkhej.JPG/960px-Sarkhej.JPG," Situated in the village of Makarba, 7 kms from Ahmedabad, Sarkhej Roza is a mosque and tomb complex. Bosting of absolutely striking early Islamic architectural finesse with spacious corridors and pillared domes, and surrounded by a mesmerising water tank, the tomb houses the grave of Ahmad Khattu Ganj Baksh (the former resident of the place). ",Other
Vastrapur Lake,3.7,2-Jan,https://upload.wikimedia.org/wikipedia/commons/thumb/3/3d/VASTRAPUR_LAKE2%2C_AHMEDABAD_GUFRAN_KHAN.jpg/960px-VASTRAPUR_LAKE2%2C_AHMEDABAD_GUFRAN_KHAN.jpg," Situated in Western Ahmedabad, Vastrapur Lake is an ancient lake which was renovated and prettified in 2002. A huge statue of Narsinh Mehta (a famous poet-saint of Gujarat), was installed here and the lake was named after him as the Bhakt Kavi Narasinh Mehta Sarovar. It boasts of an open-air theatre which is used for organising several cultural events of the city.  ",Nature
Vechaar Utensils Museum,4.0,2-Jan,https://upload.wikimedia.org/wikipedia/commons/thumb/9/99/Sheth_Hutheesinh_Temple.jpg/960px-Sheth_Hutheesinh_Temple.jpg," VECHAAR (Vishalla Environmental Centre for Heritage of Art, Architecture and Research) Utensils Museum was conceptualised by the famous architect- Mr. Surender C and was built in 1981 in the vicinity of Vishalla Village Restaurant in Ahmedabad. The museum is an elaborate collection of utensils ranging from hundreds of years back to the current times. ",Beach
Sanskar Kendra,3.3,3-Feb,https://upload.wikimedia.org/wikipedia/commons/thumb/7/7c/Sanskar_Kendra_Museum.JPG/960px-Sanskar_Kendra_Museum.JPG," Established in 1956, Sanskar Kendra is the city museum located in Paldi in Ahmedabad. The museum is a collection of exhibits depicting art, culture, history, and architecture of the city of Ahmedabad. It also boasts of housing the longest incense stick in the world. Another section in the same museum is devoted to the unique Kite Museum called the Patang Kite Museum. ",Heritage
Le Corbusier Centre,4.6,5-Apr,https://upload.wikimedia.org/wikipedia/commons/thumb/c/c8/Le_Corbusier_%281964%29.jpg/960px-Le_Corbusier_%281964%29.jpg," Le Corbusier Centre is a popular heritage spot in the city of Chandigarh, situated at Sector 19B and dedicated to the ancient architect of the city- Le Corbusier who was a Swiss- French architect and originally designed the city almost six decades ago. The building houses the legacy, research, study, writings and works of the famous architect. ",Beach
Cactus Garden,4.4,2-Jan,https://upload.wikimedia.org/wikipedia/commons/thumb/c/cd/2010_Cactualdea%2C_La_Aldea_de_San_Nicolas%2C_Gran_Canaria%2C_Spain_%288%29.jpg/960px-2010_Cactualdea%2C_La_Aldea_de_San_Nicolas%2C_Gran_Canaria%2C_Spain_%288%29.jpg," Spread over a vast area of 7 acres, Cactus Garden is situated in Panchkula, Sector 5 in the city of Chandigarh. The garden is also known as National Cactus and Succulent Botanical Garden and Research Centre and was established to preserve and protect the dying species of cactus. Currently, the garden boasts of housing around 500 varieties of cacti. ",Beach
Children Traffic Park,3.2,5-Apr,https://upload.wikimedia.org/wikipedia/commons/thumb/1/1c/Traffic_Park_Oulu_2006_06_13.JPG/960px-Traffic_Park_Oulu_2006_06_13.JPG," Replete with real-life road scenarios, the Children Traffic Park in Sector 23A has extensive traffic control mechanisms such as road bents, inclines and declines, overpass, underpass, parallel parking area, blind alley, and uncontrolled intersections, T-Intersections, Stop Signs and Blinkers. ",Other
Bougainvillea Garden,3.3,3-Feb,https://upload.wikimedia.org/wikipedia/commons/thumb/4/4c/Bougainvillea_closeup.jpg/960px-Bougainvillea_closeup.jpg," With fifty varieties of bougainvillea on display, this garden established in 1976 is spread over 20 acres. ",Nature
Hibicus Garden,3.2,4-Mar,https://upload.wikimedia.org/wikipedia/commons/thumb/d/db/Swamp_rose-mallow.jpg/960px-Swamp_rose-mallow.jpg," Founded in 1996, Hibiscus Garden houses over 40 varieties of Hibiscus shrubs over an 8 acre expanse. It is located in Sector 36. ",Nature
Forest Reserves,3.2,3-Feb,https://upload.wikimedia.org/wikipedia/commons/thumb/8/8e/Jefferson_Memorial_Forest-Bee_Lick_Creek.jpg/960px-Jefferson_Memorial_Forest-Bee_Lick_Creek.jpg," Spread over 3245 hectares, the forest reserve of Nepali and Kansal is pregnant with floral and wild life, many of which have been declared as endangered. ",Wildlife
Topiary Park,3.2,2-Jan,https://upload.wikimedia.org/wikipedia/commons/thumb/5/59/Topiary_Park%2C_Columbus%2C_OH.jpg/960px-Topiary_Park%2C_Columbus%2C_OH.jpg," A children's park with excellent playing facilities, Topiary Park in Sector 35 is a favourite amongst the little ones. ",Other
Fitness Trails,3.2,3-Feb,https://upload.wikimedia.org/wikipedia/commons/thumb/6/6d/Fitness_trail_station_north_bay_park.JPG/960px-Fitness_trail_station_north_bay_park.JPG," Covering an area of 94 acres, the Fitness Trails in Sector-10 has 50 acres dedicated to flowering plants in a multicolored bloom, and the other 44 acres is dotted with sculptures by various artists and a trail for people to jog on. ",Other
Sukhna Wildlife Sanctuary,4.0,2-Jan,https://upload.wikimedia.org/wikipedia/commons/thumb/a/a6/Entrance_of_Sukhna_Wildlife_Sanctuary%2CChandigarh%2C_India.JPG/960px-Entrance_of_Sukhna_Wildlife_Sanctuary%2CChandigarh%2C_India.JPG," Situated just a kilometer northeast of Sukhna Lake in the foothills of Shivalik, Sukhna Wildlife Sanctuary is one of the most popular wildlife sanctuaries in Chandigarh. It has over 150 small and large water bodies around the Sukhna lake, forming their catchment areas.  ",Hill Station
Hippie Island,3.0,5-Apr,https://upload.wikimedia.org/wikipedia/commons/thumb/6/61/Woodstock-kids.jpg/600px-Woodstock-kids.jpg, Virapapur Gadde or Hippie Island is a small island situated across the Tungabhadra river. It takes 5 minutes to travel to the island via coracle or boat. The island is an epitome of scenic beauty and is known for laidback ambient and lodges.  ,Island
Matanga Hill,3.6,3-Feb,https://upload.wikimedia.org/wikipedia/commons/thumb/b/b0/Enroute_to_Matanga_hills%2C_Hampi.jpg/960px-Enroute_to_Matanga_hills%2C_Hampi.jpg," This hill is described as the location of the hermiatge of the Saint Matanga during the Ramayana, hence is appropriately named. ",Hill Station
Monolith Bull,3.6,3-Feb,https://upload.wikimedia.org/wikipedia/commons/thumb/d/df/Assuan_07.jpg/960px-Assuan_07.jpg," The ride of Lord Shiva, the bull is represented here as a sculpture placed on a high platform. It is partially ruined, but is a major attraction owing to its huge size. ",Other
Daroji Bear Sanctuary,3.3,2-Jan,https://upload.wikimedia.org/wikipedia/commons/thumb/8/85/MelursusUrsinusFemaleCub.jpg/960px-MelursusUrsinusFemaleCub.jpg," Established in 1994, this sanctuary was converted from a thorny forest to a lush green area which is now inhabited by Sloth Bears. ",Wildlife
Mahanavami Dibba,3.3,3-Feb,https://upload.wikimedia.org/wikipedia/commons/c/ca/Vijayanagara_Empire_c.1485.png," This structure served as a focal point from where the Vijayanagara kings ruled their Kingdom. Various aspects of courtly life are depicted on this huge structure, including a gem studded throne. ",Other
Archaeological Museum,3.3,3-Feb,https://upload.wikimedia.org/wikipedia/commons/thumb/e/ec/Museo_Centro_Ceremonial_Indigena_de_Tibes%2C_Bo._Tibes%2C_Ponce%2C_PR_%28DSC01993%29.jpg/960px-Museo_Centro_Ceremonial_Indigena_de_Tibes%2C_Bo._Tibes%2C_Ponce%2C_PR_%28DSC01993%29.jpg," A government museum in the area houses a number of artifacts, remains, and other exhibits found during excavation. ",Heritage
King'S Balance,4.7,4-Mar,https://upload.wikimedia.org/wikipedia/commons/thumb/d/dd/Wide_angle_of_Galigopuram_of_Virupaksha_Temple%2C_Hampi_%2804%29_%28cropped%29.jpg/960px-Wide_angle_of_Galigopuram_of_Virupaksha_Temple%2C_Hampi_%2804%29_%28cropped%29.jpg," Situated close to the Vittala Temple, King's Balance is an ancient 15th-century weighing scaled which was used to weigh the king with the royal jewels every year on special occasions. The jewels were then donated to the temple priests. The structure has intricately carved pillars. It is made of granite and the pillars support a stone beam that has hoops which were used to suspend the balance. Interestingly, the king was made to eat rich and fatty food and encouraged to not move too much so that the few extra kilos would reflect on the scale and ensure that more jewels could be donated to the priests. ",Spiritual
Kongdori -  Gondola,4.4,3-Feb,https://upload.wikimedia.org/wikipedia/commons/thumb/a/a2/Gulmarg_gondola.JPG/960px-Gulmarg_gondola.JPG," Gulmarg Gondola is the second longest and second-highest cable car in the world. Divided into two phases, it ferries almost 600 people per hour to and from the Apharwat Mountain. Phase 1 of Gulmarg Gondola ferries people from Gulmarg Resort to Kongdoori Station. Phase 2 of Gulmarg Gondola connects Kongdoori Mountain to Apharwat Peak. ",Hill Station
Apharwat Peak,4.9,3-Feb,https://upload.wikimedia.org/wikipedia/commons/thumb/d/dd/Apharwat_Peak.JPG/960px-Apharwat_Peak.JPG," Situated at a height of 4200 metres above the mean sea level, Apharwat Peak in Gulmarg is one of the most breathtaking places. Remotely positioned near LOC with Pakistan, the region receives heavy rainfall and is covered in snow for most of the year. Apharwat Peak is where winter sports in Gulmarg takes place. ",Hill Station
Drung Waterfall,3.6,4-Mar,https://upload.wikimedia.org/wikipedia/en/c/c2/Tangmarg.jpg," The Drung Waterfall is an extremely popular tourist attraction located in the Tangmarg tehsil of Gulmarg, Baramulla. A cascading waterfall set amidst majestic mountains, it freezes completely during winter due to the extremely low temperature. This frozen waterfall is a must-visit in the area. ",Hill Station
Tangmarg,3.3,2-Jan,https://upload.wikimedia.org/wikipedia/en/c/c2/Tangmarg.jpg," Tangmarg is a small town in the Baramulla district of Kashmir, almost 13km from Gulmarg. Known as the gateway to Gulmarg, the prime attractions in this tiny hamlet include Baba Reshi Shrine, Ningle Nallah, Baderkoot, Gogaldara, among others. ",Urban
Khilanmarg,3.3,3-Feb,https://upload.wikimedia.org/wikipedia/commons/thumb/3/3f/Snow_in_Gulmarg%2C_Kashmir.jpg/960px-Snow_in_Gulmarg%2C_Kashmir.jpg, Khilanmarg is a miniature valley set at a 6 km walk from Gulmarg. It is surrounded by panoramic glimpses of some of the tallest Himalayan peaks and is a great place for offbeat travel enthusiasts as it is not directly reachable on vehicles. One has to either walk from Gulmarg or take a pony to reach Khilanmarg. ,Hill Station
Kasar Devi,4.3,4-Mar,https://upload.wikimedia.org/wikipedia/commons/thumb/0/01/Goddess_Kasar_Devi.jpg/960px-Goddess_Kasar_Devi.jpg, Kasar devi is one of the famous temple perched on the hill Kashya. It is a village situated near Almora i.e in Uttarakhand. Village got its name after the ancient and historical temple Kasar devi temple. It is believed that Swami Vivekanand visited Kasar devi in 1890's. Every year Kasardevi fair is celebrated on a huge level. ,Hill Station
Binsar,3.2,4-Mar,https://upload.wikimedia.org/wikipedia/commons/thumb/2/22/Binsar_Oak_Forests.JPG/960px-Binsar_Oak_Forests.JPG," An erstwhile summer capital of the Chand rulers, this hill resort looking to the Himalayas is famous for the Binsar Wildlife Sanctuary. ",Hill Station
Katarmal,3.6,5-Apr,https://upload.wikimedia.org/wikipedia/commons/thumb/8/8d/Suryanar_Koil_in_Tamil_Nadu_JEG6875.jpg/960px-Suryanar_Koil_in_Tamil_Nadu_JEG6875.jpg," Being the second most important Sun temple, this 800 year old temple has one main temple and 45 smaller shrines. ",Spiritual
Lal Bazaar,3.2,5-Apr,https://upload.wikimedia.org/wikipedia/commons/6/6b/Hrishitaa_Bhatt_during_trailer_launch_of_the_film_%27Chal_Jaa_Bapu%27.jpg," Lal Bazaar is the heart of Almora with this colourful shops filled with bronze and brass wares, fine rabbit wool clothes and amazingly tasty sweets. ",Other
Gobind Vallabh Pant Museum,3.2,3-Feb,https://upload.wikimedia.org/wikipedia/en/thumb/c/c6/Campus_acadmic_builiding_of_COMM-IT_Career_Academy.jpg/960px-Campus_acadmic_builiding_of_COMM-IT_Career_Academy.jpg," Sheltering some of the legacies of the Katyuri and Chand dynasties, the museum on Mall Road also has beautiful collections of folk style painting known as Aspen and Kumaoni antiquities. ",Heritage
Samadhi Mandir,3.5,3-Feb,https://upload.wikimedia.org/wikipedia/commons/thumb/b/b4/July_9_2005_-_Samadhi_of_Ranjit_Singh.jpg/960px-July_9_2005_-_Samadhi_of_Ranjit_Singh.jpg," Samadhi Mandir is owned and constructed by a millionaire from Nagpur, who was an ardent devotee of Sai baba. The devotee wanted to install an idol of Lord Murlidhar and therefore Sai baba declared himself as one. ",Other
Dwarkamai,3.7,2-Jan,https://upload.wikimedia.org/wikipedia/commons/d/df/Shirdi_Sai_Baba_3.jpg," Dwarkamai is one of the treasures of Shirdi for the devotees. They say that Dwarkamai is the heart of Shirdi, the place where the great Sai Baba spent a significant part of his life including his last moments. It is a treasure to all of Baba's devotees because it was the home of, as they like to call him, God on Earth. ",Other
Lendi Baug,3.2,2-Jan,https://upload.wikimedia.org/wikipedia/commons/d/df/Shirdi_Sai_Baba_3.jpg, The beautiful garden is situated at Shirdi-Manmade State highway. Sai Baba used to spend a lot of his time here watering the plants daily in the mornings and evenings. ,Nature
Khandoba Mandir,3.2,5-Apr,https://upload.wikimedia.org/wikipedia/commons/thumb/c/c1/Khandoba_temple_Pune.jpg/960px-Khandoba_temple_Pune.jpg," The temple is situated on the main road with the icons of Khandoba, Banai and Mhalsai. The temple is dedicated to Khandoba, the presiding deity of the town. ",Spiritual
Upasani Maharaj Ashram,3.2,4-Mar,https://upload.wikimedia.org/wikipedia/commons/a/aa/Upasni0019.jpg," The ashram is of a saint of the 20th century, named Upasani Maharaj. He was an ardent disciple of Sai Baba. Situated off the Shirdi-Ahmednagar State highway, the ashram contains the samadhi of the Maharaj and one of his disciples. ",Spiritual
Maruti Mandir,4.6,2-Jan,https://upload.wikimedia.org/wikipedia/commons/thumb/e/ed/Bhadra_Maruti_Temple.jpg/960px-Bhadra_Maruti_Temple.jpg," The Hanuman Temple, also known as Maruti Mandir, is one of the oldest temples in Shirdi and is built in dedication to Lord Hanuman. The temple house two idols of the lord, with some weights and dumbbells placed in a corner. A Shivalinga along with Nandi can also be found here. ",Spiritual
Sri Tatya Kote Samadhi,4.8,4-Mar,https://upload.wikimedia.org/wikipedia/commons/d/df/Shirdi_Sai_Baba_3.jpg," Shri Tatya Kote Samadhi is located near Lendi Baug and belongs to one of the most ardent devotees of Sai Baba. People visit this place to offer their respect to one of Baba's greatest devotees, and darshan is easily possible here because the place is not much crowded. ",Other
Vp Iyer'S Samadhi,4.5,3-Feb,https://upload.wikimedia.org/wikipedia/commons/thumb/c/c5/Pune_West_skyline_-_March_2017.jpg/960px-Pune_West_skyline_-_March_2017.jpg," Located next to Bhau Kumbhar's Samadhi, V.P Iyer's Samadhi belongs to an ardent devotee of Sai Baba, who had never ever seen the saint but was a staunch follower nevertheless. He was highly loved by his fellows, and his samadhi was constructed by the Shri Sai Baba Sansthan Trust on their request. ",Other
Trishul Peak,3.8,5-Apr,https://upload.wikimedia.org/wikipedia/commons/thumb/0/0e/Trishul.jpg/960px-Trishul.jpg," The three Himalayan mountain peaks of western Kumaun as a whole forms the Trishul peak, at a height of 7120m. It is the place where most tourists gather for skiing in Auli as it is the only place in India where skiing is carried on at a professional level. The peak can be best viewed from Kausani or during the Roopkund Trek . ",Hill Station
Joshimath,3.3,3-Feb,https://upload.wikimedia.org/wikipedia/commons/thumb/1/19/Joshimath.jpg/960px-Joshimath.jpg," Joshimath, also known as Jyotirmath, is a hill town perched at the height of 6150 feet in Chamoli district. Overlooking the confluence of rivers Alaknanda and Dhauliganga, Joshimath is also the winter home of Lord Badri as the idol is shifted from Badrinath to Joshimath during winters.  ",Hill Station
Rudraprayag,3.2,2-Jan,https://upload.wikimedia.org/wikipedia/commons/thumb/6/6b/P1000137-41-rudraprayag-pano-g.jpg/600px-P1000137-41-rudraprayag-pano-g.jpg," One of the five 'Prayags' (confluences) of Alaknanda River, Rudraprayag is a sacred place regarded as one of the Panch Prayags and place of great religious significance. Rudraprayag is sprinkled with several ancient temples and serves as a gateway to two major pilgrimages of Kedarnath and Badrinath. ",Spiritual
Chenab Lake,3.2,3-Feb,https://upload.wikimedia.org/wikipedia/commons/thumb/3/34/River_Chenab_Ramban.jpg/960px-River_Chenab_Ramban.jpg," Chenab Lake is an artificial lake that serves as a reservoir for the people of Auli. It is a small crystalline lake that is still less explored and in its purest state, holding the sights of tourists and making it an enchanting spot. The trek to Chenab lake is for those who truly want to have a crude and authentic trekking experience. ",Adventure
Nandaprayag,3.3,4-Mar,https://upload.wikimedia.org/wikipedia/commons/thumb/6/65/NandprayagConfluence.JPG/600px-NandprayagConfluence.JPG," One of the Panchprayags, Nandaprayag is the place of confluence of River Alaknanda and Nandakini. It is a place of spirituality and devotion as well as beautiful landscapes. The town also used to be the capital of the erstwhile Yadu Kingdom whose king built the famous Nanda Temple. ",Spiritual
Thirumalai Nayakar Mahal,4.2,4-Mar,https://upload.wikimedia.org/wikipedia/commons/8/87/Madurai_Nayak_Palace_Collage.jpg, Thirumalai Nayak Mahal was constructed way back in the 17th century. Several buildings and temples had been constructed by him in the region and they have all been splendid both in terms of construction location and spirituality. ,Spiritual
Vaigai Dam,4.2,2-Jan,https://upload.wikimedia.org/wikipedia/commons/thumb/8/85/Vaiga_dam_full_view.jpg/960px-Vaiga_dam_full_view.jpg," Vaigai Dam, a magnificent human-made structure, is constructed over River Vaigai near Andipatti, Theni District in the South Indian State of Tamil Nadu. Andipatti lies about 70 kilometres from Madurai and travellers on their way to Periyar Wildlife Sanctuary often visit this massive and wondrous dam. ",Wildlife
Alagar Koil,3.5,2-Jan,https://upload.wikimedia.org/wikipedia/commons/b/b5/AzhagarKovil_Madurai.JPG, Alagar Koil is an exquisite temple situated in the north east of Madurai. The temple is the rest place of Lord Vishnu and is the sacred place for several followers of Lord Vishnu in the region. ,Spiritual
Samanar Hills,4.2,2-Jan,https://upload.wikimedia.org/wikipedia/commons/thumb/c/c0/10th_century_Samanar_Malai_Jain_monuments%2C_Madurai_district%2C_Tamil_Nadu_India_-_01.jpg/960px-10th_century_Samanar_Malai_Jain_monuments%2C_Madurai_district%2C_Tamil_Nadu_India_-_01.jpg," Located in Keelakuyilkudi village near Madurai, Samanar Hills or Samanar Malai is a beautiful hill rock complex which was originally home to Tamil Jain monks. The hill caves are a popular place of tourism and have elaborate carvings and drawings of the monks, on the interior walls. The spot also has a beautiful lotus temple located in the premises. ",Hill Station
Gandhi Museum,4.2,3-Feb,https://upload.wikimedia.org/wikipedia/commons/3/31/Entrance_of_National_Gandhi_Museum%2C_Raj_Ghat%2C_New_Delhi.jpg," The Gandhi Memorial Museum serves as a remembrance and tribute to the efforts of our very own father of the nation, Mahatma Gandhi. Established in 1959 in his cherished memory, eleven years after his demise, it is one of the few Gandhi Museums in the country. ",Heritage
Athisayam,4.2,4-Mar,https://upload.wikimedia.org/wikipedia/commons/1/1c/Athisayam_park_madurai.jpg," Located on the Madurai - Dindigul National Highway near Madurai, Athisayam is a massive water cum amusement park. Sprawling over a vast 70 acres of land, the park boasts of a total of 40 games and 20 water rides. The park also has a 7D theatre, an eatery and a recreation garden for kids. ",Nature
Mariamman Teppakulam,3.2,2-Jan,https://upload.wikimedia.org/wikipedia/commons/thumb/6/66/0_Madurai_Teppakulam_illuminated.jpg/600px-0_Madurai_Teppakulam_illuminated.jpg," Constructed in the honor of Lord Vigneshwara, this divine temple is situated about 5 km from the meenakshi temple. It has a huge tank in the compound of the temple and holds the record of being the biggest tank in the region of Tamil Nadu. ",Spiritual
Chithirai Festival,3.0,3-Feb,https://upload.wikimedia.org/wikipedia/commons/thumb/8/80/Mariage_of_Shiva_and_Parvati_%28Meenakshi%29_witnessed_by_Vishnu%2C_Meenakshi_Temple%2C_Madurai_%282%29_%2836857653813%29.jpg/960px-Mariage_of_Shiva_and_Parvati_%28Meenakshi%29_witnessed_by_Vishnu%2C_Meenakshi_Temple%2C_Madurai_%282%29_%2836857653813%29.jpg, The Chithirai festival of Tamil Nadu happens to be one of the longest stretched festivals to be celebrated anywhere in the world. The festival is celebrated in the city of Madurai of the Indian state of Tamil Nadu and is celebrated for over two weeks. An estimated number of a million people gather for the celebrations from all over India and abroad.  ,Cultural
St Maryês Cathedral,3.3,2-Jan,https://upload.wikimedia.org/wikipedia/commons/thumb/0/0f/Iroquois_County_Illinois_Incorporated_and_Unincorporated_areas_Beaverville_Highlighted.svg/600px-Iroquois_County_Illinois_Incorporated_and_Unincorporated_areas_Beaverville_Highlighted.svg.png," St Maryês Cathedral is a gothic style catholic church situated in East Veli Street in Madurai. The striking architecture is a mix of European, Continental and Roman designs. The statue of virgin Mary installed inside is dressed in a saree. The church receives a regular influx of visitors all year long. ",Heritage
Vandiyur,3.5,5-Apr,https://upload.wikimedia.org/wikipedia/commons/thumb/6/66/0_Madurai_Teppakulam_illuminated.jpg/600px-0_Madurai_Teppakulam_illuminated.jpg, Vandiyur Maiamman Teppakulam is a tiny pond located near the premises of Vandiyur Maiamman Temple in mandir. •Teppakulamê literally meaning temple pond is connected to the river Vaigai through underground tunnels and its water is used for temple rituals. The pond also has a Mandapam in the centre with a Ganesha Temple and a tiny garden. ,Spiritual
Banana Market,4.0,2-Jan,https://upload.wikimedia.org/wikipedia/commons/thumb/9/92/Red_banana_in_Tanzania_0196_Nevit.jpg/960px-Red_banana_in_Tanzania_0196_Nevit.jpg, Banana Market in Madurai is a wholesale market for bananas situated in Rukmanipalayam. The place sells as many as 16 varieties of the fruit and is a hot trading place in the city. The bananas are brought early in the morning from the factory outlets and are unbranched from the branches to sell them to the local vendors. ,Other
Kazimar Big Mosque,3.9,3-Feb,https://upload.wikimedia.org/wikipedia/commons/thumb/9/94/Kazimarbigmosque.JPG/960px-Kazimarbigmosque.JPG," Kazimar Big Mosque or Kazimar Periya Pallivasal is the oldest mosque in Madurai located near the Periyar bus stand. The mosque also holds significant religious importance and is visited by pilgrims from far and wide. With a space to accommodate close to 1500 people, the mosque also has an enchanting architecture with a magnificent maqbara. ",Heritage
Goripalayam Dargah,3.6,4-Mar,https://upload.wikimedia.org/wikipedia/commons/thumb/5/59/Nizamuddin_Dargah_and_Jamaat_Khana_Masjid%2C_Delhi.jpg/960px-Nizamuddin_Dargah_and_Jamaat_Khana_Masjid%2C_Delhi.jpg," Goripalayam Dargah is also known as Hajha Syed Sultan Alaoudeen Syed Sultan Samsudeen Aouliya Dargah and is situated in Madurai. Done in green and white paint, the mosque has towering minars and a magnificent dome; and it houses the shrine of Hazrat Sulthan Alauddin Badusha and Hazrat Sulthan Shamsuddin Badusha. ",Other
Bodhi Tree,4.4,5-Apr,https://upload.wikimedia.org/wikipedia/commons/thumb/e/e4/Bodhgaya_3639641913_f4c5f73689_t.jpg/960px-Bodhgaya_3639641913_f4c5f73689_t.jpg," Bodhi Tree is the tree that Lord Buddha meditated under before he could attain enlightenment. The original Bodhi tree may have been destroyed by many Kings, but the direct descendants flourish even today standing tall at 80 feet. ",Other
Muchalinda Lake,3.3,3-Feb,https://upload.wikimedia.org/wikipedia/commons/thumb/1/13/Muchalinda_lake_2.png/600px-Muchalinda_lake_2.png," A popular site at Bodh Gaya, the Muchalinda Lake is located next to the main temple. It is associated with a mythological tale stating that Lord Buddha was protected from the storm by Snake King Muchalinda. ",Spiritual
Kundan Bazaar,3.3,3-Feb,https://upload.wikimedia.org/wikipedia/commons/5/5c/K._L._Saigal.jpg," Kundan Bazaar is an ideal place for those looking for souvenirs to back home, books and other handicrafts of the region. ",Cultural
Dungeshwari Hills,4.1,3-Feb,https://upload.wikimedia.org/wikipedia/commons/4/4b/Satellite_Map_of_Bihar.jpg, Dungeshwari Hills is where Lord Buddha spent a few years before travelling to Bodh Gaya in search of enlightenment. The hills are mostly known for the caves that Gautam Buddha used for shelter and meditation. The Stupas/ Buddhist shrines exist even today amidst the beautiful natural surroundings. The picturesque location of the Dungeshwari Hills is also a well-known trekking destination and draws enthusiasts in large numbers. ,Hill Station
Sujata Kuti,3.3,2-Jan,https://upload.wikimedia.org/wikipedia/commons/thumb/c/c6/Sujata_Garh.JPG/960px-Sujata_Garh.JPG," Sujata Kuti is a stupa built in the honour of a tribal woman named Sujata who saved Gautam Buddhaês life by offering him rice pudding after he had starved himself for years in the process of attaining Nirvana and renouncing every luxury he had including food. Sujata Kuti, is thus, considered religiously important in the Buddhist Culture. ",Spiritual
Ajapala Nigrodha Tree,4.9,4-Mar,https://upload.wikimedia.org/wikipedia/commons/thumb/a/a5/Indian_Museum_Sculpture_-_Vipassi_and_Patali_Tree_%289220416654%29.jpg/960px-Indian_Museum_Sculpture_-_Vipassi_and_Patali_Tree_%289220416654%29.jpg," Once considered a heritage tree, Ajapala Nigrodha Tree, which no longer exists, is but the sacred location where Gautam Buddha completed his fifth week of meditation after attaining enlightenment and held a discourse to address and answer the queries locals had about religion, humanity and equality. Now marked with a pillar, the place still is considered religiously important and is visited by believers. ",Heritage
Elephant'S Head Point,4.3,4-Mar,https://upload.wikimedia.org/wikipedia/commons/thumb/3/37/African_Bush_Elephant.jpg/960px-African_Bush_Elephant.jpg," Elephant's Head Point is one of the most picturesque viewpoints in Mahabaleshwar which is famous for the stunning view of the Sahyadri ranges. Also known as Needle's Point, this famous tourist spot is best visited during sunrise and sunset.  ",Wildlife
Chinaman'S Falls,3.6,2-Jan,https://upload.wikimedia.org/wikipedia/commons/thumb/9/9b/Ha-Ling-aerial.jpg/960px-Ha-Ling-aerial.jpg," A visit to Mahabaleshwar is less or more incomplete without witnessing the tantalizing descend of the Chinaman's fall, one of the most significant falls in the state. ",Other
Arthur'S Seat,3.6,2-Jan,https://upload.wikimedia.org/wikipedia/commons/thumb/0/0f/Arthur%27s_Seat%2C_Edinburgh.JPG/960px-Arthur%27s_Seat%2C_Edinburgh.JPG," Arthur's Seat is one of the most popular viewpoints in Mahabaleshwar, located around 13km away. Also known as the Suicide Point, it is popular as the Queen of all points as it offers the most mesmerizing and fascinating view of the dense valleys of Brahma-Arayana and the Savitri river. ",Hill Station
Venna Lake,4.3,5-Apr,https://upload.wikimedia.org/wikipedia/commons/thumb/7/75/Boats_On_Venna_Lake.jpg/960px-Boats_On_Venna_Lake.jpg," Venna Lake is a scenic manmade lake in Mahabaleshwar. The lake offers rowboats, and paddleboats ride to the visitors and hence is usually very crowded. There is horse riding and rides for children such as merry go round and the toy train. There are a number of eateries around the lake famous for street food like corn, bhelpuri and fresh fruits like mulberries, strawberries and carrots. ",Nature
Wilson Point,3.6,4-Mar,https://upload.wikimedia.org/wikipedia/commons/thumb/4/48/Point-wilson-victoria.jpg/960px-Point-wilson-victoria.jpg," Wilson Point is the highest point in Mahabaleshwar, situated at an altitude of 1439m. Also famous as the Sunrise Point, it is a famous tourist attraction for viewing stunning sunrise. Wilson Point is a vast plateau comprising of three watchtowers which offers stunning panoramic view. ",Other
Panchgani,3.2,5-Apr,https://upload.wikimedia.org/wikipedia/commons/thumb/4/4c/Panchghani_Hill.jpg/960px-Panchghani_Hill.jpg," Deriving its name from the five hills surrounding it, Panchgani is a popular hill station near Mahabaleshwar, famous for its various sunset/sunrise points and scenic valley view.  ",Hill Station
Tapola,3.7,2-Jan,https://upload.wikimedia.org/wikipedia/commons/thumb/0/06/Matti_Nyk%C3%A4nen_2014-01-30_001.jpg/960px-Matti_Nyk%C3%A4nen_2014-01-30_001.jpg," Situated in Mahabaleshwar, Tapola is a satellite village famed as the 'Mini Kashmir'. It has some of the most picturesque scenic beauty which makes it an ideal destination for a back to nature experience. ",Nature
Morarji Castle,3.2,2-Jan,https://upload.wikimedia.org/wikipedia/commons/thumb/b/bb/India_%28orthographic_projection%29.svg/600px-India_%28orthographic_projection%29.svg.png," Yet another captivating sight in Mahabaleshwar, the Morarji Castle is built in colonial British style of architecture. Having a rich history, it is believed that Mahatam Gandhi once stayed at this place. A drive around the place and you can view some of the most exotic colonial structures. ",Heritage
Helen'S Point,3.2,2-Jan,https://upload.wikimedia.org/wikipedia/commons/thumb/6/6a/Helen_of_Sparta_boards_a_ship_for_Troy_fresco_from_the_House_of_the_Tragic_Poet_in_Pompeii.jpg/960px-Helen_of_Sparta_boards_a_ship_for_Troy_fresco_from_the_House_of_the_Tragic_Poet_in_Pompeii.jpg," Helen's Point, also referred to as the Blue Valley, is another viewpoint in Mahabaleshwar. It is known for its scenic beauty dotted by small huts, deep valleys and cascading waterfalls. Krishna river flowing through the heart of the area is the main attraction. ",Hill Station
Tiger'S Spring,3.2,3-Feb,https://upload.wikimedia.org/wikipedia/commons/thumb/d/d4/Hupao.jpg/960px-Hupao.jpg," The natural thermal spring near River Savitri, it is believed to be infused with spiritual powers. A 10 minute walk away from the Arthur's point, the shallow waters are ideal to experience and spend a solitary relaxing time amidst natures gift. ",Spiritual
Bombay Point,3.2,4-Mar,https://upload.wikimedia.org/wikipedia/commons/thumb/e/e7/BackBay_skyline.jpg/960px-BackBay_skyline.jpg," Bombay Point is located alongside Mumbai-Goa highway, and offers enticing views of the sunset. Ideal for afternoon picnic spot, people flock here in groups or as couples to spend some relaxed and enjoyable time, fascinated by all that''s around. ",Beach
Mapro Garden,5.0,2-Jan,https://upload.wikimedia.org/wikipedia/commons/thumb/6/6c/Strawberry_farming_at_Mapro_Garden%2C_Panchgani.JPG/960px-Strawberry_farming_at_Mapro_Garden%2C_Panchgani.JPG," Known for their production of delicious strawberries, Mapro Garden is a Garden Park established and maintained by the food processing company, Mapro. The Park has lush greenery all around, a little nursery, a restaurant, a chocolate factory and a children's play area. ",Nature
Roman Catholic Church,4.4,5-Apr,https://upload.wikimedia.org/wikipedia/commons/thumb/0/0e/Saint_Peter%27s_Basilica_facade%2C_Rome%2C_Italy.jpg/960px-Saint_Peter%27s_Basilica_facade%2C_Rome%2C_Italy.jpg, Roman Catholic Church is an 18th century church built for British citizens who settled in India. It the only Roman Catholic Church in Mahabaleshwar. The Church has stunning stained class windows and beautiful paintings.  ,Other
Borra Caves,4.2,2-Jan,https://upload.wikimedia.org/wikipedia/commons/thumb/2/2a/Historic_Borra_Caves_main_entrance_in_Araku_Valley.jpg/960px-Historic_Borra_Caves_main_entrance_in_Araku_Valley.jpg," With stalactite and stalagmite formations and natural enigma overflowing, Borra Caves are located at 1400 meter above sea level in the Anantagiri area of Visakhapatnam. ",Beach
Rishikonda Beach,4.1,5-Apr,https://upload.wikimedia.org/wikipedia/commons/thumb/a/a5/Rushikonda_beach_view_001.jpg/960px-Rushikonda_beach_view_001.jpg," The Rishikonda Beach also known as Rushikonda Beach is a stunning shore located on the coast of the Bay of Bengal in Vishakhapatnam, in the Indian state of Andhra Pradesh. APTDC, which is in charge of this natural beauty, has done a great job in the upkeep of the beach and ensured that this natural attraction remains unspoilt. The Rishikonda Beach is thus rightly named as the 'Jewel of the East Coast', owing to its essential and intact beauty. The serene golden sands of the beach are located in the bosom of the Rishikonda hill.  ",Hill Station
Yarada Beach,3.1,5-Apr,https://upload.wikimedia.org/wikipedia/commons/thumb/8/82/Aerial_photograph_of_Yarada_beach%2C_Visakhapatnam.jpg/960px-Aerial_photograph_of_Yarada_beach%2C_Visakhapatnam.jpg," Situated on the coast of the Bay of Bengal and located close to Dolphin's nose, the Yarada beach is a quiet beach to chill by the waves, sip that tender coconut water and occasionally play in the water.  ",Hill Station
Ramakrishna Beach,3.1,5-Apr,https://upload.wikimedia.org/wikipedia/commons/thumb/a/a5/RK_Beach_Night.jpg/960px-RK_Beach_Night.jpg," One of the most popular beaches of Vishakapatnam, RK beach is a beach for to spend some relaxed time, enjoy strolls across the beach, sunbath and more. ",Beach
Dolphin'S Nose,3.4,4-Mar,https://upload.wikimedia.org/wikipedia/commons/thumb/d/d8/RK_Beach_at_Sunset_time_02.JPG/960px-RK_Beach_at_Sunset_time_02.JPG," Very similar to a dolphins nose, this 174 m high rocky headland is situated in the south of Vizag . The nose seems to be protruding out towards the Bay of Bengal giving it a rather fascinating look. ",Beach
Katiki Waterfalls,3.4,2-Jan,https://upload.wikimedia.org/wikipedia/commons/thumb/3/3f/Katiki_waterfalls_cool.jpg/960px-Katiki_waterfalls_cool.jpg, A distance of 100 steps and a trek of 2 km will take you to a place where a most enchanting sight of Katiki Waterfalls awaits for the tourists. ,Adventure
Indira Gandhi Zoological Park,3.6,2-Jan,https://upload.wikimedia.org/wikipedia/commons/thumb/e/ea/Neophron_percnopterus_-Indira_Gandhi_Zoological_Park%2C_Visakhapatnam%2C_India-8.jpg/960px-Neophron_percnopterus_-Indira_Gandhi_Zoological_Park%2C_Visakhapatnam%2C_India-8.jpg," The Indira Gandhi Zoological Park is located amidst the Kambalakonda Reserve Forest in Visakhapatnam, Andhra Pradesh. Declared open to the public on 19 May 1977, the Park now offers a number of exhibits of more than 80 species of mammals, birds and reptiles. The Zoo Park has differentiated the  sections for primates, carnivores, lesser carnivores, small mammals, reptiles, ungulates and birds, all caged in their natural ambiance. Situated amidst the scenic Eastern Ghats of India, the Park is quite a pictueresque one.   ",Wildlife
Lambasingi,4.6,4-Mar,https://upload.wikimedia.org/wikipedia/commons/thumb/9/91/Valley_near_lambasinghi.jpg/960px-Valley_near_lambasinghi.jpg," Fondly called the ‘Kashmir of Andhra Pradesh’, Lambasingi is a quaint hamlet nestled in Chintapalli Mandal in the richly forested Arakku Valley at an elevation of 1025 m above the sea level. On of the best kept secrets of Andhra Pradesh, the dainty village is known for its majestic hills, apple orchards and panoramic views of the adjoining valleys. Also known as Korra Bayalu, the village is the only place in all of South India that experiences snowfall as the temperatures drop significantly. Besides abundant natural beauty and the gorgeous views if the towering hills and meandering rivers, the village also offers a plethora of adventure activities that you can try your hand at. So if you are looking for chilling temperature, pale mists, colourful gardens and prolific natural beauty, you know where to head to. ",Hill Station
War Memorial,3.1,2-Jan,https://upload.wikimedia.org/wikipedia/commons/thumb/0/06/Melbourne_war_memorial02.jpg/960px-Melbourne_war_memorial02.jpg," This memorial is dedicated to the 'Victory at Sea', during the Indo-Pak war in 1971. A renowned War memorial, it is located in Vizag on the left of the beach road and facing the submarine museum. Many war related materials are displayed here, including a fighter plane, missiles, few bombs and a tank. ",Beach
Lawson'S Bay Beach,3.1,5-Apr,https://upload.wikimedia.org/wikipedia/commons/thumb/a/a6/Lawsons_Bay_view_from_Kailasagiri.jpg/960px-Lawsons_Bay_view_from_Kailasagiri.jpg," Lawson's Bay beach is considered an extension of Ramakrishan beach more than often. It is a calm, serene and secluded stretch with lush greenery and  whitish sands. The majestic sea with shallow crystal clear water and calm waves here is ideal for swimming, sun bathing and surfing. ",Beach
Kambalakonda Wildlife Sanctuary,3.1,5-Apr,https://upload.wikimedia.org/wikipedia/commons/thumb/7/7f/Kambalakonda_wildlife_sanctuary_Landscape.jpg/960px-Kambalakonda_wildlife_sanctuary_Landscape.jpg, Kambalakonda Wildlife Sanctuary is located on the outskirts of Visakhapatnam and is a perfect example of natural harmony between the dry seasonal forest and the evergreen meadows. ,Beach
Bojjannakonda,4.9,5-Apr,https://upload.wikimedia.org/wikipedia/commons/thumb/c/c5/Bojjana_Konda_statue_06.jpg/960px-Bojjana_Konda_statue_06.jpg, Bojjannakonda is a small group of six rock-cut caves that has beautifully carved statues of Gautam Buddha which draw tourists and believers for its aesthetic and religious importance. The caves nearby also have stupas where Buddhist monks would meditate.  ,Spiritual
Ross Hill Church,3.4,2-Jan,https://upload.wikimedia.org/wikipedia/commons/thumb/4/4c/Ross-on-Wye2.jpg/600px-Ross-on-Wye2.jpg, Ross Hill Church is a splendid attraction that draws tourists and religious followers in large numbers. It is one of the few locations that can be climbed to get a fabulous view of the quaint city and the Port area. The attraction is frequently visited by photographers and nature lovers especially to view the beautiful sunrises and sunsets. Ross Hill Church has a beautiful architecture and a serene vibe that will hit the pause button to the endless mind chatter at least for a few moments. Tourists can explore the church and attend the prayer services/ mass if they choose to.  ,Hill Station
Tu 142 Aircraft Museum,3.2,3-Feb,https://upload.wikimedia.org/wikipedia/commons/thumb/9/98/TU-142_Aircraft_Model.jpg/960px-TU-142_Aircraft_Model.jpg," The TU-142M aircraft of The Indian Navy served for 29 years before it was decommissioned and placed at the Visakhapatnam beach sea and converted into a museum. Located opposite the Submarine Museum, TU 142 Museum has been one of the most popular tourist locations in the area. ",Beach
Gangavaram Beach,3.1,5-Apr,https://upload.wikimedia.org/wikipedia/commons/thumb/8/82/Aerial_photograph_of_Yarada_beach%2C_Visakhapatnam.jpg/960px-Aerial_photograph_of_Yarada_beach%2C_Visakhapatnam.jpg," One of the most beautiful beaches of the town, this one with palm trees and picture perfect sceneries attracts many film and TV serial makers. This beach with soft sands and cool breeze always provides a secluded atmosphere. ",Beach
Manikaran Gurudwara,4.5,5-Apr,https://upload.wikimedia.org/wikipedia/commons/thumb/1/14/Gurdwara_at_Manikarn.jpg/960px-Gurdwara_at_Manikarn.jpg," Located hardly 15 minutes from Kasol, Manikaran Gurudwara lies deftly on the banks of the Parvati River. It serves as a major pilgrim centre for Hindus and Sikhs. There are three hot springs where one can take a bath. The water in these springs contains sulphur which is capable of curing diseases. The water is hot enough to prepare food by directly placing the vessels and is served as langar. ",Beach
Malana,4.5,2-Jan,https://upload.wikimedia.org/wikipedia/commons/thumb/e/e3/Malana_Village_during_sunset.jpg/960px-Malana_Village_during_sunset.jpg," If you are up to some adventure, sightseeing and understanding the traditions of the local inhabitants, a visit to this small village is a blessing in disguise. If visiting Kasol you need to get involved in a trekking expedition to Malana. Malana village is almost 21 km from Kasol.  ",Adventure
Parvati River,4.6,5-Apr,https://upload.wikimedia.org/wikipedia/commons/thumb/4/43/Tosh_in_Monsoon%2C_July_2017.jpg/960px-Tosh_in_Monsoon%2C_July_2017.jpg," Parvati River flows through the Parvati Valley in Kasol and is an indispensable part of this town. Though not really a place to visit, the Parvati River is definitely a top attraction in Kasol. Since the flow is too dangerous to allow any adventure activities, you can simply sit on the rocks by the Parvati River and be mesmerised by the rumbling sounds. ",Hill Station
Chalal,4.4,3-Feb,https://upload.wikimedia.org/wikipedia/commons/e/e3/Dinesh_Lal_Yadav_at_Press_Conference_of_Celebrity_Cricket_League_2016_%28cropped%29.jpg," Situated at an altitude of over 5300 feet and a 30-minute trek away from the tourist hub of Kasol, Chalal has managed to retain its old-world mountain village rustic charm. With a grand view of snow-capped mountains and majestic pine trees, this quaint town has been nicknamed the ""Isreal of Himachal Pradesh"", and rightfully so! ",Hill Station
Tosh,4.2,4-Mar,https://upload.wikimedia.org/wikipedia/commons/2/26/BushDoctor1978_%28cropped2%29.jpg, A hippie culture and some stunning sceneries - this is what makes up Tosh. This little village tucked in the Himachal offers ongoing trekkers pretty pastoral scenes and calming views. ,Hill Station
Barshaini,4.0,4-Mar,https://upload.wikimedia.org/wikipedia/commons/thumb/a/a6/Kalga.jpg/960px-Kalga.jpg," The last place accessible by road in the Parvati Valley, Barshaini is a small village beyond Manikaran that also serves as the starting point for the 24km trek to Kheerganaga and is also connected to the small villages of Kalga-Tulga-Pulga. The lush greenery, views of magnificent snow-clad mountains and Parvati river add to the area’s scenic beauty. ",Hill Station
Kheerganga Waterfall,5.0,4-Mar,https://upload.wikimedia.org/wikipedia/commons/thumb/4/43/Tosh_in_Monsoon%2C_July_2017.jpg/960px-Tosh_in_Monsoon%2C_July_2017.jpg," Kheerganga is a tiny village and an important trekking point near Kasol in Himachal Pradesh. Kheerganga Waterfalls is a small stream of cascading water from the rocky hills on the side, en route to Kheerganga. The splendid waterfalls gurgle down in the backdrop of beautiful green hills and lush greenery and is a popular stopping point of the famous Kheerganga trek.  ",Hill Station
Tulga,3.7,3-Feb,https://upload.wikimedia.org/wikipedia/commons/thumb/9/94/Tulga%2C_rey_de_los_Visigodos_%28Museo_del_Prado%29.jpg/960px-Tulga%2C_rey_de_los_Visigodos_%28Museo_del_Prado%29.jpg," Situated in the middle of Kalga and Pulga in Himachal Pradesh’s Parvati Valley, Tulga is a secluded village that is accessible only from Barshaini and on foot. It is sparsely populated, dotted with only a few houses, and boasts of a serene environment owing to the lush greenery, patches of barley crops and the surrounding snow-clad mountains.  ",Hill Station
Little Italy,3.5,5-Apr,https://upload.wikimedia.org/wikipedia/commons/thumb/4/4c/Little_Italy_map_based_on_area.png/960px-Little_Italy_map_based_on_area.png," Little Italy boasts of casual yet serene vibes and is set amidst tall green trees in the mountains, featuring wooden furniture and decor. What draws swarms of visitors to this cafe includes delicious dishes like farmhouse pizza, pasta, cheeseburgers, fish, danishes, muffins etc. There are live music sessions to entertain the guests as they eat.This cafe in Little Israel is a treat for foodies since it serves mouth watering Italian dishes made with an Indian twist. ",Hill Station
Panchvati,4.3,2-Jan,https://upload.wikimedia.org/wikipedia/commons/thumb/2/2d/USA_VP_JD_Vance_with_his_family_and_PM_Narendra_Modi_at_7%2C_Lok_Kalyan_Marg%2C_New_Delhi.jpg/960px-USA_VP_JD_Vance_with_his_family_and_PM_Narendra_Modi_at_7%2C_Lok_Kalyan_Marg%2C_New_Delhi.jpg," Nothing short of holy for the ardent belivers of Ramayana, this site gets a lots of visitors in the form of pilgrims and religious travellers. A serene town located near Nasik, the site offers small sightings which would let you glipmse into the ancient world of where the exile of Lord Ram, Sita and Laxman took place, with banyan trees all around and an air of spirituality.  ",Spiritual
Sula Vineyard,4.2,3-Feb,https://upload.wikimedia.org/wikipedia/commons/thumb/3/35/Sula-Logo.jpg/960px-Sula-Logo.jpg,"  Sula Vineyards is an Indian winery located in Nashik in the state of Maharashtra, India. It was the valley's first commercial winery and was awarded with a silver medal for its 2012 Sauvignon Blanc as the biggest wine maker in India.The vineyard also houses a resort to live amid the winery and a tasting room in which people can taste different samples and varieties of wines produced at the winery. Sula Vineyards is spread over 160 acres of area in Nashik. ",Hill Station
Dudhsagar Falls,3.1,5-Apr,https://upload.wikimedia.org/wikipedia/commons/thumb/0/0b/Doodhsagar_Fall.jpg/960px-Doodhsagar_Fall.jpg," Regarded as one of the best falls in the view, Dhudsagar falls offer a panoramic view with a spectacular scenery. The cascade is in full verve during the monsoon season and quiet a sight to behold. ",Beach
Saptashrungi,4.2,4-Mar,https://upload.wikimedia.org/wikipedia/commons/thumb/0/06/Goddess_Saptashrungi_Devi_Temple1.jpg/960px-Goddess_Saptashrungi_Devi_Temple1.jpg," Situated on a hill range, consisting of seven hills, Saptashrungi is a site of religious significance for Hindus. The drive to the temple is quite scenic, especially during the monsoon season. ",Hill Station
Pandavleni Caves,4.2,2-Jan,https://upload.wikimedia.org/wikipedia/commons/thumb/e/ee/Nasik_cave_17.jpg/600px-Nasik_cave_17.jpg," Pandu Leni, also known as Trirashmi Caves, are a group of 24 caves carved between the 3rd century BC and the 2nd century AD, representing the Hinayana Buddhist beliefs. Out of the twenty-four caves, two caves majorly are the centre of attraction. The many inscriptions on the caves tell us that all the 3 kings, that ruled Nasik at that time, namely, the Kshatrapas, the Satavahanas and the Abhirs fully supported Buddhism,  though they were not Buddhists in the real sense. The inscriptions also confirm that apart from the kings, the local merchants and landlords too supported and donated huge sums for the development of these caves and the belief of Buddhism. ",Spiritual
Sita Gufa,3.6,5-Apr,https://upload.wikimedia.org/wikipedia/commons/thumb/6/64/Nasik%2C_Ramkund_%286362131297%29.jpg/960px-Nasik%2C_Ramkund_%286362131297%29.jpg," Nearby to Panchvati is the Sita Gufa, said to be the spot from where Sita was kidnapped by Ravana. A narrow staircase takes on into the caves, where they find idols of Lord Ram, Sita and Lakshmana as well as a Shivlinga, said to be the one, Sita worshipped. ",Other
Anjaneri Hills,3.1,5-Apr,https://upload.wikimedia.org/wikipedia/commons/thumb/1/1c/Anjineri_fort_Nasik.jpg/960px-Anjineri_fort_Nasik.jpg," Believed to be the birthplace of Lord Hanuman, Anjaneri derives its name from Hanuman's mother Anjani. Perched in the picturesque mountain range of Nashik-Trimbakeshwar, Anjaneri fort is at a distance of ~20 km from Nashik. ",Hill Station
Gangapur Dam,3.3,5-Apr,https://upload.wikimedia.org/wikipedia/commons/thumb/0/0b/Canal_tower_of_Gangapur_Dam_India.jpg/600px-Canal_tower_of_Gangapur_Dam_India.jpg," Gangapur Dam is an earthfill dam on River Godavari, and the longest earthen reservoir of Asia. People come here to spend a peaceful afternoon on the garden by the river, enjoying the blissful, picturesque scenery of the river, straight out of a dream. Migratory birds can be spotted in the evening, and there is a new boating facility to attract more tourists. ",Spiritual
Dugarwadi Waterfalls,3.6,5-Apr,https://upload.wikimedia.org/wikipedia/commons/thumb/a/a8/Dugarwadi.jpg/960px-Dugarwadi.jpg," Situated at 177 kms from Mumbai in Nasik, Dugarwadi Waterfalls is a beautiful cascade of silvery water amidst verdant greenery, enveloped in  mountains. The waterfalls are synonymous with natural beauty, calm and tranquility. ",Hill Station
Mulher ,3.5,3-Feb,https://upload.wikimedia.org/wikipedia/commons/thumb/8/8d/Salher_Fort.jpg/960px-Salher_Fort.jpg," Mulher, also known as Mayurgad, is a hill fort in Maharashtra. One of the many forts in Nasik, it is at an elevation of 4200 feet from the ground. ",Hill Station
Salher ,3.5,4-Mar,https://upload.wikimedia.org/wikipedia/commons/thumb/8/8d/Salher_Fort.jpg/960px-Salher_Fort.jpg," The highest fort in the Sahyadri, Salher is a lesser known but extremely gorgeous trekking destination that should be a must on your bucket list. ",Adventure
Ram Kund,4.1,5-Apr,https://upload.wikimedia.org/wikipedia/commons/thumb/2/24/Rama_Temple_at_Saidpur_Village.jpg/960px-Rama_Temple_at_Saidpur_Village.jpg," Ram Kund is the sacred tank of Nashik where believers gather to immerse the remains of the dead souls for their salvation, just like Lord Rama himself did for his father. He also took a bath here during exile. Hindus believe a dip in this tank will wash away their sins, and thus flock here in crowds, especially during the Kumbh Mela. ",Other
Artillery Museum,3.6,4-Mar,https://upload.wikimedia.org/wikipedia/commons/thumb/a/a2/Finnish_artillery_museum_Hameenlinna_2.jpg/600px-Finnish_artillery_museum_Hameenlinna_2.jpg," Artillery Centre Museum premise used to be a military centre for British-Indian forces during World War II, but now part of it is a museum and the other part is a training ground for Indian soldiers. The museum houses a whole range of weapons and aircrafts used by the Indian army over the decades, and offers a glimpse into the country's proud military past. ",Heritage
Balaji Devsthan,4.7,5-Apr,https://upload.wikimedia.org/wikipedia/commons/thumb/a/a9/Janki_Mandir.JPG/960px-Janki_Mandir.JPG," Balaji Devsthan in Nashik houses a replica of the idol deity of TIrupati, and is a haven for those who cannot make the trip to the original shrine. Moreover, River Godavari and the adjacent waterfall offer a spectacular ambience for peace and spirituality. Regular religious festivals are organised here, and the Lakshadeep Utsav on the day of Kojagari Pournima is very special. ",Spiritual
Swami Samarth Ashram,4.7,3-Feb,https://upload.wikimedia.org/wikipedia/commons/thumb/f/ff/Shri_Swami_Samarth.jpg/960px-Shri_Swami_Samarth.jpg," Swami Samarth Ashram is a place of spirituality, close to the Trimbakeshwar Temple in Nashik. The ashram is dedicated to the 19th century saint Swami Samarth, who lived in Maharashtra and effected the lives of the people with his wisdom and preachings. The temple still upholds the old traditions and rituals catering to his followers. The ashram also offers a spectacular view of the Sahyadri range. ",Spiritual
Shubham Water World,3.6,2-Jan,https://upload.wikimedia.org/wikipedia/commons/thumb/b/b5/Baisaran_Valley_Kashmir24102023.jpg/960px-Baisaran_Valley_Kashmir24102023.jpg," Shubham Water World is situated in Anjeneri Hills in Nashik. The park is dotted with swings and slides and roller coasters, and is popular among both the kids and adults. The park also has an amusement park, play area and food options. ",Hill Station
Dabhosa Waterfall,4.0,4-Mar,https://upload.wikimedia.org/wikipedia/commons/thumb/6/60/Jaivilas_Palace%2C_Jawhar.jpg/960px-Jaivilas_Palace%2C_Jawhar.jpg," Dabhosa Waterfall is situated near Nasik in Thane, Maharashtra. Formed over Lendi River, the falls fall down a height of around 300 metres. The spot also facilitates adventure activities like Kayaking, Valley Crossing, Zip Line, fishing and trekking. ",Hill Station
Sula Fest,4.7,5-Apr,https://upload.wikimedia.org/wikipedia/commons/thumb/3/35/Sula-Logo.jpg/960px-Sula-Logo.jpg," With music performances going on till late in the night, the Gourmet World Music Festival, famously known as Sula Fest is a music lover's paradise. Hosted at the Sula Vineyards, Sula Fest is one of the largest music fests in India. The fest includes some of the top artists performing and a lot of wine. In its next edition which will be held on 2nd - 3rd February 2019 has got performances from Kefaya, Rodney Branigan, Young The Giant and Nucleya all lined up for you. So hurry up and buy your tickets as it tends to get sold out very quickly. For the ultimate fest experience, make sure to stay in one of the tent accommodation. ",Cultural
Zonkers Adventure Park,3.4,5-Apr,https://upload.wikimedia.org/wikipedia/commons/thumb/8/88/The_Great_Mall_of_the_Great_Plans_%287324256862%29.jpg/960px-The_Great_Mall_of_the_Great_Plans_%287324256862%29.jpg," Zonkers Adventure Park is an ultimate fun adventure park situated in Nashik. It offers a plethora of adventure activities and fun sports for both the adults and the kids. From the several games and activities available at the park, the most popular ones include artificial rock climbing, go karting, zip lining, rappelling etc. ",Adventure
Silathoranam,3.1,2-Jan,https://upload.wikimedia.org/wikipedia/commons/thumb/4/4e/Tirumala_Anand_nilayam4653.jpg/960px-Tirumala_Anand_nilayam4653.jpg," One of the natural marvels that history left behind, the Silathoranam, now, finds itself being an important landmark in archaeology and heritage. This is a natural rock formation, one of the only three of this kind in the world. ",Heritage
Chittoor,3.1,2-Jan,https://upload.wikimedia.org/wikipedia/commons/thumb/5/5d/Cto_railway_station.jpg/960px-Cto_railway_station.jpg," At around 72 km away from Tirupati, Chittoor or Chittur is a temple town and enshrines many deities. Some of the famous temples include Varasiddi Vinayaka Swamy Temple, Subramanya Swamy Temple, Durgamma Gudi and Sai baba Temple. ",Spiritual
Nellore,3.1,4-Mar,https://upload.wikimedia.org/wikipedia/commons/thumb/8/8a/Sri_Ranganathaswamy_Temple%2C_Galigopuram%2C_Nellore_%284%29.jpg/960px-Sri_Ranganathaswamy_Temple%2C_Galigopuram%2C_Nellore_%284%29.jpg," Located 130km southwest of Tirupati is the fascinating city of Nellore. Nellore is known for its pristine and clean beaches, the most notable ones being Kodur(You can boat here and catch a fish if lucky! Velangani Maatha Church lies next to the sea shore. ",Beach
Kapila Teertham,4.8,3-Feb,https://upload.wikimedia.org/wikipedia/commons/thumb/0/00/Kapilatheertam.jpg/960px-Kapilatheertam.jpg," A Shaivite temple, Kapila Teertham is a famous pilgrimage in the city. The temple is located at the entrance of a mountain cave at the foothills of Tirumala Hills and is a marvellous example of Dravidian architecture. The presiding deity is Lord Shiva who is locally known as Lord Kapileshwara. The idol of the deity was installed by Kapila Muni. ",Hill Station
Sri Venkateswara National Park,4.0,2-Jan,https://upload.wikimedia.org/wikipedia/commons/thumb/1/1e/Sri_Venkateswara_National_Park_Tirumala_Hills_01.jpg/960px-Sri_Venkateswara_National_Park_Tirumala_Hills_01.jpg," Sri Venkateswara National Park is a bioreserve that occupies over 350 square kilometres of the area on the Eastern Ghats of India. The park is well known for several waterfalls and a high level of biodiversity. It has fantastic topographical features and natural landscape, hence is a favourite attraction for nature and animal lovers. ",Wildlife
Srivari Museum,3.4,2-Jan,https://upload.wikimedia.org/wikipedia/commons/thumb/4/4e/Tirumala_Anand_nilayam4653.jpg/960px-Tirumala_Anand_nilayam4653.jpg," Sri Vari Museum is a famous attraction to get a glimpse into the religious history of the region. The museum has an impressive collection of artefacts that give insights into the ancient history and architecture of the temple that includes sculptures, photographs, scriptures, temple and pooja utensils, etc. ",Heritage
Srivari Padalu,3.6,3-Feb,https://upload.wikimedia.org/wikipedia/commons/thumb/4/4e/Tirumala_Anand_nilayam4653.jpg/960px-Tirumala_Anand_nilayam4653.jpg," Situated on top of Narayangiri Hill amidst beautiful scenery, Srivari Padalu is believed to be the place where Lord Narayan first set his foot on earth. It is an important pilgrimage and visitors flock in large numbers to offer prayers to the footprints of Lord Narayan. ",Hill Station
Kanipakam,3.8,3-Feb,https://upload.wikimedia.org/wikipedia/commons/thumb/e/e0/Galipgopuram_of_Kanipakam_temple_%28May_2019%29_4.jpg/960px-Galipgopuram_of_Kanipakam_temple_%28May_2019%29_4.jpg," Kanipakam is a village in the district most famous for the Kanipakam Vinayak Temple, built in the 11th century by King Mahavarman Sundara Pandian and for the Shiva Temple which was built by King Kullotunga Chola. The rich religious significance of the temples and the stunning ancient architecture attracts visitors in large numbers each year. ",Heritage
Vaikuntha Teertham,3.9,4-Mar,https://upload.wikimedia.org/wikipedia/commons/thumb/4/4e/Tirumala_090615.jpg/960px-Tirumala_090615.jpg," Considered a sacred waterfall, Vaikuntha Teertham is associated with the legend of Ramayana. It is believed that Lord Rama's vanarsena located the teertham. A dip in the holy waters is considered to bring luck, good fortune and absolve one of their sins. ",Heritage
Nagalapuram,3.4,3-Feb,https://upload.wikimedia.org/wikipedia/commons/thumb/4/43/Nagalapuram_Hill_Streams1.jpg/600px-Nagalapuram_Hill_Streams1.jpg," Hidden like a jewel behind the lush green forests of Andhra Pradesh lies a serene and tranquil place named Nagalapuram.  Also known as Nagala Hills, it is famous for its various adventurous activities. Nagalpuram is also known for housing the Nagalpuram Falls. A group of 3 waterfalls, it offers a great trekking opportunity and a stunning panoramic view. ",Hill Station
Kapila Theertham,3.0,3-Feb,https://upload.wikimedia.org/wikipedia/commons/thumb/0/00/Kapilatheertam.jpg/960px-Kapilatheertam.jpg," At a distance of 4 kms from the city centre, Kapila Theertham is a popular waterfalls situated inside the premises of Kapileswara Swamy Temple at the base of Sheshadari Hills. The water cascading down of 100 metres to form a pool at the base is a gorgeously enchanting sight to see. ",Hill Station
Highway Grand World,3.1,5-Apr,https://upload.wikimedia.org/wikipedia/commons/thumb/3/39/Grand_Trunk_Road_Route.png/960px-Grand_Trunk_Road_Route.png," Situated on Chennai - Thiruttani - Renigunta Hwy, Veerakaverirajupuram near Tirupati, Highway Grand World is a grand water park in Tirupati. The water park also hosts private parties, weddings, work gatherings and school group trips.  ",Other
Teppotsavam,4.7,3-Feb,https://upload.wikimedia.org/wikipedia/commons/thumb/7/72/Bhadrachalam_temple_View_from_Lord_Narasimha_Temple_in_2015_%28cropped%29.JPG/960px-Bhadrachalam_temple_View_from_Lord_Narasimha_Temple_in_2015_%28cropped%29.JPG," Tirumala Tirupati Teppotsavam otherwise called as the float festival is one of the most popular boat festival held at the Krishna Temple at Tirupati. Falling every year in the month of Chaitra (March) according to the Hindu Calendar, the celebrations are held on a grand scale for five days. Amidst the chants hailing Lord Govinda, the Teppotsavam is a spectacular display of culture, religion, tradition and devotion of devotees. ",Spiritual
Brahmotsavam Festival In,4.1,4-Mar,https://upload.wikimedia.org/wikipedia/commons/thumb/6/68/Lord_Venkateswara_on_Gaja_Vahanam..JPG/960px-Lord_Venkateswara_on_Gaja_Vahanam..JPG," The Tirumala Venkateswara temple, along with being the richest temple, is also the most visited place of worship in the world. Built in the 8th century, this temple witnesses about 50,000-100,000 pilgrimage visits daily. During the Brahmostav Festival in September, the temple is visited by about a million devotees in the span of a week. The festival takes place over a span of nine days and is also termed Brahma's Utsavam or Lord Brahma's festival. In 2022, it will be held from 26th September to 5th October. ",Spiritual
Ram Mandir,3.2,2-Jan,https://upload.wikimedia.org/wikipedia/commons/thumb/d/df/Ayodhya_Ram_Mandir_Inauguration_Day_Picture.jpg/960px-Ayodhya_Ram_Mandir_Inauguration_Day_Picture.jpg, Ram Mandir as the name suggests is dedicated to Lord Rama who is seen here with his wife Sita on one side and his brother Laxman on another. Ram Mandir is the epitome of excellence in the field of architecture. ,Heritage
Sandipani Ashram,4.3,5-Apr,https://upload.wikimedia.org/wikipedia/commons/thumb/5/57/Shree_Krishna_Sandipan_Dakshina.jpg/600px-Shree_Krishna_Sandipan_Dakshina.jpg," Being the very spot where Guru Sandipani coached Lord Krishna, Balram and Sudama, the Sandipani Ashram has many mentions in Mahabharat. The ashram houses a giant stone with 1-100 inscribed on it, as first written by Guru Sandipani. Be sure to check out the mystical Gomati Kunda, which holds a blend of all the holy waters in the world. ",Beach
Vikram Kirti Mandir Museum,4.8,5-Apr,https://upload.wikimedia.org/wikipedia/commons/thumb/1/15/Gwalior_Fort_front.jpg/960px-Gwalior_Fort_front.jpg," Built in commemoration of the beloved king Vikramaditya, the Vikram Kirti Mandir Museum does a great deal in glorifying and exalting the Maurya age. Built in 1965, this museum houses everything- right from ancient manuscripts and coins to copper plates and fossils discovered in the Narmada Valley. You can pay your respects at the Vikram Kirti Mandir where the museum is situated. ",Hill Station
Dhikala,3.7,2-Jan,https://upload.wikimedia.org/wikipedia/commons/thumb/7/78/Bengal-Tiger_Corbett_Uttarakhand_Dec-2013.jpg/960px-Bengal-Tiger_Corbett_Uttarakhand_Dec-2013.jpg," The Dhikala Forest Lodge is the most popular tourist attraction at Jim Corbett National Park. It is famous for spotting the Bengal tiger, spotted deers, Dhikala Chaur and the rare Hog deer. Dhikala is the only tourism zone where canter safari is available. ",Wildlife
Jhirna,3.2,4-Mar,https://upload.wikimedia.org/wikipedia/commons/thumb/7/78/Bengal-Tiger_Corbett_Uttarakhand_Dec-2013.jpg/960px-Bengal-Tiger_Corbett_Uttarakhand_Dec-2013.jpg," Jhirna safari zone in Corbett National Park is one of the five tourism zones open to the public. It is popular for tiger and sloth bear sightings. Characterised by dry deciduous forest, animals like deer, nilgai, chital and elephants can also be spotted here. ",Wildlife
Kosi River,3.0,4-Mar,https://upload.wikimedia.org/wikipedia/commons/thumb/d/de/Golden_Hour_on_the_Koshi_-_A_Fisherman%27s_Tale.jpg/960px-Golden_Hour_on_the_Koshi_-_A_Fisherman%27s_Tale.jpg," Kosi River in Jim Corbett National Park makes a picturesque location with a breathtaking view of the hills in the backdrop and pristine clear waters. Inhabited by mahseer fish, it attracts huge number of migratory birds. It is also popular for rafting. ",Hill Station
Gyan Yatra,4.2,5-Apr,https://upload.wikimedia.org/wikipedia/commons/thumb/d/d7/Statues_of_Lord_Jagannath_at_Bhubaneswar.jpg/960px-Statues_of_Lord_Jagannath_at_Bhubaneswar.jpg, Gyan Yatra is a program that is designed to share knowledge about Jim Corbett and the flora and fauna thriving inside it to the guests. The program includes nature walks and tours that allows one to see the park from a broadened point of view which is mostly missed on a Safari and realise there is more to the reserve than the wildlife and the resorts. ,Wildlife
Jai Vilas Palace,4.2,5-Apr,https://upload.wikimedia.org/wikipedia/commons/thumb/0/08/Jai_Vilas_Palace_%28_Scindia_Palace%29.jpg/960px-Jai_Vilas_Palace_%28_Scindia_Palace%29.jpg," The Jai Vilas Palace also known as the Jai Vilas Mahal, is a nineteenth-century palace placed in Gwalior Madhya Pradesh, India. It was established in 1874 by Jayajirao Scindia, the Maharaja of Gwalior and is still the residence of his descendants, the former royal Maratha Scindia dynasty.  ",Heritage
Gujari Mahal ,3.5,2-Jan,https://upload.wikimedia.org/wikipedia/commons/2/2f/Gujari_mahal_-_panoramio.jpg," Built by Man Singh in the 15th century for his favorite wife Mrignayani, Gujari Mahal is now in ruins and also an archaeological museum as it showcases various sculptures, statues and other remains dating back to 1st and 2nd century BC. ",Heritage
Tomb Of Tansen,3.5,2-Jan,https://upload.wikimedia.org/wikipedia/commons/thumb/8/84/Tansen_of_Gwalior._%2811.8x6.7cm%29_Mughal._1585-90._National_Museum%2C_New_Delhi..jpg/600px-Tansen_of_Gwalior._%2811.8x6.7cm%29_Mughal._1585-90._National_Museum%2C_New_Delhi..jpg," One of the greatest musicians of India and en eminent vocalist in the courts of Akbar in the medieval period, Tansen was also among one of the nine gems of the Mughal court. ",Heritage
Teli Ka Mandir,3.5,5-Apr,https://upload.wikimedia.org/wikipedia/commons/thumb/6/69/Teli_Ka_Mandir%2C_Gwalior_Fort.JPG/960px-Teli_Ka_Mandir%2C_Gwalior_Fort.JPG," Located in the Gwalior Fort, this temple also dates back to the 9th century and is the highest building in Gwalior (100 ft.). This temple was used to process oil before the Britishers occupied the Gwalior Fort. ",Heritage
Scindia Museum,3.5,4-Mar,https://upload.wikimedia.org/wikipedia/commons/thumb/0/08/Jai_Vilas_Palace_%28_Scindia_Palace%29.jpg/960px-Jai_Vilas_Palace_%28_Scindia_Palace%29.jpg," Dedicated to Jivaji Rao Scindia, this is one of the most prominent museums of Madhya Pradesh. It occupies around 35 rooms of Jai Villas Palace and was established in the year 1964. ",Heritage
Padavali And Bateshwar,3.2,4-Mar,https://upload.wikimedia.org/wikipedia/commons/thumb/e/ea/Bateshwar_Temples_%2815695822503%29.jpg/960px-Bateshwar_Temples_%2815695822503%29.jpg," Situated around 40 km from the main town of Gwalior, Padavali is an fortress comprising many ancient temples. The temples have intricate carvings and one of the temples also have erotic carvings and hence famous as mini Khajuraho. ",Heritage
Suraj Kund,3.7,5-Apr,https://upload.wikimedia.org/wikipedia/commons/thumb/e/ef/Suraj_Kund.jpg/960px-Suraj_Kund.jpg, Suraj kund in Gwalior is a tank located in Gwalior fort. It is believed to have magical powers. Water from the tank act as a medicinal water  that cures chronic diseases. Surroundings of the Suraj Kund are quite attractive and well maintained which encourage the tourist to spend plenty of time. ,Beach
Trade Fair,3.2,3-Feb,https://upload.wikimedia.org/wikipedia/commons/thumb/8/83/Gwalior_Fair.JPG/960px-Gwalior_Fair.JPG," One of the largest fairs of Madhya Pradesh, this trade fair was started in 1905 by Maharaj Madhav Rao Scindia, the king of Gwalior. Spread over an area of 104 acres, the fair is held at the Mela Ground at the Race Course Road. ",Other
Tighra Dam,3.2,2-Jan,https://upload.wikimedia.org/wikipedia/commons/thumb/1/15/Gwalior_Fort_front.jpg/960px-Gwalior_Fort_front.jpg, Tighra dam is located just outside the main city and provides a nice getaway from the city. ,Other
Shyam Vatika,3.2,4-Mar,https://upload.wikimedia.org/wikipedia/en/thumb/9/91/Walking_past_the_mural_at_Shyam_Vatika.jpg/960px-Walking_past_the_mural_at_Shyam_Vatika.jpg," Recognized by the Guinness as World's largest indoor mural, this is a privately owned banquet hall with all its ceilings and interior walls painted by a team of 6 artists led by Ashutosh Panigrahi. ",Other
Gopachal Parvat,3.7,3-Feb,https://upload.wikimedia.org/wikipedia/commons/thumb/5/58/Gopachal_%284%29.jpg/960px-Gopachal_%284%29.jpg," Gopachal Parvat is a famous for the 7th and 15th century rock-cut Jain monuments. The monuments are dedicated to Jain Teerthankaras - Adinatha, Mahavir, Neminatha and Rishanabhanatha - whose idols can be seen in a meditative posture. They are a part of 100 monuments located in and around the city. ",Heritage
Govardhan Hill,4.2,3-Feb,https://upload.wikimedia.org/wikipedia/commons/thumb/1/12/Govardhan_hill%2C_Govardhan.jpg/960px-Govardhan_hill%2C_Govardhan.jpg," Govardhan Hill or the Giri Raj is situated at a distance of 22 km from Vrindavan. It has been stated in the Holy Bhagwat Gita that according to Lord Krishna, Govardhan Parvat is not different from him. Therefore, all his worshipers worship the pure rocks of the hill just like they worship his idol. ",Hill Station
Radha Kund,3.1,2-Jan,https://upload.wikimedia.org/wikipedia/commons/thumb/2/29/Radha_Kund_3.jpg/960px-Radha_Kund_3.jpg," Situated near Govardhan Hill in the small town in Mathura is one of the holiest places in Braja - the Radha Kund and Shyam Kund. The two holy water tanks lying next to each other are considered to be the supreme of all holy places, containing pure and sacred water, also known to contain magical properties to heal for conception.  ",Hill Station
Kusum Sarovar,4.1,5-Apr,https://upload.wikimedia.org/wikipedia/commons/thumb/f/fe/Chhatris_of_Kusum_Sarovar.jpg/960px-Chhatris_of_Kusum_Sarovar.jpg," Located between Govardhan and Radha Kund in Vrindavan, Mathura, Kusum Sarovar is a beautiful reservoir fringed by palatial sandstone building from the bygone era. The reservoir has a flight of stairs which can be used to descend in the pond. The sarovar is believed to have got its name from one of the girl attendants of Radha, named Kusum. The water is ideal for swimming and dips. Kusum Sarovar also has several temples and ashrams in the vicinity. ",Beach
Lathmar Holi,3.3,2-Jan,https://upload.wikimedia.org/wikipedia/commons/thumb/f/f3/Lathmar_Holi_2022_in_Nandgaon%2C_Uttar_Pradesh_%28edited%29.jpg/960px-Lathmar_Holi_2022_in_Nandgaon%2C_Uttar_Pradesh_%28edited%29.jpg," Lathmar Holi is celebrated 4-5 days before the festivities of other states. However, it is interesting to note how this festival is celebrated in a rather peculiar way in Nandgaon and Barsana towns in the Mathura district. The towns are some 42 kms from Mathura and are extremely popular for the celebrations during Holi. The natives are known for playing Holi with not only colours but also sticks. Thandai (a sweet drink) and Holi go hand in hand, so don't miss out on it! ",Cultural
Mathura,3.7,5-Apr,https://upload.wikimedia.org/wikipedia/commons/thumb/8/87/Government_Museum_-_Mathura_2013-02-23_5014.JPG/960px-Government_Museum_-_Mathura_2013-02-23_5014.JPG," Initially known as Curzon Museum of Archaeology, Government Museum Mathura is located at Dampier Park. Also called Mathura Museum locally, the repository is one of the finest in the country and houses a fairly big collection of ancient relics, sculptures, coins and paintings. ",Heritage
Kans Qila,3.1,5-Apr,https://upload.wikimedia.org/wikipedia/commons/thumb/2/2e/Kans_Quila%2C_Mathura.jpg/960px-Kans_Quila%2C_Mathura.jpg," Located on the banks of the serene Yamuna River, Kans Qila is an ancient fortress in Mathura dedicated to Kans - the maternal uncle of Lord Krishna. Situated near the Krishna Ganga Ghat and Gau Ghat, the fort is a popular tourist spot and has been constructed as a fusion of Hindu- Muslim architecture. Kans ka Qila is in a dilapidated state due to negligence but is still thronged by tourists and alike. ",Heritage
Dauji Mandir,4.6,2-Jan,https://upload.wikimedia.org/wikipedia/commons/1/17/Balarama_Mural.jpg," About 18 kilometres from Mathura is one of the most revered temples of the country, the Dauji Mandir. The temple has stood for over 5000 years since 1535 AD and is one of the oldest temples in the city. The presiding deity of the temple is Lord Balarama, who was the elder sibling of Lord Krishna. ",Spiritual
Barsana,4.4,3-Feb,https://upload.wikimedia.org/wikipedia/commons/thumb/7/74/Radharani_Temple_Barsana_2.jpg/960px-Radharani_Temple_Barsana_2.jpg," Barsana is the birthplace of Radha Rani as the Hindu goddess Radha (Lord Krishna's consort) was born in this city. Barsana is also popular for the grand celebration performed during the Holi festival, known as the Lathmar Holi.  ",Cultural
Tilak Dwar,3.5,2-Jan,https://upload.wikimedia.org/wikipedia/commons/thumb/3/3f/Trilok_Kapoor.jpg/960px-Trilok_Kapoor.jpg," Tilak Dwar in Mathura is a local market surrounding the Dwarikadish Temple and Vishram Ghat. It is known for trinkets like brass statue, rosary beads, handicrafts, painting, sculptures, and hand embroidered items at low prices.  ",Spiritual
Shri Nand Yashoda Bhawan,3.1,3-Feb,https://upload.wikimedia.org/wikipedia/commons/thumb/7/79/Radha_Krishna_at_Iskcon_Vrindavan.jpg/960px-Radha_Krishna_at_Iskcon_Vrindavan.jpg," Shri Nand Bhawan in Gokul is the childhood home of Lord Krishna where he spent time with Balram, after his birth parents were captured by King Kansa. It is also known as Chaurasi Khamba Temple as it rests on 84 pillars. Nand Bhawan belonged to Nand Maharaj, the foster father of Lord Krishna. It was here that Sri Krishna and Balram's naming ceremony was conducted. ",Spiritual
Nagaon Beach,4.3,5-Apr,https://upload.wikimedia.org/wikipedia/commons/thumb/5/50/NagaonBeach.JPG/960px-NagaonBeach.JPG," Located on the shores of the Arabian sea, Nagaon beach is 9 km away from Alibaug's city centre. Lined palms, betel, and Suru trees, this beach is most famous for its cleanliness and for hosting water-based adventure activities available at a reasonable price. Experience the life of the locals at the many homestays and resorts here, which make Nagaon Beach the perfect weekend getaway. ",Beach
Akshi Beach,3.7,5-Apr,https://upload.wikimedia.org/wikipedia/commons/thumb/d/d6/Lesser_crested_terns_%28Thalasseus_bengalensis%29_by_Shantanu_Kuveskar.jpg/960px-Lesser_crested_terns_%28Thalasseus_bengalensis%29_by_Shantanu_Kuveskar.jpg," Akshi Beach is an offbeat tourist attraction located between Nagaon beach and Alibag beach. One of the cleanest beaches in India, boating, sunbathing and swimming can be enjoyed here. ",Beach
Kanakeshwar Forest,3.2,3-Feb,https://upload.wikimedia.org/wikipedia/commons/thumb/3/3d/Kankeshwar_Temple_2019.jpg/960px-Kankeshwar_Temple_2019.jpg," The beautiful, dense and majestically mesmerizing lush green Kanakeshwar Forest is known for its richness and abundance of flora and fauna. Poisonous snakes, Panthers, Leopards, and Wild boars can be spotted here roaming around the forest. The forest is so rich in vegetation as to block any sunlight and the interiors also have a temple dedicated to Lord Shiva. The trail is a little risky to undertake and is only advisable with prior precautions. ",Wildlife
Kashid Beach,4.3,3-Feb,https://upload.wikimedia.org/wikipedia/commons/thumb/a/ac/Kashid_Beach_1.jpg/960px-Kashid_Beach_1.jpg," One of the most popular and alluring beaches of Maharashtra, the Kashid beach comes with a promise of a perfect and relaxed beach holiday. The sun kissed, white, clean sandy beach with crystalline water is full of natural beauty. ",Beach
Mandwa,4.3,4-Mar,https://upload.wikimedia.org/wikipedia/commons/thumb/8/84/Mandwa_Beach%2C_March_2015.JPG/960px-Mandwa_Beach%2C_March_2015.JPG," The beautiful and mesmerizing Mandwa beach is located 20km north of Alibaug. Located in the vicinity of Gateway of India, the beach can be reached easily via ferries from Gateway of India. ",Beach
Korlai Beach,4.9,3-Feb,https://upload.wikimedia.org/wikipedia/commons/thumb/b/bd/Portuguese_church_of_Korlai_fort.jpg/960px-Portuguese_church_of_Korlai_fort.jpg," Korlai Beach is one of the hidden gems of Mumbai. Situated at a little distance from the town of Alibaug, the main beach is located in the small fisher village of Korlai. Contrary to the usual sand beaches of Maharashtra, this one full of green-yellow weeds, pink oxalis flowers and grassy meadows during the rainy season. ",Beach
Brahma Kund,3.7,3-Feb,https://upload.wikimedia.org/wikipedia/commons/thumb/2/2a/Brahmkund.jpg/960px-Brahmkund.jpg, Brahma Kund is rectangular shaped kund surrounded by steps on all four sides. It is immensely popular for its religious belief as it is believed that the water in the kund was collected by constructing walls when Lord Brahma bathed Lord Krishna. ,Spiritual
Murud Beach,4.3,3-Feb,https://upload.wikimedia.org/wikipedia/commons/thumb/2/28/Dapoli_Village_Top_View.jpg/960px-Dapoli_Village_Top_View.jpg," A relaxing stretch of glittering white sand, Murud Beach is not as cluttered by tourist rush as are most popular beaches. A popular place to visit near Alibaug, it is known for the scenic views of the surrounding landscape and adventurous water sports. ",Beach
Rewas Jetty,3.2,5-Apr,https://upload.wikimedia.org/wikipedia/commons/thumb/5/50/NagaonBeach.JPG/960px-NagaonBeach.JPG," The jetty is 23 km away from Alibaug, famous and significant for Mumbai Launch service. It is 6km away from Kihim. ",Other
Nagoba Mandir,3.2,4-Mar,https://upload.wikimedia.org/wikipedia/commons/thumb/e/e3/Main_road_Bhadravati.jpg/960px-Main_road_Bhadravati.jpg," Known for legends to its origins and its hanging clusters of countless bells, Nagoba Mandir is a significant religious centre, near the Saswane Beach. ",Beach
Khanderi Island,3.7,2-Jan,https://upload.wikimedia.org/wikipedia/commons/thumb/0/07/The_Lighthouse%2C_Khanderi_Fort.jpg/960px-The_Lighthouse%2C_Khanderi_Fort.jpg," Located 5km off the coast of Maharashtra lies a tiny island of Khanderi. Officially renamed as Kanhoji Angre island in 1998, it consists of a fortification with its sister fort Underi. The island is home to two hills and a lighthouse built by the British in 1867. As the fort falls under the jurisdiction of the Indian Navy, it's a restricted area; however, one can visit the island and the lighthouse with a minimal charge. ",Hill Station
Karmarkar Museum,4.2,4-Mar,https://upload.wikimedia.org/wikipedia/commons/2/23/Nanasaheb_Karmarkar.jpg," Displaying the life works of Padmashree VP Karmarkar, the Karmarkar Museum exhibits 150+ carved sculptures. Located 18km away from Alibaug in Bodani, the museum holds statues of different sizes, weights and structures. Late VP Karmarkar, has sculpted his granddaughter Suman at various stages of her life and some of the other notable sculptures include Hira Kolin and Shankhdhwani. The artworks and carvings date back to the 20th century, and hence it’s a great place for art students and enthusiasts.  ",Heritage
Jatayu Tirtham,3.2,4-Mar,https://upload.wikimedia.org/wikipedia/commons/thumb/e/ef/Jatayu_Attacks_Ravana_to_Save_Sita_and_Shatters_his_Chariot_-_early_18th-century.jpg/960px-Jatayu_Attacks_Ravana_to_Save_Sita_and_Shatters_his_Chariot_-_early_18th-century.jpg," Jatayu tirtham is the holy temple constructed in the memory of Jatayu, who was the most loyal eagle of Rama and who helped lord Rama at various instances in getting herbs from the mountains. ",Hill Station
Lakshmana Tirtham,3.2,4-Mar,https://upload.wikimedia.org/wikipedia/commons/thumb/5/54/Rameswaram_montage_image.jpg/600px-Rameswaram_montage_image.jpg," Lakshmana Tirtham had been constructed in the loving memory of Lord Lakshman, brother of Lord Rama. In order to offer sacred prayers to lord Lakshmana, this temple has been constructed in Rameshwaram itself which indicates that Lord Lakshman had been given a valuable place in the dynasty of Lord Rama. ",Heritage
Villoondi Tirtham,4.5,4-Mar,https://upload.wikimedia.org/wikipedia/commons/thumb/5/54/Rameswaram_montage_image.jpg/600px-Rameswaram_montage_image.jpg, Villoondi Tirtham is a beach which is also considered a sacred natural water body and a favourite amongst tourists. It also has a spring inside the sea which makes the attraction a unique one and is often associated with the Legend of Ramayana. It is believed that Lord Rama shot an arrow to create this spring to help his people with drinking water. ,Beach
Gandhamadhana Parvatham,3.2,4-Mar,https://upload.wikimedia.org/wikipedia/commons/thumb/7/76/Bhutanese_thanka_of_Mt._Meru_and_the_Buddhist_Universe.jpg/960px-Bhutanese_thanka_of_Mt._Meru_and_the_Buddhist_Universe.jpg," Gandhamadhana Parvatham is the deity of several communities in southern India and the temple of Gandhamadhana is highly revered, renowned and worshiped in the southern India. ",Spiritual
Thiruppullani,3.7,5-Apr,https://upload.wikimedia.org/wikipedia/commons/thumb/b/b2/Tirupullani1.jpg/600px-Tirupullani1.jpg," Thiruppullani is an ancient temple dedicated to Lord Vishnu but the presiding deity is Lord Darbha Sayana Rama whose idol is seen in a reclining posture. A good example of Dravidian architecture, the complex was built when Chola Kingdom was in power. It is one of the 108 Divya Desams - a pilgrimage visited most during the Rameshwaram pilgrimage. ",Heritage
Banke Bihari Mandir,4.3,5-Apr,https://upload.wikimedia.org/wikipedia/commons/thumb/e/e3/Banke_Bihari_Vrindavan.jpg/960px-Banke_Bihari_Vrindavan.jpg, Shri Banke Bihari Mandir is a Hindu temple dedicated to Lord Krishna.This temple is among the 7 temples of Thakur of Vrindavan. The image of Lord Krishna in the temple appears in the form of a child and is seen standing in the Tribhanga position.  ,Spiritual
Prem Mandir,4.2,3-Feb,https://upload.wikimedia.org/wikipedia/commons/thumb/8/8e/PremMandirSideViewFromCanteen.jpg/960px-PremMandirSideViewFromCanteen.jpg," Known as ""Temple of God's love"", Prem Mandir is one of the most popular places to visit in Vrindavan. It is dedicated to Radha Krishna as well as Sita Ram. Made out of white marble and adorned with very intricate carvings, this temple is also famous for its architectural beauty.  ",Spiritual
Nidhivan,3.4,2-Jan,https://upload.wikimedia.org/wikipedia/commons/thumb/3/34/Nidhivan.jpg/960px-Nidhivan.jpg," Nidhivan, a temple nestled in the holy birthplace of Krishna, has a sense of miracle attached to it. Nidhivan is known as the place that Lord Krishna visits it every night performs Ras Leela. ",Spiritual
Katyayani Peeth,4.6,3-Feb,https://upload.wikimedia.org/wikipedia/commons/thumb/b/b1/Katyayani_Sanghasri_2010_Arnab_Dutta.JPG/960px-Katyayani_Sanghasri_2010_Arnab_Dutta.JPG," The Katyayani Peeth in Vrindavan, also known as Uma Shakti Peeth is one of the 51 Shakti Peethas. It is believed that when Lord Vishnu used his Sudarshan Chakra to cut Maa Sati’s body to relieve Lord Shiva from the sorrow of losing his wife, the ringlets of her hair fell in this place. ",Other
Keshi Ghat,3.0,4-Mar,https://upload.wikimedia.org/wikipedia/commons/thumb/b/bf/Iskon_Temple%2C_Vrindawan.jpg/960px-Iskon_Temple%2C_Vrindawan.jpg," Keshi Ghat is the main ghat of Vrindavan, and the only one still remaining. It is believed that in dwapara yuga, Lord Krishna killed Keshi here who was a horse demon sent by Kansa. Yamuna maha-aarti is performed at Keshi Ghat every evening.  ",Other
Adiyogi Shiva Statue,3.6,2-Jan,https://upload.wikimedia.org/wikipedia/commons/thumb/1/1e/Adiyogi_Shiva_steel_burst_2018.jpg/960px-Adiyogi_Shiva_steel_burst_2018.jpg," Surrounded by verdant green farms at the foothills of Velliangiri Mountains in the Western Ghats, Adiyogi Shiva Statue is the world’s biggest bust statue dedicated to the celebrated Hindu deity Shiva, which is carved out of 500 tonnes of steel. Located in the Isha Yoga Complex in Coimbatore, Tamil Nadu, the sculpture stands tall at a height of 112 feet.  ",Hill Station
Kodiveri Dam,3.1,3-Feb,https://upload.wikimedia.org/wikipedia/commons/thumb/a/af/Kodiveri.jpg/960px-Kodiveri.jpg," Situated on the Bhavani River near Gobichettipalayam in Tamil Nadu, Kodiveri Dam is a scenic picnic spot and a major tourist attraction in the place. The dam is not only a tourist spot but it also provides irrigation water for over 25000 hectares of land. ",Nature
Siruvani Falls And Dam,3.2,2-Jan,https://upload.wikimedia.org/wikipedia/commons/thumb/a/a5/Siruvani_Dam_%283169486653%29.jpg/960px-Siruvani_Dam_%283169486653%29.jpg, The Siruvani falls and dam is situated some 37 kilometers to the west of Coimbatore city amidst the lush green Western Ghats. The river is clean and offers to its visitors some sensationally tasty water. ,Nature
Naga Sai Mandir,3.2,5-Apr,https://upload.wikimedia.org/wikipedia/commons/9/9f/Srinagasai.JPG, Sri Naga Sai Temple is dedicated to Sai Baba and is a famous attraction for the believers and followers of Sai Baba. This is one of the few temples of Sai Baba found in the southern part of the country.  ,Spiritual
Tnau,3.3,5-Apr,https://upload.wikimedia.org/wikipedia/commons/thumb/b/b6/Zephyranthes_candida.jpg/960px-Zephyranthes_candida.jpg," Spread over an area of around 300 acres in Coimbatore, TNAU Botanical Garden boasts of some rare varieties of trees, shrubs and herbs. The garden is very well-maintained and vibrantly blooms with flowers including roses, marigold, carnations, chrysanthemums, lilies etc. ",Nature
Aliyar Dam Reservoir Park,4.0,5-Apr,https://upload.wikimedia.org/wikipedia/commons/thumb/f/f5/Aliyar-Dam-TopView.jpg/960px-Aliyar-Dam-TopView.jpg," Aliyar Dam Reservoir Park is situated adjacent to the dam at the foothills of Anamalai Hills in Western Ghats. The park boasts of well-maintained gardens, orderly green lawns, swings for kids and play area etc. ",Hill Station
Chota Imambara,4.2,5-Apr,https://upload.wikimedia.org/wikipedia/commons/thumb/f/fd/Chhota_imambara_Lucknow.jpg/960px-Chhota_imambara_Lucknow.jpg," The Chhota Imambara, or the Imambara of Hussainabad, is one of the most beautiful and attractive buildings in the old city of Lucknow in Uttar Pradesh. This imposing monument lies to the west of Bara Imambara and is a true sight to behold. The Chhota Imambara was initially a congregation hall for Shia Muslims that was built by Muhammad Ali Shah, who was the third Nawab of Awadh, in 1838. The Imambara was to serve as his own mausoleum as well as that of his mother, who is buried beside him in this prestigious monument.  ",Heritage
Marine Drive,4.2,4-Mar,https://upload.wikimedia.org/wikipedia/commons/thumb/d/d6/Marine_Drive_Skyline.jpg/960px-Marine_Drive_Skyline.jpg," Marine Drive is named after the famous Marine Drive in Mumbai. It is a picturesque strip of road adjacent to the River Gomti in Gomti Nagar, Lucknow. The spot is popular among the young crowd as a hangout place. Apart from that, people use it for jogging, cycling and similar activities. The path is sprinkled with benches to sit and relax. ",Nature
Rumi Darwaza,3.5,3-Feb,https://upload.wikimedia.org/wikipedia/commons/thumb/a/a9/Rumi_Darwaza_-_DSC2797-01.jpg/960px-Rumi_Darwaza_-_DSC2797-01.jpg," The Rumi Darwaza was built in 1784-86 and is a 60 feet high entrance, with no visible supporting fittings. It is also known as the Turkish Gate and displays Awadhi architectural style. ",Other
Ramakrishna Math,4.1,5-Apr,https://upload.wikimedia.org/wikipedia/commons/0/02/Ramakrishna_Belur_Math%2C_Howrah.jpg," A monastery and shrine established in Nirala Nagar, the Ramakrishna Math is an all-monk institution dedicated to Sri Ramakrishna . With the motto of ""For one's own salvation, and for the welfare of the world"", this building has a shrine adjacent to the institute.  ",Other
Bithoor,3.8,5-Apr,https://upload.wikimedia.org/wikipedia/commons/thumb/6/6e/1167_main-ghat-at-bithoor.jpg/960px-1167_main-ghat-at-bithoor.jpg," Bithoor is a quaint little town nestled away in the Kanpur district of Uttar Pradesh, acclaimed for being an important hub of pilgrimage for Hindus. Along with its religious significance, Bithoor also has a good share of historical places of interest. Bithoor is immersed in local legends, religious myths, primeval artifacts and ancient ruins. The town was said to be the residence of Lav and Kush, prominent figures in the Hindu mythology of Ramayana. ",Heritage
Dilkusha Kothi,3.2,2-Jan,https://upload.wikimedia.org/wikipedia/commons/thumb/b/b4/Dilkusha6.jpg/960px-Dilkusha6.jpg," A hunting lodge converted into a summer palace for the royals, Dilkusha Kothi was built in 1800 by Major Gore in Baroque style. It faced major impact during the first war of independence and hence lies in a less than perfect state with just a few towers and walls standing. ",Heritage
Farangi Mahal,3.2,3-Feb,https://upload.wikimedia.org/wikipedia/commons/thumb/a/a4/AmeerMinai.jpg/960px-AmeerMinai.jpg," Once belonging to a French businessman Neal, Firangi Mahal was transferred to the government treasury under the royal decree, which was then developed into an Islamic school by Aurangzeb's consultant and his brother. ",Other
Shahi Baoli,4.7,3-Feb,https://upload.wikimedia.org/wikipedia/commons/thumb/a/a5/Rani_ki_vav_02.jpg/960px-Rani_ki_vav_02.jpg," An intricate merge of Indian and Islamic architectural styles, the Shahi Baoli was formerly built as a reservoir for the society of the time. It was constructed between 1784 and 1795 by Nawab Asif-Ud-Din Daula and Kifayat-Ullah, one of the excellent architects of the time.  ",Other
Mankameshwar Mandir,3.8,2-Jan,https://upload.wikimedia.org/wikipedia/commons/thumb/e/e5/Fatehbad_Road_Metro_4.jpg/960px-Fatehbad_Road_Metro_4.jpg," The Mankameshwar Mandir is situated on the banks of river Yamuna at Saraswati Ghat in Lucknow. A revered Hindu temple dedicated to Lord Shiva, this temple is the first to have had a woman priest.  ",Spiritual
Husainabad,3.2,2-Jan,https://upload.wikimedia.org/wikipedia/commons/thumb/7/7f/Clock_tower_%2C_lucknow.jpg/960px-Clock_tower_%2C_lucknow.jpg," Standing tall adjacent to the Rumi Darwaza, the Husainabad Clock Tower was built in 1881 and since has been the tallest clock tower in India. It is 67 meters high, displaying Victorian-Gothic brilliance with a 14 feet long pendulum and a dial in the shape of a 12 petalled flower. ",Other
Shaheed Smarak,3.8,5-Apr,https://upload.wikimedia.org/wikipedia/commons/thumb/8/89/Sahid_Smarak.JPG/600px-Sahid_Smarak.JPG," Shaheed Smarak or Martyrs' Memorial is a white marbled pillar-like structure standing amidst lush green lawns at Mukarimnagar, Qaiserbagh in Lucknow. ",Other
Chattar Manzil,3.7,3-Feb,https://upload.wikimedia.org/wikipedia/commons/thumb/e/ea/Chattar_Manzil.jpg/960px-Chattar_Manzil.jpg," Chattar Manzil or popularly known as Umbrella Palace was built by Nawab Ghazi Uddin Haider and was later on used by the ruler of Awadh and his wives. Located on the banks of the river Gomti, the building is a glowing example of Nawabi and European architecture. ",Heritage
Dewa Sharif,4.0,2-Jan,https://upload.wikimedia.org/wikipedia/commons/thumb/8/81/DewaSharif.jpg/600px-DewaSharif.jpg," Situated in the Barabanki district of Uttar Pradesh, 25 kms away from Lucknow, Dewa or Dewa Sharif is a small town which is renowned world wide for the shrine of Haji Waris Ali Shah. Considered to be a prominent site of Muslim heritage, the shrine also has a mosque and a khankah within the premises, and is regularly visited by pilgrims. ",Heritage
Begum Hazrat Mahal Park,4.7,5-Apr,https://upload.wikimedia.org/wikipedia/commons/6/64/Begum_hazrat_mahal.jpg," Located in Qaiserbagh in Lucknow, Begum Hazrat Mahal Park is a popular park. Hosting swings and a play area for kids, this crowd-favourite picnic spot is also a great place for walks, jobs, elderly laughing clubs, yoga and meditation.  ",Other
Hathi Park,4.4,3-Feb,https://upload.wikimedia.org/wikipedia/commons/thumb/f/fd/Chhota_imambara_Lucknow.jpg/960px-Chhota_imambara_Lucknow.jpg," Hathi Park is one of the most visited and popular parks in Lucknow. The park has several swings and slides for kids and recreational elephant structures which can be climbed. The park facilitates other games and activities for children as well. Besides, it has food stalls to satisfy your hunger pangs. ",Wildlife
Safed Baradari,4.5,4-Mar,https://upload.wikimedia.org/wikipedia/commons/thumb/b/b5/Safed_Baradari_2.jpg/960px-Safed_Baradari_2.jpg," Built by Nawab Wajid Ali Shah, Safed Baradari is a white marbled palace originally constructed as the Nawab's ""Palace of Mourning"". Located at Maharaja Mahamudabad of Qaiser Bagh, the Safed Baradari houses marble statues of the Anjuman founders Maharajas Man Singh and Balrampur's Digvijay Singh.  Initially called Qasr-ul-Aza, this structure further came to be used as a British petitionary court.  ",Heritage
Kaiserbagh Palace,3.8,3-Feb,https://upload.wikimedia.org/wikipedia/commons/7/78/La_Martini%C3%A8re_02.jpg," Constructed between 1848-1850, under the rule of Nawab Wajid Ali Shah, Kaiserbagh Palace is one of the most famous monuments and exotic masterpieces of Mughal architecture. It is located from the eastern end of the Chattar Manzil to the Tarawali Kothi.  ",Heritage
Sikandar Bagh,4.4,5-Apr,https://upload.wikimedia.org/wikipedia/commons/1/12/SikandarBaghGate.jpg," Sikandar Bagh is an ancient styled posh mansion and a bracketing garden built in the 1800s. Located on Ashok Road, this greenery housed here is known to be the last Mughal garden in India.  ",Heritage
Shankarpur Beach,3.6,4-Mar,https://upload.wikimedia.org/wikipedia/commons/thumb/3/31/Sankarpur_Beach_-_East_Midnapore_2015-05-02_9183.JPG/960px-Sankarpur_Beach_-_East_Midnapore_2015-05-02_9183.JPG," 15 km from Digha, Shankarpur is a virgin beach with a lovely view of the beach surrounded by local fish boats and rows of tress giving visitors the perfect Kodak moment. Near the beach, there are also a few temples in Shankarpur. ",Beach
Talsari Beach,3.2,4-Mar,https://upload.wikimedia.org/wikipedia/commons/9/99/Talsari_1.jpg," Lined with coconut and palm trees all along, Talasari beach is famous among sea food lovers for the delicacies it offers. The place has an amazing view with all the stretches of greens peeking through the mountains and the rivers. ",Hill Station
Amarabati Park,3.7,5-Apr,https://upload.wikimedia.org/wikipedia/commons/thumb/7/7d/Ward_107.jpg/960px-Ward_107.jpg," With neatly paved walkways, a multitude of seating areas, verdant surroundings, a gorgeous ropeway ride and boating facilities to enjoy its own mini-lake, the Amarabati park provides wholesome family fun for children and adults looking for a relaxed manner of killing some time during their vacation in the beautiful Digha. ",Beach
Chandpur Beach,3.4,2-Jan,https://upload.wikimedia.org/wikipedia/commons/thumb/6/68/Chittagong_Port.jpg/960px-Chittagong_Port.jpg," Flanked on the coast of the Bay of Bengal, Chandpur Beach is one of the less popular and less crowded beaches near Kolkata. Boasting of a beautiful sea side view and clear emerald water, the beach is considered ideal to relax and unwind. The beach, however, is different than the other beaches in the region. Its banks are slightly eroded and there is recession caused by the sea water. ",Beach
St. John In The Wilderness Church,3.9,4-Mar,https://upload.wikimedia.org/wikipedia/commons/thumb/5/5d/Stjohnswilderness.JPG/960px-Stjohnswilderness.JPG," This neo-gothic church was built in 1852 and is one of the most important churches in Himachal Pradesh. Located near Dharamshala and on the way to Mcleodganj, this church was built in dedication to John the Baptist. Set amidst lush deodar forests, this peaceful edifice is known for its Belgian stained-glass windows.  ",Hill Station
Tibet Museum,3.2,3-Feb,https://upload.wikimedia.org/wikipedia/commons/thumb/4/44/McLeod_Ganj_Dharamkot_Dharmsala_Himachal_Pradesh_India_April_2014.jpg/960px-McLeod_Ganj_Dharamkot_Dharmsala_Himachal_Pradesh_India_April_2014.jpg," This museum is located inside the Tsuglagkhang complex and has a collection of brilliant forms of Tibetan Art, which include history documents, pottery, handicrafts, paintings etc. ",Heritage
Bhagsu Falls,3.2,3-Feb,https://upload.wikimedia.org/wikipedia/commons/thumb/4/44/McLeod_Ganj_Dharamkot_Dharmsala_Himachal_Pradesh_India_April_2014.jpg/960px-McLeod_Ganj_Dharamkot_Dharmsala_Himachal_Pradesh_India_April_2014.jpg," The Bhagsu Falls are situated 2 km away from McLeodganj. Set amidst lush greenery and nature in its most pristine form, these falls are majestic and grand and should not be missed by all tourists travelling here. ",Nature
Lahesh Cave Trek,3.8,4-Mar,https://upload.wikimedia.org/wikipedia/commons/thumb/2/20/Looking_up_to_the_Indrahar_Pass_%2822356846090%29.jpg/960px-Looking_up_to_the_Indrahar_Pass_%2822356846090%29.jpg," The Lahesh Cave Trek is a popular trek in Himachal Pradesh that is set in the Dhauladhar ranges, taking trekkers up to an altitude of 3,500 m above sea level, following a trail of 12km. Lahesh Caves, located on the path to Indrahar Pass, serve as a campsite and offer magnificent views of the surrounding snow-covered peaks.  ",Hill Station
Hawah Beach,3.3,5-Apr,https://upload.wikimedia.org/wikipedia/commons/thumb/3/3c/Kovalam_beach_trivandrum_kerala.jpg/960px-Kovalam_beach_trivandrum_kerala.jpg," Hawah is a stretch of isolated beach famous for its enchanting sunset views. Renowned as the second largest beach, it is also known as Eve's Beach for it being the first topless beach in India. However, topless bathing is banned now. ",Beach
Halcyon Castle,3.3,2-Jan,https://upload.wikimedia.org/wikipedia/commons/thumb/8/8a/Kovalam_Palace_Exterior_-_Dusk_Opt.1_-_Copy.jpg/960px-Kovalam_Palace_Exterior_-_Dusk_Opt.1_-_Copy.jpg," Primly sitting atop a rock on the beach, Haylcon Castle was built by Her Highness, The Queen of Travancore Maharani Sethu Lakshmi Bai as a private residence. ",Beach
Samudra Beach,3.3,4-Mar,https://upload.wikimedia.org/wikipedia/commons/thumb/3/34/Kanjeng_Ratu_Kidul.jpg/960px-Kanjeng_Ratu_Kidul.jpg, A large promontory separates this Northern beach from the southern side. Samudra Beach is where you can enjoy the sight of shoreline fishing and watch local fishermen ply their trade. There is also a mosque on this beach. ,Beach
Karamana River,3.6,4-Mar,https://upload.wikimedia.org/wikipedia/commons/thumb/e/ec/Kovalam%2C_Karamana_River.jpg/960px-Kovalam%2C_Karamana_River.jpg," Originating from the southern part of the western ghats, the Karaman River is a prominent tourist attraction in Trivandrum. The river flows through a small suburb called Karamana. It attracts many tourists with various indulging activities. ",Urban
Valiyathura Pier,3.4,4-Mar,https://upload.wikimedia.org/wikipedia/commons/thumb/3/34/Valiathurapier.jpg/960px-Valiathurapier.jpg, Valiyathura Pier became one of the most famous spots of south Kerala in 1950. Earlier it was extensively used for transport of cargo and currently its mostly used by fishermen to launch catamarans during rough weather. ,Beach
Aruvikkara Dam,3.4,4-Mar,https://upload.wikimedia.org/wikipedia/commons/thumb/a/a8/Aruvikkara_Dam_%28261210689%29.jpg/960px-Aruvikkara_Dam_%28261210689%29.jpg," Located 16 km north of Trivandrum, Aruvikkara Dam is situated on the banks of the river Karamana. It is a favorite getaway for visitors who wish to feed the fishes that pop up on the shore or take a casual stroll around the picnic spots near the dam. ",Beach
Pozhikkara Beach,4.7,3-Feb,https://upload.wikimedia.org/wikipedia/commons/thumb/b/b7/Regulator_bridge_in_Paravur_Pozhikkara%2C_Kollam_-_Feb_2016.jpg/960px-Regulator_bridge_in_Paravur_Pozhikkara%2C_Kollam_-_Feb_2016.jpg," Pozhikkara is a beautiful beach in Kovalam at the inter-junction of the backwaters meeting the sea. Lined with tall towering trees and healthy vegetation, the beach is one of the most green beaches of the city. Perfect for swimming and sunbathing, the beach also has myriad other options to make your trip fun. You can also try the delicious mouth watering local food from the stalls and shacks on the shores. ",Beach
Chowara Beach,4.4,4-Mar,https://upload.wikimedia.org/wikipedia/commons/thumb/f/f2/Adimalathura_Trivandrum.jpg/960px-Adimalathura_Trivandrum.jpg," Situated in the southern part of Kovalam, Chowara Beach is popular for its fishing spots. Besides the regular fishermen at work with their huge Chinese fishing nets and big boats, you will also find several picnickers gathered here with their basket of food. The highlight of the beach is a Chowara Ayyappa Temple which gives a hilltop picturesque view of the shores and adjoining villages. ",Hill Station
Ashoka Beach,4.7,5-Apr,https://upload.wikimedia.org/wikipedia/commons/thumb/3/3c/Kovalam_beach_trivandrum_kerala.jpg/960px-Kovalam_beach_trivandrum_kerala.jpg," A beautiful extension of the Samudra Beach, Ashoka Beach is a quiet, deserted stretch of land in Kovalam, Kerala. Mostly frequented by romantic couples owing the serenity and solitude of the place, the beach also has several ayurvedic spa centres to help you destress, refresh and rejuvenate from the monotony of life.  ",Beach
Vizhinjam Beach,3.0,3-Feb,https://upload.wikimedia.org/wikipedia/commons/thumb/7/7f/MSC_Claude_at_Vizhinjam.jpg/960px-MSC_Claude_at_Vizhinjam.jpg, Vizhinjam Beach is one of the most popular beaches in Kovalam which houses a lighthouse and an impressive marine aquarium. The beach is also known to be one of the largest ports in India. ,Beach
Chelavara Falls,4.1,4-Mar,https://upload.wikimedia.org/wikipedia/commons/thumb/b/b8/Chelavara_Water_Falls.JPG/960px-Chelavara_Water_Falls.JPG," Chelavara Falls is one of the most enchanting falls in Coorg, Karnataka. These vigorous falls gush down from a height of 150 feet on a rock shaped like a tortoise. Therefore, this fall is also known as Embepare in the local dialect which translates to ""tortoise rock"". This massive natural marvel originates from a small stream, a tributary of Kaveri near Cheyyandane village in Karnataka. Nestled amongst the serene greenery of coffee plantations, the Chelavara falls are quite the sight. The best experience can be had during the monsoons or just after when the water level is at its peak and the surrounding forests at their luscious best. ",Hill Station
Cauvery Nisargadhama,3.1,4-Mar,https://upload.wikimedia.org/wikipedia/commons/thumb/2/26/Nisargadhama_Hanging_Bridge.jpg/960px-Nisargadhama_Hanging_Bridge.jpg," One of the most enjoyable picnic spots in the area, this one comes with a deer park, peacock park, rabbit park and the river running through the island's heart. One can also enjoy boating and a dip into the river here. This is a must-visit area in Madikeri, especially if you are with kids. ",Island
Galibeedu Trek,3.7,5-Apr,https://upload.wikimedia.org/wikipedia/commons/thumb/5/5c/Bhagamandala_Birdseye_View_Coorg_Feb24_A7C_09524.jpg/960px-Bhagamandala_Birdseye_View_Coorg_Feb24_A7C_09524.jpg," Located at a distance of 12 kms from the town of Madikeri in the Coorg district of Karnataka, Galibeedu is a small trekking destination hidden away from the world. The 14 kms long trek is as thrilling as it can get with tiny streams flowing through it in picturesque surroundings; and offers a diverse trail to scale, ideal for both the novices and professionals.  ",Hill Station
Panorama Point,4.3,5-Apr,https://upload.wikimedia.org/wikipedia/commons/thumb/1/1f/Panorama_Point%2C_Nebraska_face_NW.JPG/960px-Panorama_Point%2C_Nebraska_face_NW.JPG," Panorama Point is a scenic point in Matheran that offers 360-degree panoramic views of the Western Ghats and the verdant plains dotted with villages far below. An ideal picnic spot, it is a magnet for photo fanatic and adventure seekers. ",Adventure
Neral  Toy Train,3.8,4-Mar,https://upload.wikimedia.org/wikipedia/commons/thumb/b/bb/Train_to_Matheran.JPG/960px-Train_to_Matheran.JPG, Neral Matheran Toy Train is a heritage railway that connects Neral to Matheran via a 21-kilometre railway line. It serves as an interesting mode of transport to explore the Western Ghats of India. ,Heritage
Porcupine Point,3.5,4-Mar,https://upload.wikimedia.org/wikipedia/commons/thumb/d/d3/Porcupine_Tree_-_Live_at_Auditorium_Parco_della_Musica%2C_Rome_%28June_24%2C_2023%29_-_9012_%28cropped%29.jpg/960px-Porcupine_Tree_-_Live_at_Auditorium_Parco_della_Musica%2C_Rome_%28June_24%2C_2023%29_-_9012_%28cropped%29.jpg," Also known as the sunset point, Porcupine Point is a famous viewpoint in Matheran. It is famous for the mind-stirring view of Matheran during the sunset and an unparalleled view of the Prabalgad Fort situated nearby. ",Heritage
Alexander Point,3.8,4-Mar,https://upload.wikimedia.org/wikipedia/commons/thumb/1/1e/Nelson-Island-location-map.png/960px-Nelson-Island-location-map.png," Alexander Point is one of the most scenic viewpoints in Matheran. It is famous for enchanting panoramic views of Palasdari Lake, Rambaug Point, Garbut Point and Chowk Point.  ",Nature
Honeymoon Hill,3.2,4-Mar,https://upload.wikimedia.org/wikipedia/commons/5/5a/Boats_and_dock_in_Lotus%2C_Florida.jpg, The Honeymoon Point is a viewpoint in Matheran which is famous the Grand Canyon of India. The stunning view of the mountains and the nearby Prabalgad Frt from this point is simply breathtaking. ,Hill Station
Belvedere Point,3.5,5-Apr,https://upload.wikimedia.org/wikipedia/commons/thumb/8/84/Palacio_Belvedere%2C_Viena%2C_Austria%2C_2020-02-01%2C_DD_93-95_HDR.jpg/960px-Palacio_Belvedere%2C_Viena%2C_Austria%2C_2020-02-01%2C_DD_93-95_HDR.jpg," A paradise for nature lovers, adventure seekers and photographers, Belvedere Point is a famous view point to get a fabulous view of the beautiful valley of Matheran. The site receives high velocity wind which even reverses the flow of the waterfall flowing downhill. ",Hill Station
King George Point,4.0,3-Feb,https://upload.wikimedia.org/wikipedia/commons/thumb/c/c9/King_George_1923_LCCN2014715558_%28cropped%29.jpg/960px-King_George_1923_LCCN2014715558_%28cropped%29.jpg," King George Point is a view point in Matheran to see the rolling hills covered in lush green natural vegetation, the valleys, the enchanting waterfalls and the mesmerising Charlotte Lake. It is a perfect attraction to escape the polluted city air and replenish the body, mind and soul. ",Hill Station
Mount Barry,4.8,2-Jan,https://upload.wikimedia.org/wikipedia/commons/thumb/5/59/Barry_Wilmore.jpg/960px-Barry_Wilmore.jpg," Mount Barry has the highest altitude in Matheran and offers a spectacular birdês eye view of the Western Ghats, the waterfalls and the toy train traversing through the rugged natural landscape. It is one of the few points that are not mostly crowded and provide for a tranquil escape for the tired soul. ",Nature
Malang Point,4.8,5-Apr,https://upload.wikimedia.org/wikipedia/commons/thumb/9/96/Tugu_Malang.jpg/960px-Tugu_Malang.jpg, Malang Point is another well known point in Matheran that offers a beautiful view of the scenic mountain ranges and several enchanting waterfalls amidst dense forests. The point is also connected by several trekking trails and is frequented often by trekkers navigating through the forests. ,Hill Station
Paymaster Park,3.7,4-Mar,https://upload.wikimedia.org/wikipedia/commons/thumb/4/43/Matheran_In_Clouds.jpg/960px-Matheran_In_Clouds.jpg," Paymaster Park is a recreational park and a famous picnic spot in Matheran. The beautifully landscaped gardens, the colourful and fragrant flower beds and the gazebo in the middle of the mesmerizing park are a treat to the nature lovers.  ",Nature
Surwal Lake,3.0,4-Mar,https://upload.wikimedia.org/wikipedia/commons/thumb/5/52/Ranthambhore_Fort.jpg/960px-Ranthambhore_Fort.jpg," A beautiful natural water body, Surwal Lake is a treat to the tired eyes. It is located inside the Ranthambore National Park and the mesmeric surroundings make the attraction worth a visit. The region is also famous for bird watching and one can observe a number of migratory birds during the winter season. ",Beach
Jogi Mahal,4.3,2-Jan,https://upload.wikimedia.org/wikipedia/commons/thumb/7/7f/Ranthambore_National_Park.JPG/960px-Ranthambore_National_Park.JPG," Located within a 500 metres distance from the famous Ranthambore Fort in Rajasthan, Jogi Mahal is the iconic hunting lodge built by the royalties of Jaipur for their entertainment and recreation. It stands by the beautiful lake, called Padam Talao, inside the Ranthambore National Park, which gets its name from the blooming lotuses in the water. The lake happens to be a favourite watering hole of the animals of Ranthambore like tigers, leopards, deer, monkeys and more.  ",Heritage
Lakarda And Anantpura,3.6,5-Apr,https://upload.wikimedia.org/wikipedia/commons/thumb/5/52/Ranthambhore_Fort.jpg/960px-Ranthambhore_Fort.jpg, Lakarda and Anant Pura are the regions with dense forests and ample honeycombs. They are most visited to spot sloth bears. Pugmarks of the Indian Hyenas are also found here at times but the animal is rarely spotted because their population is less in the park. ,Wildlife
Malik Talao,4.1,5-Apr,https://upload.wikimedia.org/wikipedia/commons/thumb/9/92/Gopi_Talav_5.jpg/960px-Gopi_Talav_5.jpg," The smallest of the three lakes in the National Park, Malik Talao is a serene natural water body where most of the wildlife activities can be seen. The majestic Indian Marsh Crocodile can be spotted here often along with other bird and animal species. ",Wildlife
Padam Lake,4.4,4-Mar,https://upload.wikimedia.org/wikipedia/commons/6/6f/Nauheed_Cyrusi_snapped_on_the_sets_of_the_play_The_Buckingham_Secret_in_2014_%2801%29.jpg," Padam Lake is the largest lake in the Ranthambore National Park. The water body is visited by most of the animals in the mornings. This is one of the few places where Chinkaras can be spotted. Most animals hunt around this lake which makes it the best location for wildlife photography. The Padam Lake is filled with Lotus bloom during monsoons, hence it was named Padam Talao. ",Wildlife
Rajiv Gandhi,4.5,4-Mar,https://upload.wikimedia.org/wikipedia/commons/thumb/c/ce/Regional_Museum_of_Natural_History.jpg/960px-Regional_Museum_of_Natural_History.jpg," Rajiv Gandhi Regional Museum of Natural History is located in Village Ramsinghpura, Sawai Madhopur, Rajasthan. Established in 2007 and open for public in 2014, this museum depicts the history of natural resources in Rajasthan. ",Heritage
Neermahal,3.6,4-Mar,https://upload.wikimedia.org/wikipedia/commons/f/f1/Neer-Mahal.jpg," 'The Lake Palace of Tripura' or the Neermahal is the largest palace of its kind in the entire Indian Subcontinent. This architectural beauty rightly derives its name from its location, i.e. the middle of Rudrasagar Lake. It is one of the two water palaces that our country has. The former royal palace is an outcome of King Bir Bikram Kishore Manikya Bahadur's great perspective. It was the summer palace for the king and his family. Even today, its highly ornated structure showcases the glorious past.  ",Beach
Jampui Hill,3.2,4-Mar,https://upload.wikimedia.org/wikipedia/commons/c/c5/A_view_of_Jampui_Hills_in_the_East_from_the_plains_of_Kanchanpur.jpg," Also known as the eternal hills of spring, the Jampui hills live up to their name, having pleasant climate all year round, providing ample opportunity for each visitor to take in the beauty that is this place. ",Hill Station
Sepahijala Wildlife Sanctuary,3.2,3-Feb,https://upload.wikimedia.org/wikipedia/commons/thumb/a/a8/Deer%2C_Sepahijala_WLS.jpg/960px-Deer%2C_Sepahijala_WLS.jpg," Home to a variety of wildlife especially birds and primates, this place is not just a wildlife sanctuary but also an academic and research centre. Various lakes are present within the sanctuary, where boating facility is available. ",Beach
Kunjaban Palace,3.2,5-Apr,https://upload.wikimedia.org/wikipedia/commons/thumb/4/44/Pushpabanta_Palace_at_Agartala%2C_Tripura.jpg/960px-Pushpabanta_Palace_at_Agartala%2C_Tripura.jpg," Constructed by King Birendra Kishore Manikya in 1917, the Kunjaban Palace is the official residence of the Governor of Tripura. ",Beach
Bedsa Caves,3.5,3-Feb,https://upload.wikimedia.org/wikipedia/commons/thumb/5/5e/Bedsa_Caves_main_vihara.jpg/960px-Bedsa_Caves_main_vihara.jpg," Bhedsa caves are one of the oldest caves of Maharashtra, dating back to 60 BC. These are situated on a sloppy hilly location. Known for their beautiful, exquisite carvings, the caves contain four 25 feet high pillars. ",Hill Station
Reversing Station,3.2,5-Apr,https://upload.wikimedia.org/wikipedia/commons/thumb/5/5b/Zig_zag_railway_at_Lithgow.jpg/960px-Zig_zag_railway_at_Lithgow.jpg," This site was once used by the railway department. Now a secluded area, it is a great place to enjoy the scenery. Its interesting to see the railway track below and the trains changing lines. ",Other
Morgan House,4.2,3-Feb,https://upload.wikimedia.org/wikipedia/commons/thumb/c/cb/Morgan_House_Kalimpong_2.jpg/960px-Morgan_House_Kalimpong_2.jpg," Located in the verdant greens of Kalimpong, Morgan House is a mansion built by Mr. and Mrs. Morgan in the 1930s. It is an archetypal example of colonial architecture in Kalimpong. What makes visiting this gorgeous piece of construction even better is that it is surrounded by legends of it being Haunted!  It has been converted into a lodge for tourists and is under the administration of the West Bengal Tourism Development Corporation. Located near the New Jalpaiguri Railway Station, this destination lies right in the lap of nature and is easily accessible as well. The undulating hillocks, colorful sunsets, and a the charm of an old colonial town surround you as you make Morgan House your home. ",Hill Station
Durpin Dara Hill,3.7,5-Apr,https://upload.wikimedia.org/wikipedia/commons/f/fb/Durpin2.jpg," Offering the panoramic view of the town of Kalimpong, the snow-clad Himalayan ranges of West Sikkim, the Teesta river and its valleys, Durpin Dara Hill also has a golf course and the Zang Dhok Palri Monastery. There is also a famous botanical garden there. ",Hill Station
Deolo Hill,3.6,5-Apr,https://upload.wikimedia.org/wikipedia/commons/8/80/Deolo.jpg," Deolo Hills are located at an elevation of around 2000 m and thus, provide a great panoramic view of Kalimpong. There are also proper view points which are located at the ridge edges for the best view of the sunset and sunrise. ",Hill Station
Lepcha Museum,4.4,2-Jan,https://upload.wikimedia.org/wikipedia/commons/thumb/8/88/View_of_Kalimpong%2C_India.jpg/960px-View_of_Kalimpong%2C_India.jpg," Lepcha Museum is an initiative to preserve the culture and values of the Lepcha tribe that resides in the areas around Darjeeling, Kalimpong, Sikkim, Nepal and Bhutan. The museum has relics and objects of everyday use like articles of worship, musical instruments, handicrafts items, manuscripts etc. all used by the Lepcha people. ",Hill Station
St.Theresa Catholic Church,3.2,5-Apr,https://upload.wikimedia.org/wikipedia/commons/thumb/c/cd/St._Theresa_Catholic_Church%2C_Kekaha%2C_Kauai%2C_Hawaii.jpg/960px-St._Theresa_Catholic_Church%2C_Kekaha%2C_Kauai%2C_Hawaii.jpg, Built by local craftsmen the church resembles a Bhutanese Gompa(monastery) and it is built in Tibetan architectural design. While the walls are enriched with paintings and inscriptions from the Bible the doors of the church have carvings which resemble tashi tagye (the 8 auspicious symbols of the Himalayan Buddhism). ,Other
Gangaikonda Cholapuram,4.0,4-Mar,https://upload.wikimedia.org/wikipedia/commons/thumb/4/48/GangaiKonda_Cholapuram%28Front_View%29.JPG/960px-GangaiKonda_Cholapuram%28Front_View%29.JPG," The magnificence of the Gangaikonda Cholapuram along with Brihadishwara temple will enchant you and thrill you with its history and engineering. A place which is a testimony to the architectural and engineering genius of the region and the pride of one of the greatest empires of India - Chola Empire, Gangaikonda Cholapuram is a place worth exploring. ",Spiritual
Shiva Ganga Garden,3.2,3-Feb,https://upload.wikimedia.org/wikipedia/commons/thumb/9/98/Western-ganga-empire-map.svg/960px-Western-ganga-empire-map.svg.png, Shiva Ganga Garden lies within the Vijayanagar Fort and is open to the public. This garden is very well maintained and hence a pleasure to visit. A square tank is located in the Siva Ganga Garden built by the 16th-century rulers for providing water to the Tanjore Palace is still in use and is well known for its sweet-tasting water. ,Heritage
Thanjai Mamani Koil,4.8,2-Jan,https://upload.wikimedia.org/wikipedia/commons/thumb/d/d9/Manikundra_Perumal_temple%2C_Thanjavur_%287%29.jpg/960px-Manikundra_Perumal_temple%2C_Thanjavur_%287%29.jpg," Thanjai Mamani Koil near Thanjavur is a set of three Vishnu temples, together called a Divyadesam. It is among the 108 such more temple premises in India. The temple has a local origin myth that has its roots in one of the many canonical myths about Lord Vishnu.  ",Spiritual
Schwartz Church,4.5,2-Jan,https://upload.wikimedia.org/wikipedia/commons/thumb/b/bf/Church_-_N-TN-C191_-_006.jpg/960px-Church_-_N-TN-C191_-_006.jpg," The Schwartz church in Thanjavur is one of the oldest churches of India, though it has not gained much popularity throughout the country. It is because unlike the rest, the cornerstone of this church was laid down by an Indian king, Maratha ruler Sarfoji II.  ",Other
Hirakud Dam,4.2,4-Mar,https://upload.wikimedia.org/wikipedia/commons/thumb/0/00/Hirakud_Dam.jpg/960px-Hirakud_Dam.jpg," Located at a distance of 15 km from the Sambalpur district and around 305 km from Bhubaneshwar, is a small town of Hirakud, which houses a major dam established during the year 1956. This dam has been a source of tourism in this region since many years. ",Urban
Bindu Sarovara,3.4,4-Mar,https://upload.wikimedia.org/wikipedia/commons/thumb/5/53/Adichunchanagiri.3.jpg/960px-Adichunchanagiri.3.jpg, The Bindu Sarovar or Bindu Sagar is a water tank which is believed to be sacred by Hindus. This tank is surrounded by a number of temples and lies in the vicinity of the Lingaraj Temple. ,Spiritual
Deras Dam,4.6,3-Feb,https://upload.wikimedia.org/wikipedia/commons/thumb/f/f6/Chandaka_Forest_and_Elephant_Reserve_01.JPG/960px-Chandaka_Forest_and_Elephant_Reserve_01.JPG," Built amidst the beautiful natural surroundings of the Chadaka Elephant Sanctuary, Deras is a neat little dam constructed for irrigation purposes. The serene waters, the lush green forest and the fresh air make the attraction a pleasant escape at a stone's throw distance from the city life. ",Wildlife
Khandagiri Caves,3.4,5-Apr,https://upload.wikimedia.org/wikipedia/commons/thumb/7/72/Khandagari_and_Udaygiri_featured_image.jpg/960px-Khandagari_and_Udaygiri_featured_image.jpg," Also known as Cuttack caves, Khandagiri Caves are artificial caves located in the state of Orissa which date back to 2nd century. This place is quite a sight to see with all the beautifully carved inscriptions and figures. This place holds a great historical significance.  ",Heritage
Gandhi Park,3.5,3-Feb,https://upload.wikimedia.org/wikipedia/commons/thumb/3/30/Entrance_of_Sanjay_Gandhi_National_Park.JPG/960px-Entrance_of_Sanjay_Gandhi_National_Park.JPG," Gandhi Park is one of the most popular parks in Bhubaneswar situated near Janta Maidan in Jaydev Vihar. The park has a massive statue of Mahatma Gandhi installed right in the heart of it. The verdant green lawns are ideal for jogging, walking, relaxing, playing or day picnics. ",Other
Ana Sagar Lake,4.5,3-Feb,https://upload.wikimedia.org/wikipedia/commons/thumb/f/f1/The_Anas%C4%81gar_Lake_1_PHOTOGRAPHED_BY_FATEH.RawKEy.jpg/600px-The_Anas%C4%81gar_Lake_1_PHOTOGRAPHED_BY_FATEH.RawKEy.jpg," Ana Sagar is an artificial lake constructed in the 12th century AD by Anaji Chauhan, grandfather of the last independent Hindu king Prithvi Raj Chauhan. Spread over 13km, this lake features marble pavilions and gardens and is best visited during the sunsets when the views are extraordinarily marvellous. ",Nature
Soniji Ki Nasiyan,3.9,2-Jan,https://upload.wikimedia.org/wikipedia/commons/thumb/4/4f/Nasiyan_Jain_Temple.jpg/960px-Nasiyan_Jain_Temple.jpg," Ajmer Jain Temple or Soniji Ki Nasiyan is a Digambar Jain temple dedicated to Lord Rishabhdev (Agnidev), the first of the 24 Tirthankara of Jainism. The main attraction is the main chamber, known as the Swarna Nagari ""City of Gold"", which has several gold-plated wooden figures, depicting several figures in Jainism. ",Spiritual
Foy Sagar Lake,3.1,4-Mar,https://upload.wikimedia.org/wikipedia/commons/thumb/1/10/Lake_Foysagar.jpg/600px-Lake_Foysagar.jpg, Lake Foy Sagar is an artificial lake situated on the Foy Sagar Garden Road in Ajmer. It's a popular picnic spot during the winter. The lake resonates with peace and serenity and offers a 360 angle view of the neighbouring Aravalli peaks.  ,Nature
Durga Bagh Gardens,3.5,5-Apr,https://upload.wikimedia.org/wikipedia/commons/thumb/5/52/Karol_Bagh%2C_2008_%286%29.JPG/960px-Karol_Bagh%2C_2008_%286%29.JPG, Durga Bagh is a charming garden on the banks of the majestic Ana Sagar Lake. The garden was built by Maharaja Shiv Dan in 1868 AD. The Marble pavilions (Baradari) built in the premises of the Daulat Bagh are the main attraction apart from the greenery and numerous trees and flowering plants. The pavilions were built by Emperor Shah Jahan. This place is an ideal picnic spot. ,Nature
Nareli,3.8,2-Jan,https://upload.wikimedia.org/wikipedia/commons/thumb/c/c3/Nareli_Ajmer.JPG/960px-Nareli_Ajmer.JPG, Nareli Jain Temple is a beautiful marble temple with angular and strikingly appealing designs. The temple is situated on the ranges of the Aravali Mountains that makes the views from the temple more scenic.  ,Hill Station
Abdulla Khan'S Tomb,3.4,5-Apr,https://upload.wikimedia.org/wikipedia/commons/thumb/1/1d/Taj_Mahal_%28Edited%29.jpeg/960px-Taj_Mahal_%28Edited%29.jpeg," Abdulla Khan's Tomb is a splendid memoir constructed by the son of Abdulla Khan, Hussain Ali Khan, who was the minister of king Farrukhsiyar. Opposite to this is the tomb of Abdulla Khan's wife. It is one of the major attractions of Ajmer due to its historic importance and architectural beauty. ",Other
Sambhar Lake,4.8,2-Jan,https://upload.wikimedia.org/wikipedia/commons/9/94/Lake_Sambhar.jpg," Sambhar Lake is the largest inland saltwater lake in India. It is located at a distance of 80 kms from Jaipur and 64 kms from Ajmer. The area attracts a lot of migratory birds. It is frequented by nature lovers, wanderers, birdwatchers, photography enthusiasts and all kinds of tourists. ",Nature
Akbari Masjid,4.2,5-Apr,https://upload.wikimedia.org/wikipedia/commons/thumb/b/b9/Babri_Masjid.jpg/960px-Babri_Masjid.jpg," Akbari Mosque is situated between Shahjahani Gate and Buland Darwaza on the Ander Kote Road, Ajmer. Made in red sandstone, the shrine is decorated with white and green marbles. Four tall minarets flank the entrance and accentuate the beauty of the mosque. ",Beach
Prithviraj Smarak,4.5,5-Apr,https://upload.wikimedia.org/wikipedia/commons/f/f5/Posthumous_painting_depicting_Prithviraj_Chauhan_from_Kota_%28colour%29.jpg," Located on the Taragarh Road in Ajmer, Prithviraj Smarak is a memorial dedicated to the fearless Rajput King- Prithviraj Chauhan. The Smarak is perched atop a hill and it offers panoramic views of the city below. ",Hill Station
Bibi-Ka-Maqbara,4.2,3-Feb,https://upload.wikimedia.org/wikipedia/commons/thumb/7/78/The_Tomb_of_Dilras_Banu_Begum.jpg/960px-The_Tomb_of_Dilras_Banu_Begum.jpg," Having a striking resemblance to Taj Mahal, the Bibi ka Maqbara is often referred to as the Taj of the Deccan. Bibi ka Maqbara was constructed by Azam Shah, son of Aurangzeb in the memory of his mother Dilras Banu Begum. It is the principal monument in the historic city of Aurangabad.  ",Heritage
The Ajanta Caves,3.6,2-Jan,https://upload.wikimedia.org/wikipedia/commons/thumb/c/c3/Ajanta_%2863%29.jpg/960px-Ajanta_%2863%29.jpg," At a distance of 99km from the town lies a highlight to its tourism and heritage spheres. These ones find themselves a place in the UN's list of World Heritage Sights and are a must visit, while here. ",Heritage
Panchakki,3.7,5-Apr,https://upload.wikimedia.org/wikipedia/commons/thumb/3/37/Panchakki_fountain%2C_Aurangabad.jpg/960px-Panchakki_fountain%2C_Aurangabad.jpg," Panchakki is a water mill located in the dargah complex at  Baba Shah Musafir Dargah, Auranagabad. It is an ancient mill which used to grind grain for the pilgrims who visited the Dargah. This mill displays the scientific thought process behind medieval Indian architecture, as in those days, it was designed to generate energy via water which was brought down from a spring on a nearby mountain. The complex, along with the mill, also consists of a mosque, a madrissa, a kacheri, a minister's house, a sarai and houses for zananas. ",Hill Station
Salim Ali Lake,3.2,2-Jan,https://upload.wikimedia.org/wikipedia/commons/thumb/c/c2/Salim_Ali_Lake.jpg/960px-Salim_Ali_Lake.jpg," Surrounded by a beautiful view, one can also finds themselves spotting a number of birds here, given the bird sanctuary in the area. During the monsoons and winter months, boating facility is also available. ",Wildlife
Bhadra Maruti,3.5,4-Mar,https://upload.wikimedia.org/wikipedia/commons/thumb/e/ed/Bhadra_Maruti_Temple.jpg/960px-Bhadra_Maruti_Temple.jpg," The Bhadra Maruti Temple, located in Khuldabad near Aurangabad, is dedicated to the Hindu deity Lord Hanuman. This is one of the only three temples in India where the idol of the presiding deity, Lord Hanuman, is seen in the Bhav Samadhi or the sleeping posture, the other two being at Allahabad and Madhya Pradesh. Situated just 4 kms from the renowned Ellora Caves, Bhadra Maruti is thronged by devotees, especially on Saturdays during the months of ""Sharavan"" according to the Marathi calendar. ",Spiritual
Himroo Factory,3.2,5-Apr,https://upload.wikimedia.org/wikipedia/commons/thumb/6/65/Bibi_Ka_Maqbara_-_The_Taj_Of_Deccan.jpg/960px-Bibi_Ka_Maqbara_-_The_Taj_Of_Deccan.jpg," Himroo Factory falls on your list of essentials if you wish to take back home some conventional and traditional Himroo fabric, shawls and saris. ",Cultural
Killa Arak,3.2,2-Jan,https://upload.wikimedia.org/wikipedia/commons/thumb/1/1a/Ezhimala_beach.JPG/960px-Ezhimala_beach.JPG," An elaborate palace with 4 entrances, this structure was built on the Mughal king, Aurangzeb's order. The throne room of Aurangzeb can be found here. ",Heritage
Connaught palace,3.7,3-Feb,https://upload.wikimedia.org/wikipedia/commons/thumb/e/e1/Flag_of_Connacht.svg/960px-Flag_of_Connacht.svg.png," Cannaught place or market is developing as a good market for almost everything. It has good multiplex, Prozone Mall, showrooms for cars, gold ornaments SHOWROOMS, market for mobile phones, and almost everything people need in day to day life, with plenty of flats and multi storied buildings. ",Urban
Jayakwadi Dam,4.6,5-Apr,https://upload.wikimedia.org/wikipedia/commons/thumb/1/12/Jayakwadi_Dam.jpg/960px-Jayakwadi_Dam.jpg," One of the largest irrigation projects in Maharashtra, Jayakwadi Dam is a multipurpose project which aims to irrigate drought-prone Marathwada Region and also to provide water for drinking and industrial usage. Built across Godavari River, its height is approximately 41.30 m and length of 9,998 metres with a total storage capacity 2,909 MCM. Jayakwadi Bird Sanctuary and Dnyaneshwar Dam in the surrounding area make the dam a perfect site to escape the chaos of city life and reminisce the serenity.  ",Wildlife
Chatrapati Shivaji Museum,4.6,5-Apr,https://upload.wikimedia.org/wikipedia/commons/thumb/1/1f/Sambhaji_painting_late_17th_century.png/960px-Sambhaji_painting_late_17th_century.png," Established in the honour of the great Maratha ruler, Shivaji Maharaj, the Chhatrapati Shivaji Museum, located near Nehru Bal Udyan, has a marvellous collection of artefacts belonging to Maratha Empire. The main highlight of the museum is the 500-year-old armour, an equally old traditional Paithani Saree and a copy of the Holy Quran that was written by Aurangzeb. Housing 6 exhibition halls, the Chhatrapati Shivaji Museum in Aurangabad is a rich source of knowledge of the Maratha valour. ",Heritage
Dargah Baba Shah Musafir,5.0,4-Mar,https://upload.wikimedia.org/wikipedia/commons/thumb/3/37/Panchakki_fountain%2C_Aurangabad.jpg/960px-Panchakki_fountain%2C_Aurangabad.jpg," Dargah Baba Shah Musafir is a 17th century memorial built by Emperor Aurangzeb in the honour of Baba Shah Musafir who was the spiritual teacher of the emperor. The memorial complex houses a tombstone of Baba Shah Musafir, a mosque, a beautiful garden and a mesmerising fountain. The ambience created in the beautiful complex is extremely tranquil and inviting. ",Spiritual
Pitalkhora Caves,4.9,3-Feb,https://upload.wikimedia.org/wikipedia/commons/thumb/6/61/4_Pitalkhora_overview.jpg/960px-4_Pitalkhora_overview.jpg," One of the earliest caves in Maharashtra, Pitalkhora Caves are located in Chandora hills, near Bharmarwadi village, Aurangabad district. This 3rd-Century rock-cut Buddhist cave complex is the largest group of monuments belonging to the Satavahana Dynasty. Also known as Brazen Glen, the caves are made up of fourteen rock-cut structures which have fine architectural styles and paintings. Out of these fourteen monuments, four are chaityas and the rest are viharas.  ",Hill Station
Sunheri Mahal,4.9,5-Apr,https://upload.wikimedia.org/wikipedia/commons/thumb/1/1a/Lascar_Elephanta_Island_-_Three_headed_figure_emerging_from_Shiva_%284558850202%29.jpg/960px-Lascar_Elephanta_Island_-_Three_headed_figure_emerging_from_Shiva_%284558850202%29.jpg," Located 2 kilometres from the infamous Bibi Ka Maqbara and about 6 kilometres from the Aurangabad Railway Station, is the last remaining Palace in the city, Soneri Mahal. This historical Palace is said to have derived its name from the golden paintings that adorned it in the past. These paintings have now disappeared, leaving the two-storeyed spacious building, which has a Rajput style architecture.  ",Heritage
Prozone Mall,3.4,4-Mar,https://upload.wikimedia.org/wikipedia/commons/thumb/e/e9/Prozone_Aurangabad.jpg/960px-Prozone_Aurangabad.jpg," One of the largest malls in the city of Aurangabad, the Prozone Mall is the first horizontally built mall of India and is situated on API road, MIDC Industrial Area. With more than 150 retail stores, a large family entertainment centre, and ample parking space, it is one of the city’s most happening spaces with loads of recreational and entertainment facilities. ",Urban
Naukhanda Palace,3.7,5-Apr,https://upload.wikimedia.org/wikipedia/commons/thumb/f/f3/Naukhanda.jpg/600px-Naukhanda.jpg," A former royal palace in Aurangabad, the Naukhanda Palace was built in 1616 by Malik Ambar and had massive gateways leading to it. The magnificent palace has nine apartments, masjid, hot baths, kacheri in addition to several other structures which were subsequently ruined and later demolished. The Naukhanda Palace now houses The Aurangabad College For Women and is often a spot where people drop by to have a quick view of the once grand edifice. ",Heritage
Nathatop,4.1,2-Jan,https://upload.wikimedia.org/wikipedia/commons/thumb/3/3d/Nathatop.jpg/960px-Nathatop.jpg, One reaches Nathatop after a short trek from Patnitop. The hill station is covered with snow during winters thereby enhancing its beauty two times. One can happily go skiing in these mountains. Nathatop has also become very famous for its paragliding. ,Hill Station
Mubarak Mandi Palace,4.5,3-Feb,https://upload.wikimedia.org/wikipedia/commons/thumb/6/6a/Jammu_-_Mubarak_Mandi.jpg/960px-Jammu_-_Mubarak_Mandi.jpg," The Mubarak Mandi is a royal palace in Jammu that once served as the residence of the maharaja of Jammu and Kashmir from the Dogra dynasty. One of its most spectacular segments, The Shesh Mahal or The Pink Hall houses the Dogra Art Museum which has several miniature paintings and Emperor Shah Jahan's golden bow and arrow, among other interesting things.  ",Heritage
Surinsar Lake,3.1,2-Jan,https://upload.wikimedia.org/wikipedia/commons/thumb/5/5a/Mansar_Lake.jpg/960px-Mansar_Lake.jpg," The Surinsar Lake, considered a twin of the Mansar Lake, is a captivating lake placed in the setting of the densely wooded mountain ranges. It is a favourite among locals and tourists, serving as a perfect getaway for those looking for a change of pace from the din of the city. ",Hill Station
Amar Mahal Museum,4.2,4-Mar,https://upload.wikimedia.org/wikipedia/commons/thumb/8/81/Amar_Mahal_Museum%2C_Jammu.jpg/960px-Amar_Mahal_Museum%2C_Jammu.jpg," Constructed by King Raja Amar of Dogra in the 1890s, this museum was home to the royal family for many years. Made of red sandstone, the palace was turned into a museum with rich collections of paintings, books, inscriptions and sculptures. ",Beach
Bagh-E-Bahu,4.2,2-Jan,https://upload.wikimedia.org/wikipedia/commons/thumb/5/59/Bahu_Fort%2C_Jammu%2C_India.jpg/960px-Bahu_Fort%2C_Jammu%2C_India.jpg," Situated by the iconic Bahu Fort, the Bagh-e-bahu is a beautiful and popular garden of Jammu. Atop a mountain facing the Tawi river, this garden is a combination of sprawling lawns, grand fountains, charming stone sculptures, a beautiful lake and a large aquarium. ",Hill Station
Dogra Art Museum,3.2,3-Feb,https://upload.wikimedia.org/wikipedia/commons/e/e9/Dogra_Art_Museum%2C_Jammu.jpg," Housed in the Mubarak Mandi palace, the museum is an ideal destination for witnessing and experiencing the folklore and culture of Jammu along with Ladakh and Kashmir. ",Heritage
Dargah Garib Shah,3.2,4-Mar,https://upload.wikimedia.org/wikipedia/commons/thumb/6/6d/Dargah_of_Sufi_saint_Moinuddin_Chishti_Ajmer_India_%285%29.JPG/960px-Dargah_of_Sufi_saint_Moinuddin_Chishti_Ajmer_India_%285%29.JPG," Another shrine, which has its devotees, spread across religions, this one is dedicated to a saint, Garib Shah who preached of humanity and unity. ",Other
Mansar Lake,4.2,4-Mar,https://upload.wikimedia.org/wikipedia/commons/4/40/Mansar_lake_photo.png," Mansar Lake is located 62 km from Jammu which is a lake fringed by forest-covered hills, over a mile in length by half a mile in width. Besides being a popular excursion destination in Jammu, it is also a holy site, sharing the legend and sanctity of Lake Mansarovar. Mansar Lake is also home to two temples, Umapati Mahadev & Narasimha and the temple of Durga apart from many others. ",Hill Station
Shivkhori,3.7,5-Apr,https://upload.wikimedia.org/wikipedia/commons/thumb/6/6e/Shivkhori_cave.JPG/600px-Shivkhori_cave.JPG," In the lap of nature , the Shivkhori shrine is situated on a hillock in the Udhampur district of Jammu and Kashmir. The cave is dedicated to one of the forms of Lord Shiva ( unborn and invisible ) resting place in the lingam. The cave consist of many magical and natural impression and images of other deities . The route from Jammu to Shivkhori is full of mountains and waterfalls. ",Hill Station
Peer Kho Cave,3.2,2-Jan,https://upload.wikimedia.org/wikipedia/commons/thumb/6/6e/Kashmir_region._LOC_2003626427_-_showing_Jammu_division_administered_by_India_in_neon_blue.jpg/960px-Kashmir_region._LOC_2003626427_-_showing_Jammu_division_administered_by_India_in_neon_blue.jpg," On the banks of Tawri River, are these cave temples tied to instances from the Ramayana. Nearby, one also finds the Panchbakhtar temple and Ranbireshwar temple, dedicated to Lord Shiva, which too have their origins and depictions shared with legends and epics. ",Spiritual
Purmandal,3.2,5-Apr,https://upload.wikimedia.org/wikipedia/commons/thumb/1/10/Plate_17._Festival_%28male%29_at_Poormandal%2C_near_Jammu_-_Part_2._Recollections_of_India_%28FIRST_EDITION%29_5588_017_%28cropped%29.jpg/580px-Plate_17._Festival_%28male%29_at_Poormandal%2C_near_Jammu_-_Part_2._Recollections_of_India_%28FIRST_EDITION%29_5588_017_%28cropped%29.jpg," A little away from the city of temples, is a modest instance of religion and spirituality, a holy town, by the name of Purmandal. ",Spiritual
Robber'S Cave,4.4,3-Feb,https://upload.wikimedia.org/wikipedia/commons/thumb/8/87/Robber%27s_cave_or_Gucchu_pani%2C_Dehradun.jpg/960px-Robber%27s_cave_or_Gucchu_pani%2C_Dehradun.jpg," Robber's Cave, locally known as Gucchu Pani, is a river cave formed in the Himalayas. This river cave is believed to be an abode of Lord Shiva. Its speciality is that river water flows out from the middle of the cave.   ",Nature
Sahastradhara,4.2,4-Mar,https://upload.wikimedia.org/wikipedia/commons/thumb/5/50/View_at_Sahastradhara_v1.jpg/600px-View_at_Sahastradhara_v1.jpg, Sahastradhara meaning 'thousand fold spring' is popular for its ecstatic beauty and therapeutic value since its water contains Sulphur.  Its picturesque beauty attracts a lot of travellers. ,Beach
Malsi Deer Park,4.1,5-Apr,https://upload.wikimedia.org/wikipedia/commons/thumb/1/1f/When_the_big_cat_turned_to_my_camera%21.jpg/960px-When_the_big_cat_turned_to_my_camera%21.jpg," Located at the base of the Shivalik range, Dehradun Zoo, formerly known as Malsi Deer Park, is a zoological garden. It is home to two horned Deer, tigers, Neelgai, Peacock and many other animals. This well maintained zoological garden is an ideal place for a picnic. ",Wildlife
Pacific Mall,4.3,5-Apr,https://upload.wikimedia.org/wikipedia/commons/thumb/0/09/Pacific_Mall_2023.jpg/960px-Pacific_Mall_2023.jpg," The biggest and most popular shopping mall in Dehradun, Pacific Mall is known for shopping and for entertainment. It features hundreds of brands, several food joints and entertainment options which means it is a great place for individual and group shoppers. ",Urban
Daat Kali Mandir,4.5,2-Jan,https://upload.wikimedia.org/wikipedia/commons/thumb/7/7f/Evening_prayers_at_Har-Ki-Pairi_Ghat_in_Haridwar.jpg/960px-Evening_prayers_at_Har-Ki-Pairi_Ghat_in_Haridwar.jpg, The Daat Kali Temple in Dehradun is dedicated to the Goddess Kali. Devotees come here to seek blessings before starting a new chapter of their lives and also for the darshan of a flame that has been continuously burning since 1921. ,Spiritual
Kalinga,3.7,5-Apr,https://upload.wikimedia.org/wikipedia/commons/thumb/d/d4/Adwaita_Charan_Gadanayak_-_Kolkata_2017-07-10_3097.JPG/960px-Adwaita_Charan_Gadanayak_-_Kolkata_2017-07-10_3097.JPG," Located along the Sahastradhara road, Kalinga War Memorial, or Khalanga War Memorial, was erected by the British to honor the Gurkhas. The only war memorial of its kind which was built was Britishers to honor their foe, it is a symbol of pride for Gurkha community. ",Other
Kedarkantha Trek,3.5,2-Jan,https://upload.wikimedia.org/wikipedia/commons/thumb/6/68/Kedarkantha_Peak.jpg/960px-Kedarkantha_Peak.jpg," Situated in the lap of mountains of the Tons River Valley, Kedarkanth is a stunning place offering an easy, classic trek. It is a lovely ridge peak accessible throughout the year with plethora of rewarding adventures. ",Hill Station
Sai Mandir,4.0,3-Feb,https://upload.wikimedia.org/wikipedia/commons/thumb/e/e2/Dehradun_view_from_maggi_point.jpg/960px-Dehradun_view_from_maggi_point.jpg," Dedicated to Shirdi Sai Baba, the Sai Darbar Temple in Dehradun is situated along Rajpur Road. It is frequented by a plethora of devotees who come to pay their tribute to Sai Baba by offering chadars, flowers and sweets, and to attend the aarti organised every evening.  ",Spiritual
Ram Rai Gurudwara,3.7,4-Mar,https://upload.wikimedia.org/wikipedia/commons/thumb/e/ea/Guru_Ram_Rai_Temple%2C_Dehradun%2C_1858.jpg/960px-Guru_Ram_Rai_Temple%2C_Dehradun%2C_1858.jpg," Established by 'Ram Rai', the eldest son of the seventh Guru of the Sikhs, Sri Har Rai ji in 17th Century, Ram Rai Gurudwara in Dehradun is one of the oldest Gurudwara and a popular pilgrimage center of the Sikh religion. ",Spiritual
Tiger View Jungle Camp,3.1,5-Apr,https://upload.wikimedia.org/wikipedia/commons/thumb/d/dc/Becque_-_Livre_de_la_jungle%2C_p27.jpeg/960px-Becque_-_Livre_de_la_jungle%2C_p27.jpeg," Situated in the village Goolar Khalla, Tiger View Jungle camp shelters the endangered Indian Tiger. You can take the jungle safari, and enjoy the rare facility of camping in the wilderness. ",Adventure
Zonal Museum,3.1,4-Mar,https://upload.wikimedia.org/wikipedia/commons/thumb/9/99/Fort_of_Firoz_Shah_Tughlaq_at_Hisar.jpg/600px-Fort_of_Firoz_Shah_Tughlaq_at_Hisar.jpg," The zonal museum is popular for its collection of artifacts relating to the origin, development and sustenance of the mankind on earth, and stands witness to the ancient living conditions and customs of its people. ",Heritage
Sudarshan,3.4,5-Apr,https://upload.wikimedia.org/wikipedia/commons/thumb/4/41/The_President%2C_Shri_Ram_Nath_Kovind_presenting_the_Padma_Vibhushan_Award_to_Shri_Sudarshan_Sahoo%2C_at_the_Civil_Investiture_Ceremony-III%2C_at_Rashtrapati_Bhavan%2C_in_New_Delhi_on_November_09%2C_2021.jpg/960px-thumbnail.jpg," The Sudarshan Crafts Museum was established by Sri Sudarshan Sahoo to create a location where artists and art lovers can see the evolution of modern craftsmanship. The museum displays the change that has taken place in traditional sculptures over the decades. The museum has facilities for artists as well, giving them an opportunity to ply their craft in the workroom, and have a showroom to display it. ",Heritage
Pipili,3.1,5-Apr,https://upload.wikimedia.org/wikipedia/commons/thumb/c/cc/Pipili%2C_Odisha_01.jpg/960px-Pipili%2C_Odisha_01.jpg," Pipili is a town in Puri, famous for the abundant handicraft products which are available here for sale. The entire economy depends on the crafts, and they provide all sorts of products. Figures of Gods, animals, birds, flowers etc., pillow covers, sheets, handbags, purses are all of the best quality here. The town itself has numerous food stalls to sate hunger in between shopping. ",Cultural
Chilika Lake,4.2,5-Apr,https://upload.wikimedia.org/wikipedia/commons/thumb/9/94/Birds_eyeview_of_Chilika_Lake.jpg/960px-Birds_eyeview_of_Chilika_Lake.jpg," Chilika Lake is the biggest inland salt-water lake. Situated 50 km away from Puri, this lake is a major tourist attraction in Odisha. Set amidst a beautiful landscape full of lush greenery, the Chilika Lake also has a beautiful island laden with trees. ",Island
Swargadwar Beach,3.4,5-Apr,https://upload.wikimedia.org/wikipedia/commons/thumb/b/b7/Shri_Jagannath_temple.jpg/960px-Shri_Jagannath_temple.jpg," Running along the main Marine Drive of Puri, right in front of the Swargadwar Crematorium, the ever-so-famous beach of Puri is the throbbing heartbeat of the city. Crowded with visitors throughout the year, the Swargadwar Beach is dotted with numerous stalls selling local handmade products, seashells, and jewelleries. A whole morning goes away by splashing and bathing at the safe, sandy beach, while the evenings are kept for enjoying the oceanic view and tea and snacks from the many stalls. ",Beach
Baliharachandi Beach,3.8,4-Mar,https://upload.wikimedia.org/wikipedia/commons/thumb/b/b7/Shri_Jagannath_temple.jpg/960px-Shri_Jagannath_temple.jpg," Baliharachandi Beach is the much quieter and offbeat alternative to the Puri Beach, with a peaceful calm and tranquillity about the whole place. There are not many people here, and even fewer stalls. Since the beach falls between Puri and Konark, visitors take a round on the way. Scurrying little crabs, scattered seashells and an unobstructed view of the sea make up for the lack of other entertainment. ",Beach
Daya River,3.1,2-Jan,https://upload.wikimedia.org/wikipedia/commons/thumb/5/5b/Kalinga_battlefield_daya_river_dhauli_hills.jpg/960px-Kalinga_battlefield_daya_river_dhauli_hills.jpg," Daya River is a branch shooting of Kuakhai River and empties into the Chilika Lake known for the Dolphins. The river is historically important, not only in terms of the history of Odisha-Bihar region, but of India as whole. It is on the banks of Daya, in the green slopes adjoining the Dhauli Hills that the famous Kalinga War was fought, which marked an end of Emperor Ashoka's violent ways and embracing Buddhism. There are many Ashokan edicts here, carved on the surface of rocks up along the hill. ",Hill Station
Baleshwar Beach,3.5,5-Apr,https://upload.wikimedia.org/wikipedia/commons/thumb/1/15/Khirachora_Gopinatha_Temple.jpg/960px-Khirachora_Gopinatha_Temple.jpg," Baleshwar Beach, or Chandipur Beach as it is more popularly known, is one of the less crowded and more serene beaches of Odisha. What makes this beach unique is its tide pattern. During particular ebb tides, the sea water recedes back from the sandy beach for up to 5 kilometres, leaving muddy traits behind. Because of this, this beach is ecologically rich and also great place to find molluscs, crustaceans and horseshoe crabs. ",Beach
Sonar Gouranga Mandir,4.0,5-Apr,https://upload.wikimedia.org/wikipedia/commons/thumb/8/8c/Front_view_of_the_arcades_of_Somaj_Bari%2C_Nabadwip.jpg/960px-Front_view_of_the_arcades_of_Somaj_Bari%2C_Nabadwip.jpg," Sonar Gouranga Mandir in Puri is one of the main centres of pilgrimage. It is located near the Puri Jagannath Temple, only three kilometres away, and close to the beach. The temple has the shrines of Shri Rama, Lord Jagannatha, Balaram and Subhadra, while also including other incarnations of Lord Vishnu. Located on the Chakratritha Road, photography is prohibited within the temple. ",Beach
Balighai Beach,3.4,3-Feb,https://upload.wikimedia.org/wikipedia/commons/thumb/b/b7/Shri_Jagannath_temple.jpg/960px-Shri_Jagannath_temple.jpg," Balighai beach is all about serenity and quietude that you will hardly find in the other beaches near Puri, The luxury resorts make sure that you can make this a destination getaway instead of a drive-through, and at the same time enjoy the tranquil environment of a clean environment and solitude, surrounded by Casuarina and Eucalyptus, and the azure blue up ahead. ",Beach
Dawki,4.5,5-Apr,https://upload.wikimedia.org/wikipedia/commons/thumb/a/ab/Umngot_river%2C_Dawki.jpg/960px-Umngot_river%2C_Dawki.jpg," A beautiful river with crystal clear waters, Dawki is one of the most picture-perfect spots you'll find in Meghalaya. Travellers love spending a day outing here, especially boating in the pretty surroundings. Dawki is a small town in the Jaintia Hills and is a border town between India and Bangladesh. The small town, besides being a trade hub is also famous for its tourism, with many people flocking to the town in order to experience a boat ride in its famed Umngot River and enjoy the nearby sights and sounds. People also come here directly from Shillong for a day trip.   ",Hill Station
Nohkalikai Waterfalls,4.3,4-Mar,https://upload.wikimedia.org/wikipedia/commons/thumb/5/5c/The_Elegant_Nohkalikai_Falls_during_a_summer_sunset.jpg/960px-The_Elegant_Nohkalikai_Falls_during_a_summer_sunset.jpg," The fourth highest waterfalls in the world, Nohkalikai falls plunge some 335 meters from a verdant cliff to the ground giving the portrayal of immense and natural magnificence. The pride of the state of Meghalaya, the falls are one of the most beautiful and grand waterfalls in the country. Tucked in between the evergreen rainforest of the Khasi Hill and flowing with all its majesty and might, the falls plunges into a lagoon that is as blue as the afternoon sky.  ",Hill Station
Mawlynnong,3.6,4-Mar,https://upload.wikimedia.org/wikipedia/commons/thumb/d/d9/Mawlynnong_-_Cleanest_village_of_Asia.jpg/960px-Mawlynnong_-_Cleanest_village_of_Asia.jpg," Also located in the East Khasi district, this village has won the title of Asia's cleanest village in 2003 and India's cleanest village in 2005. This village is also referred as God's own garden. ",Nature
Mawsmai Cave,4.3,4-Mar,https://upload.wikimedia.org/wikipedia/commons/thumb/8/82/Seven_Sisters_Water_Falls_Mawsmai_Cherrapunjee_513.JPG/960px-Seven_Sisters_Water_Falls_Mawsmai_Cherrapunjee_513.JPG," Just half a kilometer from Cherrapunji these caves are the most prominent of the tourist hubs. Considered to be the fourth longest caves in the entire Indian sub-continent, the highlight of these caves is a little pool formed inside as a result of five different rivers joining here. ",Nature
Mawsmai Falls,3.2,4-Mar,https://upload.wikimedia.org/wikipedia/commons/thumb/8/82/Seven_Sisters_Water_Falls_Mawsmai_Cherrapunjee_513.JPG/960px-Seven_Sisters_Water_Falls_Mawsmai_Cherrapunjee_513.JPG," These are the highest waterfalls in India. At 1,035 ft the falls are also known as the Nohsngithiang Falls. Such a tourist landmark needs no introduction at all. ",Nature
Dainthlen Waterfall,3.2,5-Apr,https://upload.wikimedia.org/wikipedia/commons/thumb/e/ee/Wei_Sawdong_Waterfall_3.jpg/960px-Wei_Sawdong_Waterfall_3.jpg, These are one of the most popular falls of Cherrapunji - even for the locals. Legends have it that in the caves near the falls an evil snake was once killed. ,Other
Krem Phyllut,3.2,2-Jan,https://upload.wikimedia.org/wikipedia/commons/thumb/9/96/Cave_sentinels_of_India.jpg/960px-Cave_sentinels_of_India.jpg," Located south of Cherrapunji, this place is a major tourist attraction owning to the caves it has. ",Other
Nokrek National Park,3.2,2-Jan,https://upload.wikimedia.org/wikipedia/commons/thumb/5/5f/Nokrek_Ridge_Daribokgre_West_Garo_Oct24_A7CR_03649.jpg/960px-Nokrek_Ridge_Daribokgre_West_Garo_Oct24_A7CR_03649.jpg," This is a famous park of the state. Located nearly 45km from Tura, it is boasts of a wide variety of flora and fauna. ",Other
Khasi Monoliths,3.2,2-Jan,https://upload.wikimedia.org/wikipedia/commons/thumb/a/ae/Mawphlang_village.jpg/960px-Mawphlang_village.jpg, The Khasi Monoliths are located in close proximity to the Mawsmai Falls. These are amazing underground mazes and passages of age old caves. ,Other
Lalgarh Palace,4.3,2-Jan,https://upload.wikimedia.org/wikipedia/commons/thumb/0/04/Lalgarh_Palace_Bikaner.jpg/600px-Lalgarh_Palace_Bikaner.jpg," Lallgarh Palace was constructed for the Maharaja of Bikaner, Maharaja Ganga Singh, between 1902 and 1926. The palace built in European architecture style has now been opened up for tourists as a Heritage Hotel, and the entire estate comes under the National Heritage Trust. The estate also houses a museum named Shri Sadul Museum, where you can find traces of Rajasthani Royalties and get an insight into their extravagant lifestyle. ",Heritage
Bhandasar,3.2,5-Apr,https://upload.wikimedia.org/wikipedia/commons/thumb/e/ed/Bhandasar_Jain_temple_exterior_-_1.jpg/960px-Bhandasar_Jain_temple_exterior_-_1.jpg," Bhandasar Jain Temple is one of the 27 beautiful Jain temples located in Bikaner. This temple is dedicated to the fifth Tirthankara, Sumatinath and it is also considered to be the most beautiful and the highest temple. ",Desert
Royal Cenotaphs,4.7,4-Mar,https://upload.wikimedia.org/wikipedia/commons/thumb/d/d8/UK-2014-London-The_Cenotaph.jpg/960px-UK-2014-London-The_Cenotaph.jpg, The Royal Cenotaphs is the cremation ground of the foyal families of Bikaner. It is an architectural treat for the tourists. The splendid structure with intricately carved marble pillars display legends of Lord Krishna and other beautiful traditional designs. The oldest monument on the ground was installed in the honour of Rao Kalyanmal and the earliest is the one made for Maharaja Karni Singh. ,Heritage
Sadul Singh Museum,4.7,2-Jan,https://upload.wikimedia.org/wikipedia/commons/thumb/2/24/Ganga_Singh_c1930.jpg/600px-Ganga_Singh_c1930.jpg," Dedicated to the Maharajas of Bikaner, Maharaja Ganga Singh, Maharaja Karni Singh and Maharaja Sadul Singh, the Sadul Singh Museum has a fabulous collection of artefacts belonging to the kings, paintings, trophies, weapons, photographs to mention a few. It is the best place to get insights into the heroic activities of the Maharajas. ",Heritage
Ganga Singh Museum,3.5,3-Feb,https://upload.wikimedia.org/wikipedia/commons/thumb/2/24/Ganga_Singh_c1930.jpg/600px-Ganga_Singh_c1930.jpg," Ganga Singh Museum has a marvellous collection of artefacts belonging to the Harappan Civilisation and Gupta Dynasty. The museum is a perfect attraction for history and archaeological buffs as the stunning antiques like pottery, paintings, terracotta artwork, etc. are sure to give one a peep into the rich ancient heritage of India. ",Heritage
Prachina Museum,3.1,4-Mar,https://upload.wikimedia.org/wikipedia/commons/thumb/7/7c/The_Laxmi_Niwas_Palace%2C_Bikaner%2C_Rajasthan.jpg/960px-The_Laxmi_Niwas_Palace%2C_Bikaner%2C_Rajasthan.jpg," Prachina Museum was established in 2000 by the daughter of Maharaja Narendra Singhji, Siddhi Kumari and has a stunning collection exhibiting royal apparel, accessories, perfumes, textiles, artwork, unique class artefacts, cutlery, crockery and portraits of the Maharajas. The objects on display provide a sneak peek into the rich lifestyle of the royals of Bikaner. ",Heritage
Sursagar Lake,4.1,3-Feb,https://upload.wikimedia.org/wikipedia/commons/thumb/d/dd/Shiva_Statue_%40_Sur_Sagar_Lake%2C_Vadodara.JPG/960px-Shiva_Statue_%40_Sur_Sagar_Lake%2C_Vadodara.JPG," Sursagar Lake was dug out during the reign of Maharaja Sur Singh to curb water shortage in the region. With well maintained surroundings and proper seating arrangement around the mesmerizing lake, it is a famous attraction and a preferred picnic spot in the city. ",Beach
Kote Gate,3.2,4-Mar,https://upload.wikimedia.org/wikipedia/commons/thumb/0/0f/Sri_Varadaraja_Swamy_Temple_in_Heggadedevana_Kote_aka_H_D_Kote_%281%29.jpg/960px-Sri_Varadaraja_Swamy_Temple_in_Heggadedevana_Kote_aka_H_D_Kote_%281%29.jpg," If you are a shopaholic then Kote Gate is full of surprises for you. You can shop for buffed camel hide articles, miniature paintings, Khadi industry articles, as well as wood carvings apart form mouth watering Bhujia and Rosogollahs here. ",Desert
Devi Kund,3.2,5-Apr,https://upload.wikimedia.org/wikipedia/commons/thumb/9/97/Nani_ki_Mandir2.jpg/960px-Nani_ki_Mandir2.jpg," Located around 8km from Bikaner, Devi Kund consists of royal cenotaphs or chhatris of brave rulers of Bika dynasty. This royal crematorium houses several cenotaphs. ",Heritage
Kodachadri,3.4,3-Feb,https://upload.wikimedia.org/wikipedia/commons/thumb/c/c1/Kodachadri.JPG/960px-Kodachadri.JPG," Situated about 115 km away from Shimoga town, Kodachadri is a peak in Western Ghats packed full of flora and fauna.  ",Other
Agumbe,4.0,5-Apr,https://upload.wikimedia.org/wikipedia/commons/thumb/4/4d/Agumbe_View_point.jpg/960px-Agumbe_View_point.jpg," A one of a kind experience in perhaps one of the most bio-diverse regions in the world, the Sita Nadi river rafting is an unparalleled experience. ",Adventure
Honnemaradu,4.0,3-Feb,https://upload.wikimedia.org/wikipedia/commons/thumb/1/16/Honnemoredu.jpg/960px-Honnemoredu.jpg," Honnemaradu is a small cosy village, by the Honnemaradu Reservoir. The site is set in the middle of a valley and a weekend getaway to this place is nothing less than an adventure camp.  ",Hill Station
Keladi,3.1,3-Feb,https://upload.wikimedia.org/wikipedia/commons/thumb/5/5a/Rameshwara_Temple_in_Keladi.jpg/960px-Rameshwara_Temple_in_Keladi.jpg," Keladi is a village in the Shimoga District known for its rich past and culture. Once served as the first capital of the Keladi Nayaka Kingdom, today this prime location is adorned with two popular spots i.e. Rameshwara Temple and Keladi Museum.  ",Heritage
Dabbe Falls,3.6,5-Apr,https://upload.wikimedia.org/wikipedia/commons/thumb/7/77/Sagara_Marikamba_Temple.jpg/960px-Sagara_Marikamba_Temple.jpg, These pristine falls in Shimoga district are not polluted due to them being hidden in the mountains and not warranting much tourist activity. A major trek through a valley leads to these falls. ,Hill Station
Gajanur Dam,3.4,4-Mar,https://upload.wikimedia.org/wikipedia/commons/thumb/6/68/Gajanur_dam.jpg/960px-Gajanur_dam.jpg," Located 12 km from Shimoga en-route Thirthahalli, one can witness a perfect picnic spot in a way of Tunga Dam built over River Tunga. An Elephant Camp where elephants are trained can also be enjoyed there by visitors. ",Wildlife
Barkana Falls,4.0,4-Mar,https://upload.wikimedia.org/wikipedia/commons/thumb/9/9c/Viewing_Barkana_Falls_%2816168205456%29.jpg/960px-Viewing_Barkana_Falls_%2816168205456%29.jpg," The Barkana Falls are located between Agumbe and Shimoga and derive their name from ‘Barka’, the mouse deer, a shy creature that inhabits this particular region. The trek route runs through the dense rainforests of the Western Ghats. During monsoons, the regions start buzzing with life as new streams begin to emerge and the canopy of vegetation gets dense enough for any traveller to lose orientation. The best time to visit these falls are in the early days of winter. ",Adventure
Onake Abbi Falls,4.0,4-Mar,https://upload.wikimedia.org/wikipedia/commons/thumb/4/4d/Agumbe_View_point.jpg/960px-Agumbe_View_point.jpg, The Onake Abbi falls is one of the many waterfalls in Shimoga. The trek to the top of the fall is relatively short covering a distance of about 4-5 kilometres. The trail runs through a dense forest that is rich in flora and fauna. The summit of the trek offers a breathtaking view of the entire waterfall as it cascades from a height of 500 feet.  ,Adventure
Hosahalli,3.0,4-Mar,https://upload.wikimedia.org/wikipedia/commons/thumb/d/db/Tunga.jpg/960px-Tunga.jpg," A unique village that merges ancient India with modern civilisation, the village of Hosahalli, along with its twin village Mattur, is known across the world as the only place where the ancient Sanskrit language is still spoken on a day-to-day basis. ",Urban
Mattur,3.0,2-Jan,https://upload.wikimedia.org/wikipedia/commons/thumb/d/db/Tunga.jpg/960px-Tunga.jpg," A tiny village in the Shimoga district of Karnataka, the quaint little Mattur, along with its twin village Hosahalli, is famous across the world for being one of the few existing locations where the ancient language of Sanskrit is used colloquially and in routine conversation. ",Other
Kunchikal Falls,3.3,4-Mar,https://upload.wikimedia.org/wikipedia/commons/b/b6/Kunchikal_falls.png," Kunchikal Falls located on the Shimoga- Udupi highway in Karnataka is India's highest waterfalls situated on River Varahi. There is also a hydro-electric plant installed on the waterfalls to generate electricity. Situated amidst the dense lusty woods, the waterfalls are also a popular trekking spot. It ranks 116 in the list of highest waterfalls in the world. Unlike many waterfalls in Shimoga, Kunchikal Falls is accessible by road and visitors just have to walk a few meters from the parking to view the falls. ",Adventure
Tunga Anicut Dam,3.2,3-Feb,https://upload.wikimedia.org/wikipedia/commons/thumb/d/db/Tunga.jpg/960px-Tunga.jpg," This is the most popular picnic spot near Jog Falls, with lush green paddy fields surrounding it. One also finds Teak jungles, all around the dam. ",Wildlife
Linganamakki Dam,3.6,2-Jan,https://upload.wikimedia.org/wikipedia/commons/thumb/8/87/Linganamakki_dam.jpg/960px-Linganamakki_dam.jpg," Constructed by the Karnataka State Government in 1964, The Linganamakki Dam is a 2.4 km long structure stretching across the Sharavathi river.  Situated about 6 kms from Jog Falls, the Dam is  located in the Sagara taluk of the state. The Dam receives water mainly from rainfall and also from the Chakra and Savahaklu reservoirs, which are linked to the Linganamakki Dam through a canal. When the Dam's sluice gates are closed, the Jog Falls get reduced to a mere trickle. However, they become magnificant once the gates are opened. The Dam, being quite large in size, offers a breathtaking view.  ",Nature
Unchalli Falls,3.7,2-Jan,https://upload.wikimedia.org/wikipedia/commons/thumb/4/46/Unchalli_falls_SIRSI.png/960px-Unchalli_falls_SIRSI.png," Unchalli Falls also known as Lushington Falls, is a waterfall created by a 116 metres (381 ft) drop in the Aghanashini river. The fall is located near Siddapur in Uttara Kannada District of Karnataka, India. The falls are named for J. D. Lushington, a District Collector for the British Government, who discovered the falls in 1845. ",Nature
Jogigundi Falls,4.0,3-Feb,https://upload.wikimedia.org/wikipedia/commons/thumb/4/4d/Agumbe_View_point.jpg/960px-Agumbe_View_point.jpg," Tucked away from the prying eyes of the world, the Jogigundi Falls are situated in the midst of the dense forests of Western Ghats. The unique feature of these falls is the point of origin. Unlike traditional waterfalls they do not fall from a height, instead they originate from a cave and run through a hill. The falls are not accessible by road and it requires a trek to reach the falls.  ",Hill Station
Koodli,3.5,2-Jan,https://upload.wikimedia.org/wikipedia/commons/thumb/e/e4/KudliTemple.jpg/960px-KudliTemple.jpg," The Varanasi of South, Koodli, is amongst the holiest places of Southern India and the site of confluence of two holy rivers Tunga & Bhadra. ",Nature
Hidlumane Falls,4.3,4-Mar,https://upload.wikimedia.org/wikipedia/commons/thumb/c/c1/Kodachadri.JPG/960px-Kodachadri.JPG," Located in the dense Mookambika forests, Hidlumane Falls is a series of 6 - 7 mesmerising waterfalls in the district of Shimoga, Karnataka. All of these waterfalls are hidden from view of one another and the most gorgeous one is situated at the top and is the last of the series. The pool is shallow and hence you find a lot of visitors swimming here. But swimming is prohibited here during the monsoons as the currents get harsh.  ",Wildlife
Achakanya Falls,3.8,2-Jan,https://upload.wikimedia.org/wikipedia/commons/thumb/e/e5/Shravanabelagola_statue.jpg/960px-Shravanabelagola_statue.jpg," Situated in the village of Aralasurali in Shimoga, Karnataka, Achakanya Falls is one of the town's best kept secrets. The waterfall is formed over River Sharavathi in the dense woods of the Western Ghats. The 6-7 feet high waterfalls is a visual delight to the eyes, a popular picnic spot for the locals and also an ideal trekking spot. ",Adventure
Kavaledurga,3.1,4-Mar,https://upload.wikimedia.org/wikipedia/commons/thumb/3/3b/Aerial_view_of_Kavale_Durga_Fort%2C_Thirthahalli%2C_Shimoga.jpg/960px-Aerial_view_of_Kavale_Durga_Fort%2C_Thirthahalli%2C_Shimoga.jpg," Kavaledurga is ancient hill fort situated near Shimoga in Karnataka that is perched at a height of 1541 metres. Although in ruins right now, the hill fort is still considered to be one of the most scenic and enchanting places in the state. Engulfed in greenery, the fort is surrounded by the majestic Western Ghats. The heritage spot is a hidden secret in the region and therefore is devoid of the typical tourist crowd.  The fort can be reached through a trek uphill that might be a little tiring but the view at the top will make it all worthwhile.  ",Hill Station
Mettur Dam,4.2,2-Jan,https://upload.wikimedia.org/wikipedia/commons/thumb/f/f4/Mettur_dam.jpg/960px-Mettur_dam.jpg," Mettur Dam, situated 30 miles from Salem in a small Mettur Village is one of the largest dams of India. The dam is surrounded by hilly range and is quite popular among tourists. ",Hill Station
Melagiri Hills,3.2,4-Mar,https://upload.wikimedia.org/wikipedia/commons/thumb/c/c3/Spider_Valley_Aiyur_Melagiri.jpg/960px-Spider_Valley_Aiyur_Melagiri.jpg," After having seen the breathtaking falls, the next most attractive place of Hogenakkal are the Melagiri Hills. The Hills are a few km away and various trekking options upto the hill add to the thrill of finally seeing the ranges. ",Hill Station
Gilbert Trail,3.8,3-Feb,https://upload.wikimedia.org/wikipedia/commons/thumb/2/2a/Gilbert_arenas_2008.jpg/960px-Gilbert_arenas_2008.jpg," Gilbert Trail is an easy hike of 1.5 kilometres. Starting from Kasauli Club, the trail ends at the Air Force Station, close to Sunset Point. The path is wide in the strat and gets narrow after a while. Gilbert Tail is known for its views and different species of birds. ",Adventure
Christ (Anglican) Church,3.2,2-Jan,https://upload.wikimedia.org/wikipedia/commons/thumb/3/3c/Coat_of_Arms_of_the_Anglican_Catholic_Church.svg/600px-Coat_of_Arms_of_the_Anglican_Catholic_Church.svg.png," Located in the centre of the city with a vibrant Mall road around it, this church is a popular tourist spot. It was constructed in the year 1853 and was built with the grandeur of the Gothic style of architecture. ",Heritage
Toy Train Ride,3.6,2-Jan,https://upload.wikimedia.org/wikipedia/commons/thumb/d/db/Distler-Zug%2C_um_1950_%28Foto_Sp_b%29.JPG/960px-Distler-Zug%2C_um_1950_%28Foto_Sp_b%29.JPG," Kalka to Shimla toy train runs on a narrow-gauge track and is known for its dramatic views of the hills and surrounding villages. A part of the UNESCO World Heritage List, the train takes on a ride amongst vast green hills and deodar and pine forests. One can take a trip from Dharampur (10 kms from Kasauli) and take a train to Barog and return. Barog has a huge tunnel that takes 3 minutes to cover. The tickets can be booked through IRCTC and other partner websites. ",Hill Station
Timber Trail,4.2,5-Apr,https://upload.wikimedia.org/wikipedia/commons/f/f1/Timber_Trail.jpg," Wrapped in the quiet charms of Himachal Pradesh, Timber Trail in the city of Kasauli is a quiet little hill station. The destination is an emerald beauty with its many pine and coniferous trees. Perhaps the most sought-after destination around Kasauli's Parwanoo, Timber Trail is a favourite among the backpacker community and students alike.  ",Hill Station
Singh Sabha Gurudwara,3.2,2-Jan,https://upload.wikimedia.org/wikipedia/commons/thumb/1/19/Amritpal_Singh_Jallupur.jpg/600px-Amritpal_Singh_Jallupur.jpg, The Gurudwara was made to commemorate the visit of Guru Nanak Dev to Pushkar. This place is also known as the Guru Nanak Dharamshala. ,Spiritual
Man Mahal,4.8,2-Jan,https://upload.wikimedia.org/wikipedia/commons/thumb/d/d0/Pushkar.jpg/960px-Pushkar.jpg," Built as the royal residence of Man Singh, Man Mahal is a stunning work of architecture. From the top of the grand palace, one can get a splendid view of the surroundings. The reflections of the temples in Pushkar in the Pushkar Lake is a mesmerising sight rendering it a perfect site for photography. ",Heritage
Naga Pahar,4.4,5-Apr,https://upload.wikimedia.org/wikipedia/commons/thumb/9/9b/Nag_Pahad.jpg/960px-Nag_Pahad.jpg," Naga Pahar is located between Pushkar Lake and Ajmer and is believed to be where Agastya Muni lived. The Naag Kund is believed to have existed on the Naga Pahar. The Kund was home to Vatu, Lord Brahma's son who stayed on the hill after he was punished by Chyavan Rishi for being a mischief-maker. The attraction, thus, has religious significance, and is also famous for trekking and spiritual walks. Locals believe that the height of the hillock has been decreasing over the years and it will eventually vanish some day in the future. ",Hill Station
Kishangarh,4.3,2-Jan,https://upload.wikimedia.org/wikipedia/commons/thumb/b/be/Kishangarh_Fort_Front.jpg/960px-Kishangarh_Fort_Front.jpg," Kishangarh is famous for its art, forts and the marble mines. Tourists can find explore the splendid Kuchaman Fort and the Phool Mahal Palace. The attraction also has the serene Gundaloo Lake where one can find various species of birds. Tourists can also purchase marble artefacts as gifts and souvenirs. ",Heritage
Merta City,3.7,4-Mar,https://upload.wikimedia.org/wikipedia/commons/thumb/1/1c/Charbhuja_Ji.jpg/960px-Charbhuja_Ji.jpg," Renowned for its temples and bravura palaces, Merta City is an attraction in itself. There are several unique attractions viz the Meera Bai Temple (four hundred years old), Aurangzeb Mosque and Bhanwal Mata Temple in the Merta City. (br) Users make use of the shortest route map from merta city to pushkar during their travel. Browse the website of Shortest Route and enter to and from locations in the boxes provided. Click to search and get the road route between merta city to pushkar. Users are able to find out the shortest road from merta city to pushkar. This shortest route finder tool helps users in reducing the travel time to their travel points. ",Beach
Padmini Palace,4.3,2-Jan,https://upload.wikimedia.org/wikipedia/commons/thumb/8/88/22Princess_Padmavati_ca._1765_Biblioth%C3%A8que_nationale_de_France%2C_Paris.jpg/960px-22Princess_Padmavati_ca._1765_Biblioth%C3%A8que_nationale_de_France%2C_Paris.jpg," Padmini Palace is the palace where Rani Padmini lived after she married Rawal Ratan Singh, the ruler of Mewar Kingdom. The palace is a historical monument related to the self-sacrifice of Rani Padmini after Chittorgarh was attacked by the Sultan of Delhi, Alauddin Khilji. ",Heritage
Maha Sati,3.5,3-Feb,https://upload.wikimedia.org/wikipedia/commons/thumb/3/34/Vaishno_Devi_Bhavan.jpg/960px-Vaishno_Devi_Bhavan.jpg," About 110 km away from Chittorgarh, this is the sacred place where Udaipur Rulers used to be cremated. ",Other
Rana Kumbha'S Palace,3.5,2-Jan,https://upload.wikimedia.org/wikipedia/commons/thumb/3/3a/Chittorgarh_fort.JPG/960px-Chittorgarh_fort.JPG, Rana Kumbha palace is where Rana Kumbha lived and spent his royal life. Its charming and artistic architecture makes it a must visit for tourists visiting Chittorgarh. ,Heritage
Sitamata Wildlife Sanctuary,4.1,4-Mar,https://upload.wikimedia.org/wikipedia/commons/thumb/3/3a/A_View_of_Sita_Mata_sanctuary%2C_Pratapgarh%2C_Rajasthan%2C_India.jpg/960px-A_View_of_Sita_Mata_sanctuary%2C_Pratapgarh%2C_Rajasthan%2C_India.jpg," Sitamata Wildlife Sanctuary is a dense forest area with thick deciduous plantations that include trees like Gulmohar, Sindoor, Rudraksha, Bamboo, Bel, etc. It is best explored during the day in the winter season as the weather stays pleasant and one can spot many migrating birds and local species of animals.  ",Beach
Fateh Prakash Palace,3.2,2-Jan,https://upload.wikimedia.org/wikipedia/commons/thumb/3/3a/Chittorgarh_fort.JPG/960px-Chittorgarh_fort.JPG," This palace of Chittorgarh takes Rajput grandeur to a new level. The architecture is splendid, and the layout fantastic. ",Heritage
Vijay Stambh,4.2,5-Apr,https://upload.wikimedia.org/wikipedia/commons/thumb/4/4b/Tower_of_victory.jpg/960px-Tower_of_victory.jpg, This monument is also known as the Victory Tower since it was built to mark the triumph of Chittorgarh over Mahmud Khilji in 1440. ,Heritage
Kirti Stambh,4.2,3-Feb,https://upload.wikimedia.org/wikipedia/commons/thumb/3/3a/Chittorgarh_fort.JPG/960px-Chittorgarh_fort.JPG," Chittor, in Rajsthan, is one of the most famous of all forts in India. Constructed in the Solanki style of architecture, it has numerous balconies and windows. Famous for the intricate carvings of the Digambar sect, this seven storied tower has a beautiful Adinatha statue on the second floor. ",Heritage
Ratan Singh Palace,4.9,4-Mar,https://upload.wikimedia.org/wikipedia/commons/thumb/3/3a/Chittorgarh_fort.JPG/960px-Chittorgarh_fort.JPG, Ratan Singh Palace or Ratan Singh Mahal is a monument of immense historical importance located on the premises of the Chittorgarh Fort. Tourists are sure to get a glimpse of the lifestyle of the Rajasthani Royalties as they explore the magnificent monument.  ,Heritage
Menal,4.2,4-Mar,https://upload.wikimedia.org/wikipedia/commons/thumb/0/0f/Menal_2.jpg/960px-Menal_2.jpg," Menal is a small village situated in the district of Chittorgarh. The hamlet is a major attraction in Rajasthan because of its ancient temples, traditional architecture, nature and the rich culture of Rajasthan.  ",Heritage
Renuka Lake,3.7,4-Mar,https://upload.wikimedia.org/wikipedia/commons/thumb/0/08/Renuka_Lake%2C_Himachal_Pradesh.JPG/960px-Renuka_Lake%2C_Himachal_Pradesh.JPG," Located just 38 kilometres away from Nahan, the Renuka Lake is the perfect place to visit for people who are into nature and the solace it offers. Unlike other lakes in the area that is famous for their pristine beauty and surroundings, the Renuka Lake is renowned for its cultural history. Not only is this the largest natural lake in Himachal Pradesh regarding area (the lake covers a circumference of about 3214 meters); this fantastic water body is shaped in the form of a reclining woman, and hence is considered to be a personification of the Goddess Renuka. Other than its cultural and religious significance, the lake also offers breathtaking views to visitors who reach the ridge of the lake after passing through dense alpine forests. ",Hill Station
Suketi Fossil Park,3.1,4-Mar,https://upload.wikimedia.org/wikipedia/commons/thumb/6/6e/ExtinctElephant-SiwalikHills.JPG/960px-ExtinctElephant-SiwalikHills.JPG," This theme park is for the life science and fossil fanatics. Almost 21 km away from Nahan, Suketi Fossil Park is a first one of a kind park in Asia and is established on the actual site of fossil discovery. ",Other
Churdhar Peak,3.1,5-Apr,https://upload.wikimedia.org/wikipedia/commons/thumb/a/ad/Churdhar%2C_Sirmour_%28Himachal_Pradesh%29.jpg/960px-Churdhar%2C_Sirmour_%28Himachal_Pradesh%29.jpg," A treat for trekking and rock climbing buffs, Churdhar Peak at a height of 3650 m above sea level is a 50km trek. Covered with verdant forests and fields, one can approach this peak from Dadahu, Sangrah, Bhawal, Gandhuri and Nauhra. ",Beach
Dhaula Kuan,3.1,4-Mar,https://upload.wikimedia.org/wikipedia/commons/thumb/2/2e/Dhaula_Kuan%2CDelhi.jpg/600px-Dhaula_Kuan%2CDelhi.jpg," This spot has a lot of appeal attached to it. One of the major tourist attractions, Dhaula Kuan is packed with numerous orchards housing plants of citrus fruits and mango trees. ",Other
Rani Tal,3.1,5-Apr,https://upload.wikimedia.org/wikipedia/commons/thumb/5/55/Ranitaal1.JPG/960px-Ranitaal1.JPG, Rani Tal is a nature's treat that is also known for its royal past. This place with its calm and serene surroundings is ideal for picnic while enjoying a boat ride in lake. ,Nature
Chaugan Road,3.1,3-Feb,https://upload.wikimedia.org/wikipedia/commons/thumb/7/70/Chamba_from_across_the_river%2C_Himachal_Pradesh.jpg/960px-Chamba_from_across_the_river%2C_Himachal_Pradesh.jpg," Chaugan road serves as one of the best places to shop in Nahan, replete with the flavor of local sights and sounds. ",Other
Lakeside Promenade,4.4,5-Apr,https://upload.wikimedia.org/wikipedia/commons/thumb/7/70/Luzern_asv2022-10_Grand_Hotel_National_img1.jpg/960px-Luzern_asv2022-10_Grand_Hotel_National_img1.jpg, Lakeside Promenade is a tourist attraction in the privately modelled city of Lavasa near Pune in the Western Ghats. The promenade has a variety of eateries and food options. It alsoo facilitates boating. The place is also ideal for cycling or simply strolling around. ,Nature
Temghar Dam,3.1,4-Mar,https://upload.wikimedia.org/wikipedia/commons/thumb/c/c0/Temghar_Reservoir.JPG/960px-Temghar_Reservoir.JPG," Temghar Dam is a massive dam built on the river Muthu 40 kms from Pune. A major source of water supply to the city, the dam also offers an enticing panoramic view of the Temghar reservoir and the city. The beautiful site is used as a local picnic spot both by the tourists and the locals. ",Nature
